asof,asof_quarter,horizon,target_quarter,call,grade,made_call,pred_delta,real_delta,pred_dir,real_dir,hit,conviction_pp,covid_target,consumer_stretched
2017-01-31,2017Q1,0,2017Q1,growth_yoy,call,True,-0.28426945720958496,-0.09410460885972416,decelerating,decelerating,1.0,0.28426945720958496,False,False
2017-01-31,2017Q1,0,2017Q1,growth_qoq,call,True,-0.2605984788479458,-0.06740890270671152,decelerating,decelerating,1.0,0.2605984788479458,False,False
2017-01-31,2017Q1,0,2017Q1,inflation_yoy,call,True,0.8110563598439982,0.7802979721370489,accelerating,accelerating,1.0,0.8110563598439982,False,False
2017-01-31,2017Q1,0,2017Q1,inflation_qoq,call,True,0.09928861921291166,0.06895808175360063,accelerating,accelerating,1.0,0.09928861921291166,False,False
2017-01-31,2017Q1,1,2017Q2,growth_yoy,call,True,0.0151333282043975,0.2429520995615997,accelerating,accelerating,1.0,0.0151333282043975,False,False
2017-01-31,2017Q1,1,2017Q2,growth_qoq,lean,True,0.5950597883852327,0.07298235226935734,accelerating,accelerating,1.0,0.5950597883852327,False,False
2017-01-31,2017Q1,1,2017Q2,inflation_yoy,call,True,-0.208733998839302,-0.6962729391697249,decelerating,decelerating,1.0,0.208733998839302,False,False
2017-01-31,2017Q1,1,2017Q2,inflation_qoq,call,True,-0.13937977225659814,-0.5883637843055789,decelerating,decelerating,1.0,0.13937977225659814,False,False
2017-01-31,2017Q1,2,2017Q3,growth_yoy,call,True,-0.5250976451014466,0.08040761841630051,decelerating,accelerating,0.0,0.5250976451014466,False,False
2017-01-31,2017Q1,2,2017Q3,growth_qoq,abstain,False,,0.22865156824358746,no call,accelerating,,,False,False
2017-01-31,2017Q1,2,2017Q3,inflation_yoy,call,True,0.17235019646294125,0.053553896562756,accelerating,accelerating,1.0,0.17235019646294125,False,False
2017-01-31,2017Q1,2,2017Q3,inflation_qoq,call,True,-0.001147278859225942,0.3626667512592441,decelerating,accelerating,0.0,0.001147278859225942,False,False
2017-01-31,2017Q1,3,2017Q4,growth_yoy,call,True,-0.6061485021124691,0.5833220845871789,decelerating,accelerating,0.0,0.6061485021124691,False,False
2017-01-31,2017Q1,3,2017Q4,growth_qoq,abstain,False,,0.3385224962145772,no call,accelerating,,,False,False
2017-01-31,2017Q1,3,2017Q4,inflation_yoy,call,True,-0.04625223568627668,0.16312939955184613,decelerating,accelerating,0.0,0.04625223568627668,False,False
2017-01-31,2017Q1,3,2017Q4,inflation_qoq,call,True,-0.00409039882669493,0.3174870925466866,decelerating,accelerating,0.0,0.00409039882669493,False,False
2017-01-31,2017Q1,4,2018Q1,growth_yoy,call,True,0.13626954638576994,0.3346665979973462,accelerating,accelerating,1.0,0.13626954638576994,False,False
2017-01-31,2017Q1,4,2018Q1,growth_qoq,abstain,False,,-0.31363682495104683,no call,decelerating,,,False,False
2017-01-31,2017Q1,4,2018Q1,inflation_yoy,call,True,-0.14817488792269184,0.1408517422751463,decelerating,accelerating,0.0,0.14817488792269184,False,False
2017-01-31,2017Q1,4,2018Q1,inflation_qoq,call,True,-0.0009579306265550258,0.047111037814961954,decelerating,accelerating,0.0,0.0009579306265550258,False,False
2017-02-28,2017Q1,0,2017Q1,growth_yoy,call,True,-0.10256602812033222,-0.09410460885972416,decelerating,decelerating,1.0,0.10256602812033222,False,False
2017-02-28,2017Q1,0,2017Q1,growth_qoq,call,True,-0.2605984788479458,-0.06740890270671152,decelerating,decelerating,1.0,0.2605984788479458,False,False
2017-02-28,2017Q1,0,2017Q1,inflation_yoy,call,True,0.8318453042364486,0.7802979721370489,accelerating,accelerating,1.0,0.8318453042364486,False,False
2017-02-28,2017Q1,0,2017Q1,inflation_qoq,call,True,0.11969852254194446,0.06895808175360063,accelerating,accelerating,1.0,0.11969852254194446,False,False
2017-02-28,2017Q1,1,2017Q2,growth_yoy,call,True,0.015159856683921724,0.2429520995615997,accelerating,accelerating,1.0,0.015159856683921724,False,False
2017-02-28,2017Q1,1,2017Q2,growth_qoq,lean,True,0.5950597883852327,0.07298235226935734,accelerating,accelerating,1.0,0.5950597883852327,False,False
2017-02-28,2017Q1,1,2017Q2,inflation_yoy,call,True,-0.20706543003096511,-0.6962729391697249,decelerating,decelerating,1.0,0.20706543003096511,False,False
2017-02-28,2017Q1,1,2017Q2,inflation_qoq,call,True,-0.15809268556492562,-0.5883637843055789,decelerating,decelerating,1.0,0.15809268556492562,False,False
2017-02-28,2017Q1,2,2017Q3,growth_yoy,call,True,-0.5260181327785496,0.08040761841630051,decelerating,accelerating,0.0,0.5260181327785496,False,False
2017-02-28,2017Q1,2,2017Q3,growth_qoq,abstain,False,,0.22865156824358746,no call,accelerating,,,False,False
2017-02-28,2017Q1,2,2017Q3,inflation_yoy,call,True,0.20097638801660844,0.053553896562756,accelerating,accelerating,1.0,0.20097638801660844,False,False
2017-02-28,2017Q1,2,2017Q3,inflation_qoq,call,True,0.025174224903201647,0.3626667512592441,accelerating,accelerating,1.0,0.025174224903201647,False,False
2017-02-28,2017Q1,3,2017Q4,growth_yoy,call,True,-0.6072110706306866,0.5833220845871789,decelerating,accelerating,0.0,0.6072110706306866,False,False
2017-02-28,2017Q1,3,2017Q4,growth_qoq,abstain,False,,0.3385224962145772,no call,accelerating,,,False,False
2017-02-28,2017Q1,3,2017Q4,inflation_yoy,call,True,-0.0358406076971316,0.16312939955184613,decelerating,accelerating,0.0,0.0358406076971316,False,False
2017-02-28,2017Q1,3,2017Q4,inflation_qoq,call,True,-0.021886104179813515,0.3174870925466866,decelerating,accelerating,0.0,0.021886104179813515,False,False
2017-02-28,2017Q1,4,2018Q1,growth_yoy,call,True,-0.04347735498768657,0.3346665979973462,decelerating,accelerating,0.0,0.04347735498768657,False,False
2017-02-28,2017Q1,4,2018Q1,growth_qoq,abstain,False,,-0.31363682495104683,no call,decelerating,,,False,False
2017-02-28,2017Q1,4,2018Q1,inflation_yoy,call,True,-0.16384096659597747,0.1408517422751463,decelerating,accelerating,0.0,0.16384096659597747,False,False
2017-02-28,2017Q1,4,2018Q1,inflation_qoq,call,True,-0.006061095373799397,0.047111037814961954,decelerating,accelerating,0.0,0.006061095373799397,False,False
2017-03-31,2017Q1,0,2017Q1,growth_yoy,call,True,-0.05262456737631371,-0.09410460885972416,decelerating,decelerating,1.0,0.05262456737631371,False,False
2017-03-31,2017Q1,0,2017Q1,growth_qoq,call,True,-0.2605984788479458,-0.06740890270671152,decelerating,decelerating,1.0,0.2605984788479458,False,False
2017-03-31,2017Q1,0,2017Q1,inflation_yoy,call,True,0.8062916402390654,0.7802979721370489,accelerating,accelerating,1.0,0.8062916402390654,False,False
2017-03-31,2017Q1,0,2017Q1,inflation_qoq,call,True,0.09451647282137099,0.06895808175360063,accelerating,accelerating,1.0,0.09451647282137099,False,False
2017-03-31,2017Q1,1,2017Q2,growth_yoy,call,True,0.015167148076411507,0.2429520995615997,accelerating,accelerating,1.0,0.015167148076411507,False,False
2017-03-31,2017Q1,1,2017Q2,growth_qoq,lean,True,0.5950597883852327,0.07298235226935734,accelerating,accelerating,1.0,0.5950597883852327,False,False
2017-03-31,2017Q1,1,2017Q2,inflation_yoy,call,True,-0.30235589215859004,-0.6962729391697249,decelerating,decelerating,1.0,0.30235589215859004,False,False
2017-03-31,2017Q1,1,2017Q2,inflation_qoq,call,True,-0.22646137740285344,-0.5883637843055789,decelerating,decelerating,1.0,0.22646137740285344,False,False
2017-03-31,2017Q1,2,2017Q3,growth_yoy,call,True,-0.5262711302008949,0.08040761841630051,decelerating,accelerating,0.0,0.5262711302008949,False,False
2017-03-31,2017Q1,2,2017Q3,growth_qoq,abstain,False,,0.22865156824358746,no call,accelerating,,,False,False
2017-03-31,2017Q1,2,2017Q3,inflation_yoy,call,True,0.2168990262708963,0.053553896562756,accelerating,accelerating,1.0,0.2168990262708963,False,False
2017-03-31,2017Q1,2,2017Q3,inflation_qoq,call,True,0.1345858906830033,0.3626667512592441,accelerating,accelerating,1.0,0.1345858906830033,False,False
2017-03-31,2017Q1,3,2017Q4,growth_yoy,call,True,-0.6075031191858926,0.5833220845871789,decelerating,accelerating,0.0,0.6075031191858926,False,False
2017-03-31,2017Q1,3,2017Q4,growth_qoq,abstain,False,,0.3385224962145772,no call,accelerating,,,False,False
2017-03-31,2017Q1,3,2017Q4,inflation_yoy,call,True,-0.018922694020136355,0.16312939955184613,decelerating,accelerating,0.0,0.018922694020136355,False,False
2017-03-31,2017Q1,3,2017Q4,inflation_qoq,call,True,-0.021178543668498584,0.3174870925466866,decelerating,accelerating,0.0,0.021178543668498584,False,False
2017-03-31,2017Q1,4,2018Q1,growth_yoy,call,True,-0.09288106114664352,0.3346665979973462,decelerating,accelerating,0.0,0.09288106114664352,False,False
2017-03-31,2017Q1,4,2018Q1,growth_qoq,abstain,False,,-0.31363682495104683,no call,decelerating,,,False,False
2017-03-31,2017Q1,4,2018Q1,inflation_yoy,call,True,-0.11698774131867484,0.1408517422751463,decelerating,accelerating,0.0,0.11698774131867484,False,False
2017-03-31,2017Q1,4,2018Q1,inflation_qoq,call,True,-0.001850729585317623,0.047111037814961954,decelerating,accelerating,0.0,0.001850729585317623,False,False
2017-04-30,2017Q2,0,2017Q2,growth_yoy,call,True,-0.040285701128284224,0.2429520995615997,decelerating,accelerating,0.0,0.040285701128284224,False,False
2017-04-30,2017Q2,0,2017Q2,growth_qoq,split,True,-0.06065806169835275,0.07298235226935734,decelerating,accelerating,0.0,0.06065806169835275,False,False
2017-04-30,2017Q2,0,2017Q2,inflation_yoy,call,True,-0.34097488432580647,-0.6962729391697249,decelerating,decelerating,1.0,0.34097488432580647,False,False
2017-04-30,2017Q2,0,2017Q2,inflation_qoq,call,True,-0.23887698867881557,-0.5883637843055789,decelerating,decelerating,1.0,0.23887698867881557,False,False
2017-04-30,2017Q2,1,2017Q3,growth_yoy,call,True,-0.40897512496458344,0.08040761841630051,decelerating,accelerating,0.0,0.40897512496458344,False,False
2017-04-30,2017Q2,1,2017Q3,growth_qoq,lean,True,-0.2096099566722076,0.22865156824358746,decelerating,accelerating,0.0,0.2096099566722076,False,False
2017-04-30,2017Q2,1,2017Q3,inflation_yoy,call,True,0.2270673650109467,0.053553896562756,accelerating,accelerating,1.0,0.2270673650109467,False,False
2017-04-30,2017Q2,1,2017Q3,inflation_qoq,call,True,0.18268124574478684,0.3626667512592441,accelerating,accelerating,1.0,0.18268124574478684,False,False
2017-04-30,2017Q2,2,2017Q4,growth_yoy,call,True,-0.41877539016437204,0.5833220845871789,decelerating,accelerating,0.0,0.41877539016437204,False,False
2017-04-30,2017Q2,2,2017Q4,growth_qoq,abstain,False,,0.3385224962145772,no call,accelerating,,,False,False
2017-04-30,2017Q2,2,2017Q4,inflation_yoy,call,True,-0.007353192240514783,0.16312939955184613,decelerating,accelerating,0.0,0.007353192240514783,False,False
2017-04-30,2017Q2,2,2017Q4,inflation_qoq,call,True,-0.01994812163708115,0.3174870925466866,decelerating,accelerating,0.0,0.01994812163708115,False,False
2017-04-30,2017Q2,3,2018Q1,growth_yoy,call,True,0.21335848972201532,0.3346665979973462,accelerating,accelerating,1.0,0.21335848972201532,False,False
2017-04-30,2017Q2,3,2018Q1,growth_qoq,abstain,False,,-0.31363682495104683,no call,decelerating,,,False,False
2017-04-30,2017Q2,3,2018Q1,inflation_yoy,call,True,-0.07577015714180435,0.1408517422751463,decelerating,accelerating,0.0,0.07577015714180435,False,False
2017-04-30,2017Q2,3,2018Q1,inflation_qoq,call,True,0.0016971209275684629,0.047111037814961954,accelerating,accelerating,1.0,0.0016971209275684629,False,False
2017-04-30,2017Q2,4,2018Q2,growth_yoy,call,True,0.12616650948140684,-0.029847248237091506,accelerating,decelerating,0.0,0.12616650948140684,False,False
2017-04-30,2017Q2,4,2018Q2,growth_qoq,abstain,False,,-0.2825846608052629,no call,decelerating,,,False,False
2017-04-30,2017Q2,4,2018Q2,inflation_yoy,call,True,0.19984601702889293,0.4382436799120235,accelerating,accelerating,1.0,0.19984601702889293,False,False
2017-04-30,2017Q2,4,2018Q2,inflation_qoq,call,True,0.031628876398026584,-0.2982312149923949,accelerating,decelerating,0.0,0.031628876398026584,False,False
2017-05-31,2017Q2,0,2017Q2,growth_yoy,call,True,0.2935088156292398,0.2429520995615997,accelerating,accelerating,1.0,0.2935088156292398,False,False
2017-05-31,2017Q2,0,2017Q2,growth_qoq,split,True,-0.06065806169835275,0.07298235226935734,decelerating,accelerating,0.0,0.06065806169835275,False,False
2017-05-31,2017Q2,0,2017Q2,inflation_yoy,call,True,-0.5519636921642888,-0.6962729391697249,decelerating,decelerating,1.0,0.5519636921642888,False,False
2017-05-31,2017Q2,0,2017Q2,inflation_qoq,call,True,-0.4463216117549962,-0.5883637843055789,decelerating,decelerating,1.0,0.4463216117549962,False,False
2017-05-31,2017Q2,1,2017Q3,growth_yoy,call,True,-0.4102998836342575,0.08040761841630051,decelerating,accelerating,0.0,0.4102998836342575,False,False
2017-05-31,2017Q2,1,2017Q3,growth_qoq,lean,True,-0.2096099566722076,0.22865156824358746,decelerating,accelerating,0.0,0.2096099566722076,False,False
2017-05-31,2017Q2,1,2017Q3,inflation_yoy,call,True,0.17282565697489538,0.053553896562756,accelerating,accelerating,1.0,0.17282565697489538,False,False
2017-05-31,2017Q2,1,2017Q3,inflation_qoq,call,True,0.3373342453439454,0.3626667512592441,accelerating,accelerating,1.0,0.3373342453439454,False,False
2017-05-31,2017Q2,2,2017Q4,growth_yoy,call,True,-0.42013189400751383,0.5833220845871789,decelerating,accelerating,0.0,0.42013189400751383,False,False
2017-05-31,2017Q2,2,2017Q4,growth_qoq,abstain,False,,0.3385224962145772,no call,accelerating,,,False,False
2017-05-31,2017Q2,2,2017Q4,inflation_yoy,call,True,-0.006623687067393469,0.16312939955184613,decelerating,accelerating,0.0,0.006623687067393469,False,False
2017-05-31,2017Q2,2,2017Q4,inflation_qoq,call,True,0.03354335174587941,0.3174870925466866,accelerating,accelerating,1.0,0.03354335174587941,False,False
2017-05-31,2017Q2,3,2018Q1,growth_yoy,call,True,0.21404960390414285,0.3346665979973462,accelerating,accelerating,1.0,0.21404960390414285,False,False
2017-05-31,2017Q2,3,2018Q1,growth_qoq,abstain,False,,-0.31363682495104683,no call,decelerating,,,False,False
2017-05-31,2017Q2,3,2018Q1,inflation_yoy,call,True,-0.07408372033976818,0.1408517422751463,decelerating,accelerating,0.0,0.07408372033976818,False,False
2017-05-31,2017Q2,3,2018Q1,inflation_qoq,call,True,0.0024659843343544097,0.047111037814961954,accelerating,accelerating,1.0,0.0024659843343544097,False,False
2017-05-31,2017Q2,4,2018Q2,growth_yoy,call,True,-0.20563785894545106,-0.029847248237091506,decelerating,decelerating,1.0,0.20563785894545106,False,False
2017-05-31,2017Q2,4,2018Q2,growth_qoq,abstain,False,,-0.2825846608052629,no call,decelerating,,,False,False
2017-05-31,2017Q2,4,2018Q2,inflation_yoy,call,True,0.4164669825447387,0.4382436799120235,accelerating,accelerating,1.0,0.4164669825447387,False,False
2017-05-31,2017Q2,4,2018Q2,inflation_qoq,call,True,0.03552764085834603,-0.2982312149923949,accelerating,decelerating,0.0,0.03552764085834603,False,False
2017-06-30,2017Q2,0,2017Q2,growth_yoy,call,True,0.09871217866412874,0.2429520995615997,accelerating,accelerating,1.0,0.09871217866412874,False,False
2017-06-30,2017Q2,0,2017Q2,growth_qoq,split,True,-0.06065806169835275,0.07298235226935734,decelerating,accelerating,0.0,0.06065806169835275,False,False
2017-06-30,2017Q2,0,2017Q2,inflation_yoy,call,True,-0.6490671641987615,-0.6962729391697249,decelerating,decelerating,1.0,0.6490671641987615,False,False
2017-06-30,2017Q2,0,2017Q2,inflation_qoq,call,True,-0.5418581753712237,-0.5883637843055789,decelerating,decelerating,1.0,0.5418581753712237,False,False
2017-06-30,2017Q2,1,2017Q3,growth_yoy,call,True,-0.4095267776643041,0.08040761841630051,decelerating,accelerating,0.0,0.4095267776643041,False,False
2017-06-30,2017Q2,1,2017Q3,growth_qoq,lean,True,-0.2096099566722076,0.22865156824358746,decelerating,accelerating,0.0,0.2096099566722076,False,False
2017-06-30,2017Q2,1,2017Q3,inflation_yoy,call,True,0.12234856470832622,0.053553896562756,accelerating,accelerating,1.0,0.12234856470832622,False,False
2017-06-30,2017Q2,1,2017Q3,inflation_qoq,call,True,0.38343456703546774,0.3626667512592441,accelerating,accelerating,1.0,0.38343456703546774,False,False
2017-06-30,2017Q2,2,2017Q4,growth_yoy,call,True,-0.41934026211001285,0.5833220845871789,decelerating,accelerating,0.0,0.41934026211001285,False,False
2017-06-30,2017Q2,2,2017Q4,growth_qoq,abstain,False,,0.3385224962145772,no call,accelerating,,,False,False
2017-06-30,2017Q2,2,2017Q4,inflation_yoy,call,True,0.0018103375268196942,0.16312939955184613,accelerating,accelerating,1.0,0.0018103375268196942,False,False
2017-06-30,2017Q2,2,2017Q4,inflation_qoq,call,True,0.09128653374057549,0.3174870925466866,accelerating,accelerating,1.0,0.09128653374057549,False,False
2017-06-30,2017Q2,3,2018Q1,growth_yoy,call,True,0.21364628176525624,0.3346665979973462,accelerating,accelerating,1.0,0.21364628176525624,False,False
2017-06-30,2017Q2,3,2018Q1,growth_qoq,abstain,False,,-0.31363682495104683,no call,decelerating,,,False,False
2017-06-30,2017Q2,3,2018Q1,inflation_yoy,call,True,-0.06327314362191871,0.1408517422751463,decelerating,accelerating,0.0,0.06327314362191871,False,False
2017-06-30,2017Q2,3,2018Q1,inflation_qoq,call,True,0.004723626356417654,0.047111037814961954,accelerating,accelerating,1.0,0.004723626356417654,False,False
2017-06-30,2017Q2,4,2018Q2,growth_yoy,call,True,-0.012002637708907749,-0.029847248237091506,decelerating,decelerating,1.0,0.012002637708907749,False,False
2017-06-30,2017Q2,4,2018Q2,growth_qoq,abstain,False,,-0.2825846608052629,no call,decelerating,,,False,False
2017-06-30,2017Q2,4,2018Q2,inflation_yoy,call,True,0.5270007390920133,0.4382436799120235,accelerating,accelerating,1.0,0.5270007390920133,False,False
2017-06-30,2017Q2,4,2018Q2,inflation_qoq,call,True,0.038052739481186926,-0.2982312149923949,accelerating,decelerating,0.0,0.038052739481186926,False,False
2017-07-31,2017Q3,0,2017Q3,growth_yoy,call,True,-0.10478732673611102,0.08040761841630051,decelerating,accelerating,0.0,0.10478732673611102,False,False
2017-07-31,2017Q3,0,2017Q3,growth_qoq,split,True,-0.00833791216603419,0.22865156824358746,decelerating,accelerating,0.0,0.00833791216603419,False,False
2017-07-31,2017Q3,0,2017Q3,inflation_yoy,call,True,0.011284881253081913,0.053553896562756,accelerating,accelerating,1.0,0.011284881253081913,False,False
2017-07-31,2017Q3,0,2017Q3,inflation_qoq,call,True,0.32065394835174565,0.3626667512592441,accelerating,accelerating,1.0,0.32065394835174565,False,False
2017-07-31,2017Q3,1,2017Q4,growth_yoy,call,True,-0.28033854542446335,0.5833220845871789,decelerating,accelerating,0.0,0.28033854542446335,False,False
2017-07-31,2017Q3,1,2017Q4,growth_qoq,lean,True,0.023944442464274296,0.3385224962145772,accelerating,accelerating,1.0,0.023944442464274296,False,False
2017-07-31,2017Q3,1,2017Q4,inflation_yoy,call,True,0.0038340177282472077,0.16312939955184613,accelerating,accelerating,1.0,0.0038340177282472077,False,False
2017-07-31,2017Q3,1,2017Q4,inflation_qoq,call,True,0.20257453183296636,0.3174870925466866,accelerating,accelerating,1.0,0.20257453183296636,False,False
2017-07-31,2017Q3,2,2018Q1,growth_yoy,call,True,0.1843596454287999,0.3346665979973462,accelerating,accelerating,1.0,0.1843596454287999,False,False
2017-07-31,2017Q3,2,2018Q1,growth_qoq,abstain,False,,-0.31363682495104683,no call,decelerating,,,False,False
2017-07-31,2017Q3,2,2018Q1,inflation_yoy,call,True,-0.05879800642810307,0.1408517422751463,decelerating,accelerating,0.0,0.05879800642810307,False,False
2017-07-31,2017Q3,2,2018Q1,inflation_qoq,call,True,0.007048107464435738,0.047111037814961954,accelerating,accelerating,1.0,0.007048107464435738,False,False
2017-07-31,2017Q3,3,2018Q2,growth_yoy,call,True,-0.02444631545446274,-0.029847248237091506,decelerating,decelerating,1.0,0.02444631545446274,False,False
2017-07-31,2017Q3,3,2018Q2,growth_qoq,abstain,False,,-0.2825846608052629,no call,decelerating,,,False,False
2017-07-31,2017Q3,3,2018Q2,inflation_yoy,call,True,0.5798452584188318,0.4382436799120235,accelerating,accelerating,1.0,0.5798452584188318,False,False
2017-07-31,2017Q3,3,2018Q2,inflation_qoq,call,True,0.03964902425919181,-0.2982312149923949,accelerating,decelerating,0.0,0.03964902425919181,False,False
2017-07-31,2017Q3,4,2018Q3,growth_yoy,call,True,-0.21487445404675398,-0.16893220580334045,decelerating,decelerating,1.0,0.21487445404675398,False,False
2017-07-31,2017Q3,4,2018Q3,growth_qoq,abstain,False,,0.09287228429846195,no call,accelerating,,,False,False
2017-07-31,2017Q3,4,2018Q3,inflation_yoy,call,True,0.26453685822356343,-0.07712161843226628,accelerating,decelerating,0.0,0.26453685822356343,False,False
2017-07-31,2017Q3,4,2018Q3,inflation_qoq,call,True,0.010166807354572427,-0.1425685698416279,accelerating,decelerating,0.0,0.010166807354572427,False,False
2017-08-31,2017Q3,0,2017Q3,growth_yoy,call,True,-0.6270891290037328,0.08040761841630051,decelerating,accelerating,0.0,0.6270891290037328,False,False
2017-08-31,2017Q3,0,2017Q3,growth_qoq,split,True,-0.00833791216603419,0.22865156824358746,decelerating,accelerating,0.0,0.00833791216603419,False,False
2017-08-31,2017Q3,0,2017Q3,inflation_yoy,call,True,-0.032187653321462006,0.053553896562756,decelerating,accelerating,0.0,0.032187653321462006,False,False
2017-08-31,2017Q3,0,2017Q3,inflation_qoq,call,True,0.2779412214503729,0.3626667512592441,accelerating,accelerating,1.0,0.2779412214503729,False,False
2017-08-31,2017Q3,1,2017Q4,growth_yoy,call,True,-0.27891494837668507,0.5833220845871789,decelerating,accelerating,0.0,0.27891494837668507,False,False
2017-08-31,2017Q3,1,2017Q4,growth_qoq,lean,True,0.023944442464274296,0.3385224962145772,accelerating,accelerating,1.0,0.023944442464274296,False,False
2017-08-31,2017Q3,1,2017Q4,inflation_yoy,call,True,0.07570799632856673,0.16312939955184613,accelerating,accelerating,1.0,0.07570799632856673,False,False
2017-08-31,2017Q3,1,2017Q4,inflation_qoq,call,True,0.31616846308759605,0.3174870925466866,accelerating,accelerating,1.0,0.31616846308759605,False,False
2017-08-31,2017Q3,2,2018Q1,growth_yoy,call,True,0.18342344221577989,0.3346665979973462,accelerating,accelerating,1.0,0.18342344221577989,False,False
2017-08-31,2017Q3,2,2018Q1,growth_qoq,abstain,False,,-0.31363682495104683,no call,decelerating,,,False,False
2017-08-31,2017Q3,2,2018Q1,inflation_yoy,call,True,-0.04830641838188643,0.1408517422751463,decelerating,accelerating,0.0,0.04830641838188643,False,False
2017-08-31,2017Q3,2,2018Q1,inflation_qoq,call,True,-0.05345455817125089,0.047111037814961954,decelerating,accelerating,0.0,0.05345455817125089,False,False
2017-08-31,2017Q3,3,2018Q2,growth_yoy,call,True,-0.024322173758362098,-0.029847248237091506,decelerating,decelerating,1.0,0.024322173758362098,False,False
2017-08-31,2017Q3,3,2018Q2,growth_qoq,abstain,False,,-0.2825846608052629,no call,decelerating,,,False,False
2017-08-31,2017Q3,3,2018Q2,inflation_yoy,call,True,0.5923610105888228,0.4382436799120235,accelerating,accelerating,1.0,0.5923610105888228,False,False
2017-08-31,2017Q3,3,2018Q2,inflation_qoq,call,True,0.04134948497378499,-0.2982312149923949,accelerating,decelerating,0.0,0.04134948497378499,False,False
2017-08-31,2017Q3,4,2018Q3,growth_yoy,call,True,0.3068158126900089,-0.16893220580334045,accelerating,decelerating,0.0,0.3068158126900089,False,False
2017-08-31,2017Q3,4,2018Q3,growth_qoq,abstain,False,,0.09287228429846195,no call,accelerating,,,False,False
2017-08-31,2017Q3,4,2018Q3,inflation_yoy,call,True,0.3225456037271832,-0.07712161843226628,accelerating,decelerating,0.0,0.3225456037271832,False,False
2017-08-31,2017Q3,4,2018Q3,inflation_qoq,call,True,0.011765251400563947,-0.1425685698416279,accelerating,decelerating,0.0,0.011765251400563947,False,False
2017-09-30,2017Q3,0,2017Q3,growth_yoy,call,True,-0.5345827662496694,0.08040761841630051,decelerating,accelerating,0.0,0.5345827662496694,False,False
2017-09-30,2017Q3,0,2017Q3,growth_qoq,split,True,-0.00833791216603419,0.22865156824358746,decelerating,accelerating,0.0,0.00833791216603419,False,False
2017-09-30,2017Q3,0,2017Q3,inflation_yoy,call,True,0.09893881876102584,0.053553896562756,accelerating,accelerating,1.0,0.09893881876102584,False,False
2017-09-30,2017Q3,0,2017Q3,inflation_qoq,call,True,0.4075043475073592,0.3626667512592441,accelerating,accelerating,1.0,0.4075043475073592,False,False
2017-09-30,2017Q3,1,2017Q4,growth_yoy,call,True,-0.27916708571249504,0.5833220845871789,decelerating,accelerating,0.0,0.27916708571249504,False,False
2017-09-30,2017Q3,1,2017Q4,growth_qoq,lean,True,0.023944442464274296,0.3385224962145772,accelerating,accelerating,1.0,0.023944442464274296,False,False
2017-09-30,2017Q3,1,2017Q4,inflation_yoy,call,True,0.3607799290471281,0.16312939955184613,accelerating,accelerating,1.0,0.3607799290471281,False,False
2017-09-30,2017Q3,1,2017Q4,inflation_qoq,call,True,0.4674693656859352,0.3174870925466866,accelerating,accelerating,1.0,0.4674693656859352,False,False
2017-09-30,2017Q3,2,2018Q1,growth_yoy,call,True,0.18358925583856767,0.3346665979973462,accelerating,accelerating,1.0,0.18358925583856767,False,False
2017-09-30,2017Q3,2,2018Q1,growth_qoq,abstain,False,,-0.31363682495104683,no call,decelerating,,,False,False
2017-09-30,2017Q3,2,2018Q1,inflation_yoy,call,True,-0.04497400041711197,0.1408517422751463,decelerating,accelerating,0.0,0.04497400041711197,False,False
2017-09-30,2017Q3,2,2018Q1,inflation_qoq,call,True,-0.33084650718469,0.047111037814961954,decelerating,accelerating,0.0,0.33084650718469,False,False
2017-09-30,2017Q3,3,2018Q2,growth_yoy,call,True,-0.024344160848421836,-0.029847248237091506,decelerating,decelerating,1.0,0.024344160848421836,False,False
2017-09-30,2017Q3,3,2018Q2,growth_qoq,abstain,False,,-0.2825846608052629,no call,decelerating,,,False,False
2017-09-30,2017Q3,3,2018Q2,inflation_yoy,call,True,0.5999300900814797,0.4382436799120235,accelerating,accelerating,1.0,0.5999300900814797,False,False
2017-09-30,2017Q3,3,2018Q2,inflation_qoq,call,True,0.04289701410906677,-0.2982312149923949,accelerating,decelerating,0.0,0.04289701410906677,False,False
2017-09-30,2017Q3,4,2018Q3,growth_yoy,call,True,0.2144177607390274,-0.16893220580334045,accelerating,decelerating,0.0,0.2144177607390274,False,False
2017-09-30,2017Q3,4,2018Q3,growth_qoq,abstain,False,,0.09287228429846195,no call,accelerating,,,False,False
2017-09-30,2017Q3,4,2018Q3,inflation_yoy,call,True,0.19728967943837983,-0.07712161843226628,accelerating,decelerating,0.0,0.19728967943837983,False,False
2017-09-30,2017Q3,4,2018Q3,inflation_qoq,call,True,0.012234635523422632,-0.1425685698416279,accelerating,decelerating,0.0,0.012234635523422632,False,False
2017-10-31,2017Q4,0,2017Q4,growth_yoy,call,True,-0.5338233759052624,0.5833220845871789,decelerating,accelerating,0.0,0.5338233759052624,False,False
2017-10-31,2017Q4,0,2017Q4,growth_qoq,split,True,0.06028449642147979,0.3385224962145772,accelerating,accelerating,1.0,0.06028449642147979,False,False
2017-10-31,2017Q4,0,2017Q4,inflation_yoy,call,True,0.16550468823359776,0.16312939955184613,accelerating,accelerating,1.0,0.16550468823359776,False,False
2017-10-31,2017Q4,0,2017Q4,inflation_qoq,call,True,0.3198114284542086,0.3174870925466866,accelerating,accelerating,1.0,0.3198114284542086,False,False
2017-10-31,2017Q4,1,2018Q1,growth_yoy,call,True,0.15912379220492934,0.3346665979973462,accelerating,accelerating,1.0,0.15912379220492934,False,False
2017-10-31,2017Q4,1,2018Q1,growth_qoq,lean,True,-0.2823958645236213,-0.31363682495104683,decelerating,decelerating,1.0,0.2823958645236213,False,False
2017-10-31,2017Q4,1,2018Q1,inflation_yoy,call,True,-0.032155295302101816,0.1408517422751463,decelerating,accelerating,0.0,0.032155295302101816,False,False
2017-10-31,2017Q4,1,2018Q1,inflation_qoq,call,True,-0.12581721649553845,0.047111037814961954,decelerating,accelerating,0.0,0.12581721649553845,False,False
2017-10-31,2017Q4,2,2018Q2,growth_yoy,call,True,-0.007926608756236853,-0.029847248237091506,decelerating,decelerating,1.0,0.007926608756236853,False,False
2017-10-31,2017Q4,2,2018Q2,growth_qoq,abstain,False,,-0.2825846608052629,no call,decelerating,,,False,False
2017-10-31,2017Q4,2,2018Q2,inflation_yoy,call,True,0.60861248937664,0.4382436799120235,accelerating,accelerating,1.0,0.60861248937664,False,False
2017-10-31,2017Q4,2,2018Q2,inflation_qoq,call,True,0.04018749916299136,-0.2982312149923949,accelerating,decelerating,0.0,0.04018749916299136,False,False
2017-10-31,2017Q4,3,2018Q3,growth_yoy,call,True,0.28663972847828845,-0.16893220580334045,accelerating,decelerating,0.0,0.28663972847828845,False,False
2017-10-31,2017Q4,3,2018Q3,growth_qoq,abstain,False,,0.09287228429846195,no call,accelerating,,,False,False
2017-10-31,2017Q4,3,2018Q3,inflation_yoy,call,True,0.24990488498638896,-0.07712161843226628,accelerating,decelerating,0.0,0.24990488498638896,False,False
2017-10-31,2017Q4,3,2018Q3,inflation_qoq,call,True,0.009740608599861922,-0.1425685698416279,accelerating,decelerating,0.0,0.009740608599861922,False,False
2017-10-31,2017Q4,4,2018Q4,growth_yoy,call,True,0.3508477842313562,-1.004919889234146,accelerating,decelerating,0.0,0.3508477842313562,False,False
2017-10-31,2017Q4,4,2018Q4,growth_qoq,abstain,False,,-0.48205320619572056,no call,decelerating,,,False,False
2017-10-31,2017Q4,4,2018Q4,inflation_yoy,call,True,-0.0796796494291434,-0.3957872653396941,decelerating,decelerating,1.0,0.0796796494291434,False,False
2017-10-31,2017Q4,4,2018Q4,inflation_qoq,call,True,-0.0014769867145103532,0.005278572516287383,decelerating,accelerating,0.0,0.0014769867145103532,False,False
2017-11-30,2017Q4,0,2017Q4,growth_yoy,call,True,0.23447876678330815,0.5833220845871789,accelerating,accelerating,1.0,0.23447876678330815,False,False
2017-11-30,2017Q4,0,2017Q4,growth_qoq,split,True,0.06028449642147979,0.3385224962145772,accelerating,accelerating,1.0,0.06028449642147979,False,False
2017-11-30,2017Q4,0,2017Q4,inflation_yoy,call,True,0.23426348944875675,0.16312939955184613,accelerating,accelerating,1.0,0.23426348944875675,False,False
2017-11-30,2017Q4,0,2017Q4,inflation_qoq,call,True,0.3877649899888702,0.3174870925466866,accelerating,accelerating,1.0,0.3877649899888702,False,False
2017-11-30,2017Q4,1,2018Q1,growth_yoy,call,True,0.16032605445790438,0.3346665979973462,accelerating,accelerating,1.0,0.16032605445790438,False,False
2017-11-30,2017Q4,1,2018Q1,growth_qoq,lean,True,-0.2823958645236213,-0.31363682495104683,decelerating,decelerating,1.0,0.2823958645236213,False,False
2017-11-30,2017Q4,1,2018Q1,inflation_yoy,call,True,0.003724558920659149,0.1408517422751463,accelerating,accelerating,1.0,0.003724558920659149,False,False
2017-11-30,2017Q4,1,2018Q1,inflation_qoq,call,True,-0.15846798357237457,0.047111037814961954,decelerating,accelerating,0.0,0.15846798357237457,False,False
2017-11-30,2017Q4,2,2018Q2,growth_yoy,call,True,-0.007986498370304851,-0.029847248237091506,decelerating,decelerating,1.0,0.007986498370304851,False,False
2017-11-30,2017Q4,2,2018Q2,growth_qoq,abstain,False,,-0.2825846608052629,no call,decelerating,,,False,False
2017-11-30,2017Q4,2,2018Q2,inflation_yoy,call,True,0.5915745646223032,0.4382436799120235,accelerating,accelerating,1.0,0.5915745646223032,False,False
2017-11-30,2017Q4,2,2018Q2,inflation_qoq,call,True,-0.012417402711606407,-0.2982312149923949,decelerating,decelerating,1.0,0.012417402711606407,False,False
2017-11-30,2017Q4,3,2018Q3,growth_yoy,call,True,0.2888054393438644,-0.16893220580334045,accelerating,decelerating,0.0,0.2888054393438644,False,False
2017-11-30,2017Q4,3,2018Q3,growth_qoq,abstain,False,,0.09287228429846195,no call,accelerating,,,False,False
2017-11-30,2017Q4,3,2018Q3,inflation_yoy,call,True,0.2320252990627587,-0.07712161843226628,accelerating,decelerating,0.0,0.2320252990627587,False,False
2017-11-30,2017Q4,3,2018Q3,inflation_qoq,call,True,0.00933622832193226,-0.1425685698416279,accelerating,decelerating,0.0,0.00933622832193226,False,False
2017-11-30,2017Q4,4,2018Q4,growth_yoy,call,True,-0.4207624419617195,-1.004919889234146,decelerating,decelerating,1.0,0.4207624419617195,False,False
2017-11-30,2017Q4,4,2018Q4,growth_qoq,abstain,False,,-0.48205320619572056,no call,decelerating,,,False,False
2017-11-30,2017Q4,4,2018Q4,inflation_yoy,call,True,-0.16793716190413832,-0.3957872653396941,decelerating,decelerating,1.0,0.16793716190413832,False,False
2017-11-30,2017Q4,4,2018Q4,inflation_qoq,call,True,-0.0023808261127467034,0.005278572516287383,decelerating,accelerating,0.0,0.0023808261127467034,False,False
2017-12-31,2017Q4,0,2017Q4,growth_yoy,call,True,0.240704194607555,0.5833220845871789,accelerating,accelerating,1.0,0.240704194607555,False,False
2017-12-31,2017Q4,0,2017Q4,growth_qoq,split,True,0.06028449642147979,0.3385224962145772,accelerating,accelerating,1.0,0.06028449642147979,False,False
2017-12-31,2017Q4,0,2017Q4,inflation_yoy,call,True,0.14363883004833888,0.16312939955184613,accelerating,accelerating,1.0,0.14363883004833888,False,False
2017-12-31,2017Q4,0,2017Q4,inflation_qoq,call,True,0.2982070927398217,0.3174870925466866,accelerating,accelerating,1.0,0.2982070927398217,False,False
2017-12-31,2017Q4,1,2018Q1,growth_yoy,call,True,0.1603357961942331,0.3346665979973462,accelerating,accelerating,1.0,0.1603357961942331,False,False
2017-12-31,2017Q4,1,2018Q1,growth_qoq,lean,True,-0.2823958645236213,-0.31363682495104683,decelerating,decelerating,1.0,0.2823958645236213,False,False
2017-12-31,2017Q4,1,2018Q1,inflation_yoy,call,True,-0.0655328513923692,0.1408517422751463,decelerating,accelerating,0.0,0.0655328513923692,False,False
2017-12-31,2017Q4,1,2018Q1,inflation_qoq,call,True,-0.13712609430873712,0.047111037814961954,decelerating,accelerating,0.0,0.13712609430873712,False,False
2017-12-31,2017Q4,2,2018Q2,growth_yoy,call,True,-0.007986983646146584,-0.029847248237091506,decelerating,decelerating,1.0,0.007986983646146584,False,False
2017-12-31,2017Q4,2,2018Q2,growth_qoq,abstain,False,,-0.2825846608052629,no call,decelerating,,,False,False
2017-12-31,2017Q4,2,2018Q2,inflation_yoy,call,True,0.600370019996229,0.4382436799120235,accelerating,accelerating,1.0,0.600370019996229,False,False
2017-12-31,2017Q4,2,2018Q2,inflation_qoq,call,True,0.06533665363419594,-0.2982312149923949,accelerating,decelerating,0.0,0.06533665363419594,False,False
2017-12-31,2017Q4,3,2018Q3,growth_yoy,call,True,0.28882298774823845,-0.16893220580334045,accelerating,decelerating,0.0,0.28882298774823845,False,False
2017-12-31,2017Q4,3,2018Q3,growth_qoq,abstain,False,,0.09287228429846195,no call,accelerating,,,False,False
2017-12-31,2017Q4,3,2018Q3,inflation_yoy,call,True,0.24184833465436384,-0.07712161843226628,accelerating,decelerating,0.0,0.24184833465436384,False,False
2017-12-31,2017Q4,3,2018Q3,inflation_qoq,call,True,0.009760004996572924,-0.1425685698416279,accelerating,decelerating,0.0,0.009760004996572924,False,False
2017-12-31,2017Q4,4,2018Q4,growth_yoy,call,True,-0.4270146746508052,-1.004919889234146,decelerating,decelerating,1.0,0.4270146746508052,False,False
2017-12-31,2017Q4,4,2018Q4,growth_qoq,abstain,False,,-0.48205320619572056,no call,decelerating,,,False,False
2017-12-31,2017Q4,4,2018Q4,inflation_yoy,call,True,-0.06454919887729949,-0.3957872653396941,decelerating,decelerating,1.0,0.06454919887729949,False,False
2017-12-31,2017Q4,4,2018Q4,inflation_qoq,call,True,-0.0005410442148079397,0.005278572516287383,decelerating,accelerating,0.0,0.0005410442148079397,False,False
2018-01-31,2018Q1,0,2018Q1,growth_yoy,call,True,0.5963589244848855,0.3346665979973462,accelerating,accelerating,1.0,0.5963589244848855,False,False
2018-01-31,2018Q1,0,2018Q1,growth_qoq,call,True,-0.42280699662327237,-0.31363682495104683,decelerating,decelerating,1.0,0.42280699662327237,False,False
2018-01-31,2018Q1,0,2018Q1,inflation_yoy,call,True,0.08688118654625043,0.1408517422751463,accelerating,accelerating,1.0,0.08688118654625043,False,False
2018-01-31,2018Q1,0,2018Q1,inflation_qoq,call,True,-0.00611322370269729,0.047111037814961954,decelerating,accelerating,0.0,0.00611322370269729,False,False
2018-01-31,2018Q1,1,2018Q2,growth_yoy,call,True,0.0035380375226212735,-0.029847248237091506,accelerating,decelerating,0.0,0.0035380375226212735,False,False
2018-01-31,2018Q1,1,2018Q2,growth_qoq,lean,True,0.4658508249843596,-0.2825846608052629,accelerating,decelerating,0.0,0.4658508249843596,False,False
2018-01-31,2018Q1,1,2018Q2,inflation_yoy,call,True,0.6196149974994292,0.4382436799120235,accelerating,accelerating,1.0,0.6196149974994292,False,False
2018-01-31,2018Q1,1,2018Q2,inflation_qoq,call,True,-0.06709613737352349,-0.2982312149923949,decelerating,decelerating,1.0,0.06709613737352349,False,False
2018-01-31,2018Q1,2,2018Q3,growth_yoy,call,True,0.1418092424228412,-0.16893220580334045,accelerating,decelerating,0.0,0.1418092424228412,False,False
2018-01-31,2018Q1,2,2018Q3,growth_qoq,abstain,False,,0.09287228429846195,no call,accelerating,,,False,False
2018-01-31,2018Q1,2,2018Q3,inflation_yoy,call,True,0.26400737585144585,-0.07712161843226628,accelerating,decelerating,0.0,0.26400737585144585,False,False
2018-01-31,2018Q1,2,2018Q3,inflation_qoq,call,True,0.013137807227958653,-0.1425685698416279,accelerating,decelerating,0.0,0.013137807227958653,False,False
2018-01-31,2018Q1,3,2018Q4,growth_yoy,call,True,-0.4764636317908799,-1.004919889234146,decelerating,decelerating,1.0,0.4764636317908799,False,False
2018-01-31,2018Q1,3,2018Q4,growth_qoq,abstain,False,,-0.48205320619572056,no call,decelerating,,,False,False
2018-01-31,2018Q1,3,2018Q4,inflation_yoy,call,True,-0.058456462430167555,-0.3957872653396941,decelerating,decelerating,1.0,0.058456462430167555,False,False
2018-01-31,2018Q1,3,2018Q4,inflation_qoq,call,True,0.0035351914885906055,0.005278572516287383,accelerating,accelerating,1.0,0.0035351914885906055,False,False
2018-01-31,2018Q1,4,2019Q1,growth_yoy,call,True,-0.45100605743655375,-0.19155202488416734,decelerating,decelerating,1.0,0.45100605743655375,False,False
2018-01-31,2018Q1,4,2019Q1,growth_qoq,abstain,False,,0.4826738633308958,no call,accelerating,,,False,False
2018-01-31,2018Q1,4,2019Q1,inflation_yoy,call,True,-0.04895795264724789,-0.5840349026527376,decelerating,decelerating,1.0,0.04895795264724789,False,False
2018-01-31,2018Q1,4,2019Q1,inflation_qoq,call,True,0.0025314001215193116,-0.14014887681546018,accelerating,decelerating,0.0,0.0025314001215193116,False,False
2018-02-28,2018Q1,0,2018Q1,growth_yoy,call,True,-0.1676786413019382,0.3346665979973462,decelerating,accelerating,0.0,0.1676786413019382,False,False
2018-02-28,2018Q1,0,2018Q1,growth_qoq,call,True,-0.42280699662327237,-0.31363682495104683,decelerating,decelerating,1.0,0.42280699662327237,False,False
2018-02-28,2018Q1,0,2018Q1,inflation_yoy,call,True,0.19540192811731139,0.1408517422751463,accelerating,accelerating,1.0,0.19540192811731139,False,False
2018-02-28,2018Q1,0,2018Q1,inflation_qoq,call,True,0.10091803767633412,0.047111037814961954,accelerating,accelerating,1.0,0.10091803767633412,False,False
2018-02-28,2018Q1,1,2018Q2,growth_yoy,call,True,0.0035118512354381792,-0.029847248237091506,accelerating,decelerating,0.0,0.0035118512354381792,False,False
2018-02-28,2018Q1,1,2018Q2,growth_qoq,lean,True,0.4658508249843596,-0.2825846608052629,accelerating,decelerating,0.0,0.4658508249843596,False,False
2018-02-28,2018Q1,1,2018Q2,inflation_yoy,call,True,0.6297011054254988,0.4382436799120235,accelerating,accelerating,1.0,0.6297011054254988,False,False
2018-02-28,2018Q1,1,2018Q2,inflation_qoq,call,True,-0.1649036828396344,-0.2982312149923949,decelerating,decelerating,1.0,0.1649036828396344,False,False
2018-02-28,2018Q1,2,2018Q3,growth_yoy,call,True,0.1407596612569284,-0.16893220580334045,accelerating,decelerating,0.0,0.1407596612569284,False,False
2018-02-28,2018Q1,2,2018Q3,growth_qoq,abstain,False,,0.09287228429846195,no call,accelerating,,,False,False
2018-02-28,2018Q1,2,2018Q3,inflation_yoy,call,True,0.2724817076836734,-0.07712161843226628,accelerating,decelerating,0.0,0.2724817076836734,False,False
2018-02-28,2018Q1,2,2018Q3,inflation_qoq,call,True,0.01189776447787505,-0.1425685698416279,accelerating,decelerating,0.0,0.01189776447787505,False,False
2018-02-28,2018Q1,3,2018Q4,growth_yoy,call,True,-0.4729371532227411,-1.004919889234146,decelerating,decelerating,1.0,0.4729371532227411,False,False
2018-02-28,2018Q1,3,2018Q4,growth_qoq,abstain,False,,-0.48205320619572056,no call,decelerating,,,False,False
2018-02-28,2018Q1,3,2018Q4,inflation_yoy,call,True,-0.04925642009932707,-0.3957872653396941,decelerating,decelerating,1.0,0.04925642009932707,False,False
2018-02-28,2018Q1,3,2018Q4,inflation_qoq,call,True,0.0046036143681371655,0.005278572516287383,accelerating,accelerating,1.0,0.0046036143681371655,False,False
2018-02-28,2018Q1,4,2019Q1,growth_yoy,call,True,0.310580797235227,-0.19155202488416734,accelerating,decelerating,0.0,0.310580797235227,False,False
2018-02-28,2018Q1,4,2019Q1,growth_qoq,abstain,False,,0.4826738633308958,no call,accelerating,,,False,False
2018-02-28,2018Q1,4,2019Q1,inflation_yoy,call,True,-0.1480602963497204,-0.5840349026527376,decelerating,decelerating,1.0,0.1480602963497204,False,False
2018-02-28,2018Q1,4,2019Q1,inflation_qoq,call,True,0.003583954550179236,-0.14014887681546018,accelerating,decelerating,0.0,0.003583954550179236,False,False
2018-03-31,2018Q1,0,2018Q1,growth_yoy,call,True,0.18655429676770474,0.3346665979973462,accelerating,accelerating,1.0,0.18655429676770474,False,False
2018-03-31,2018Q1,0,2018Q1,growth_qoq,call,True,-0.42280699662327237,-0.31363682495104683,decelerating,decelerating,1.0,0.42280699662327237,False,False
2018-03-31,2018Q1,0,2018Q1,inflation_yoy,call,True,0.14204755500045385,0.1408517422751463,accelerating,accelerating,1.0,0.14204755500045385,False,False
2018-03-31,2018Q1,0,2018Q1,inflation_qoq,call,True,0.04829066539644433,0.047111037814961954,accelerating,accelerating,1.0,0.04829066539644433,False,False
2018-03-31,2018Q1,1,2018Q2,growth_yoy,call,True,0.0035239920592067264,-0.029847248237091506,accelerating,decelerating,0.0,0.0035239920592067264,False,False
2018-03-31,2018Q1,1,2018Q2,growth_qoq,lean,True,0.4658508249843596,-0.2825846608052629,accelerating,decelerating,0.0,0.4658508249843596,False,False
2018-03-31,2018Q1,1,2018Q2,inflation_yoy,call,True,0.47782378686451743,0.4382436799120235,accelerating,accelerating,1.0,0.47782378686451743,False,False
2018-03-31,2018Q1,1,2018Q2,inflation_qoq,call,True,-0.26065477554040317,-0.2982312149923949,decelerating,decelerating,1.0,0.26065477554040317,False,False
2018-03-31,2018Q1,2,2018Q3,growth_yoy,call,True,0.14124628159708497,-0.16893220580334045,accelerating,decelerating,0.0,0.14124628159708497,False,False
2018-03-31,2018Q1,2,2018Q3,growth_qoq,abstain,False,,0.09287228429846195,no call,accelerating,,,False,False
2018-03-31,2018Q1,2,2018Q3,inflation_yoy,call,True,0.25248767377844183,-0.07712161843226628,accelerating,decelerating,0.0,0.25248767377844183,False,False
2018-03-31,2018Q1,2,2018Q3,inflation_qoq,call,True,0.14123215321861782,-0.1425685698416279,accelerating,decelerating,0.0,0.14123215321861782,False,False
2018-03-31,2018Q1,3,2018Q4,growth_yoy,call,True,-0.47457214464223796,-1.004919889234146,decelerating,decelerating,1.0,0.47457214464223796,False,False
2018-03-31,2018Q1,3,2018Q4,growth_qoq,abstain,False,,-0.48205320619572056,no call,decelerating,,,False,False
2018-03-31,2018Q1,3,2018Q4,inflation_yoy,call,True,-0.06907394702686531,-0.3957872653396941,decelerating,decelerating,1.0,0.06907394702686531,False,False
2018-03-31,2018Q1,3,2018Q4,inflation_qoq,call,True,0.004153922936178667,0.005278572516287383,accelerating,accelerating,1.0,0.004153922936178667,False,False
2018-03-31,2018Q1,4,2019Q1,growth_yoy,call,True,-0.042515910578844185,-0.19155202488416734,decelerating,decelerating,1.0,0.042515910578844185,False,False
2018-03-31,2018Q1,4,2019Q1,growth_qoq,abstain,False,,0.4826738633308958,no call,accelerating,,,False,False
2018-03-31,2018Q1,4,2019Q1,inflation_yoy,call,True,-0.1153398856028982,-0.5840349026527376,decelerating,decelerating,1.0,0.1153398856028982,False,False
2018-03-31,2018Q1,4,2019Q1,inflation_qoq,call,True,0.0022995928492974826,-0.14014887681546018,accelerating,decelerating,0.0,0.0022995928492974826,False,False
2018-04-30,2018Q2,0,2018Q2,growth_yoy,call,True,0.09305619274420085,-0.029847248237091506,accelerating,decelerating,0.0,0.09305619274420085,False,False
2018-04-30,2018Q2,0,2018Q2,growth_qoq,call,True,-0.29196156388744005,-0.2825846608052629,decelerating,decelerating,1.0,0.29196156388744005,False,False
2018-04-30,2018Q2,0,2018Q2,inflation_yoy,call,True,0.5681740212156647,0.4382436799120235,accelerating,accelerating,1.0,0.5681740212156647,False,False
2018-04-30,2018Q2,0,2018Q2,inflation_qoq,call,True,-0.17100427709568766,-0.2982312149923949,decelerating,decelerating,1.0,0.17100427709568766,False,False
2018-04-30,2018Q2,1,2018Q3,growth_yoy,call,True,0.03807269622380094,-0.16893220580334045,accelerating,decelerating,0.0,0.03807269622380094,False,False
2018-04-30,2018Q2,1,2018Q3,growth_qoq,lean,True,0.6594090001465269,0.09287228429846195,accelerating,accelerating,1.0,0.6594090001465269,False,False
2018-04-30,2018Q2,1,2018Q3,inflation_yoy,call,True,0.2580962926346171,-0.07712161843226628,accelerating,decelerating,0.0,0.2580962926346171,False,False
2018-04-30,2018Q2,1,2018Q3,inflation_qoq,call,True,0.05803345694264106,-0.1425685698416279,accelerating,decelerating,0.0,0.05803345694264106,False,False
2018-04-30,2018Q2,2,2018Q4,growth_yoy,call,True,-0.49980597882506306,-1.004919889234146,decelerating,decelerating,1.0,0.49980597882506306,False,False
2018-04-30,2018Q2,2,2018Q4,growth_qoq,abstain,False,,-0.48205320619572056,no call,decelerating,,,False,False
2018-04-30,2018Q2,2,2018Q4,inflation_yoy,call,True,-0.0637381276253306,-0.3957872653396941,decelerating,decelerating,1.0,0.0637381276253306,False,False
2018-04-30,2018Q2,2,2018Q4,inflation_qoq,call,True,0.004159328393349426,0.005278572516287383,accelerating,accelerating,1.0,0.004159328393349426,False,False
2018-04-30,2018Q2,3,2019Q1,growth_yoy,call,True,-0.6719029775587027,-0.19155202488416734,decelerating,decelerating,1.0,0.6719029775587027,False,False
2018-04-30,2018Q2,3,2019Q1,growth_qoq,abstain,False,,0.4826738633308958,no call,accelerating,,,False,False
2018-04-30,2018Q2,3,2019Q1,inflation_yoy,call,True,-0.10992149512510618,-0.5840349026527376,decelerating,decelerating,1.0,0.10992149512510618,False,False
2018-04-30,2018Q2,3,2019Q1,inflation_qoq,call,True,0.0012552886170746902,-0.14014887681546018,accelerating,decelerating,0.0,0.0012552886170746902,False,False
2018-04-30,2018Q2,4,2019Q2,growth_yoy,call,True,-0.08048899196497761,0.30856696809786754,decelerating,accelerating,0.0,0.08048899196497761,False,False
2018-04-30,2018Q2,4,2019Q2,growth_qoq,abstain,False,,0.21082775826193334,no call,accelerating,,,False,False
2018-04-30,2018Q2,4,2019Q2,inflation_yoy,call,True,0.0485964688156173,0.1926838918973346,accelerating,accelerating,1.0,0.0485964688156173,False,False
2018-04-30,2018Q2,4,2019Q2,inflation_qoq,call,True,-0.015970527166686566,0.46774501771116306,decelerating,accelerating,0.0,0.015970527166686566,False,False
2018-05-31,2018Q2,0,2018Q2,growth_yoy,call,True,0.23045339662564057,-0.029847248237091506,accelerating,decelerating,0.0,0.23045339662564057,False,False
2018-05-31,2018Q2,0,2018Q2,growth_qoq,call,True,-0.29196156388744005,-0.2825846608052629,decelerating,decelerating,1.0,0.29196156388744005,False,False
2018-05-31,2018Q2,0,2018Q2,inflation_yoy,call,True,0.5228318175330386,0.4382436799120235,accelerating,accelerating,1.0,0.5228318175330386,False,False
2018-05-31,2018Q2,0,2018Q2,inflation_qoq,call,True,-0.21540368844232827,-0.2982312149923949,decelerating,decelerating,1.0,0.21540368844232827,False,False
2018-05-31,2018Q2,1,2018Q3,growth_yoy,call,True,0.038123169301451654,-0.16893220580334045,accelerating,decelerating,0.0,0.038123169301451654,False,False
2018-05-31,2018Q2,1,2018Q3,growth_qoq,lean,True,0.6594090001465269,0.09287228429846195,accelerating,accelerating,1.0,0.6594090001465269,False,False
2018-05-31,2018Q2,1,2018Q3,inflation_yoy,call,True,0.26835186072065076,-0.07712161843226628,accelerating,decelerating,0.0,0.26835186072065076,False,False
2018-05-31,2018Q2,1,2018Q3,inflation_qoq,call,True,0.11257176013457215,-0.1425685698416279,accelerating,decelerating,0.0,0.11257176013457215,False,False
2018-05-31,2018Q2,2,2018Q4,growth_yoy,call,True,-0.5004685729798952,-1.004919889234146,decelerating,decelerating,1.0,0.5004685729798952,False,False
2018-05-31,2018Q2,2,2018Q4,growth_qoq,abstain,False,,-0.48205320619572056,no call,decelerating,,,False,False
2018-05-31,2018Q2,2,2018Q4,inflation_yoy,call,True,-0.06781310753612635,-0.3957872653396941,decelerating,decelerating,1.0,0.06781310753612635,False,False
2018-05-31,2018Q2,2,2018Q4,inflation_qoq,call,True,-0.009988732902321829,0.005278572516287383,decelerating,accelerating,0.0,0.009988732902321829,False,False
2018-05-31,2018Q2,3,2019Q1,growth_yoy,call,True,-0.6727937211761015,-0.19155202488416734,decelerating,decelerating,1.0,0.6727937211761015,False,False
2018-05-31,2018Q2,3,2019Q1,growth_qoq,abstain,False,,0.4826738633308958,no call,accelerating,,,False,False
2018-05-31,2018Q2,3,2019Q1,inflation_yoy,call,True,-0.11885767695380967,-0.5840349026527376,decelerating,decelerating,1.0,0.11885767695380967,False,False
2018-05-31,2018Q2,3,2019Q1,inflation_qoq,call,True,-0.0035275685726698924,-0.14014887681546018,decelerating,decelerating,1.0,0.0035275685726698924,False,False
2018-05-31,2018Q2,4,2019Q2,growth_yoy,call,True,-0.21638333115183706,0.30856696809786754,decelerating,accelerating,0.0,0.21638333115183706,False,False
2018-05-31,2018Q2,4,2019Q2,growth_qoq,abstain,False,,0.21082775826193334,no call,accelerating,,,False,False
2018-05-31,2018Q2,4,2019Q2,inflation_yoy,call,True,0.07974855437233863,0.1926838918973346,accelerating,accelerating,1.0,0.07974855437233863,False,False
2018-05-31,2018Q2,4,2019Q2,inflation_qoq,call,True,-0.021133253451655065,0.46774501771116306,decelerating,accelerating,0.0,0.021133253451655065,False,False
2018-06-30,2018Q2,0,2018Q2,growth_yoy,call,True,0.11577780115332725,-0.029847248237091506,accelerating,decelerating,0.0,0.11577780115332725,False,False
2018-06-30,2018Q2,0,2018Q2,growth_qoq,call,True,-0.29196156388744005,-0.2825846608052629,decelerating,decelerating,1.0,0.29196156388744005,False,False
2018-06-30,2018Q2,0,2018Q2,inflation_yoy,call,True,0.5025871535951758,0.4382436799120235,accelerating,accelerating,1.0,0.5025871535951758,False,False
2018-06-30,2018Q2,0,2018Q2,inflation_qoq,call,True,-0.23521905975156798,-0.2982312149923949,decelerating,decelerating,1.0,0.23521905975156798,False,False
2018-06-30,2018Q2,1,2018Q3,growth_yoy,call,True,0.03808104304219295,-0.16893220580334045,accelerating,decelerating,0.0,0.03808104304219295,False,False
2018-06-30,2018Q2,1,2018Q3,growth_qoq,lean,True,0.6594090001465269,0.09287228429846195,accelerating,accelerating,1.0,0.6594090001465269,False,False
2018-06-30,2018Q2,1,2018Q3,inflation_yoy,call,True,0.2773665108204204,-0.07712161843226628,accelerating,decelerating,0.0,0.2773665108204204,False,False
2018-06-30,2018Q2,1,2018Q3,inflation_qoq,call,True,0.1412472945066856,-0.1425685698416279,accelerating,decelerating,0.0,0.1412472945066856,False,False
2018-06-30,2018Q2,2,2018Q4,growth_yoy,call,True,-0.4999155531431265,-1.004919889234146,decelerating,decelerating,1.0,0.4999155531431265,False,False
2018-06-30,2018Q2,2,2018Q4,growth_qoq,abstain,False,,-0.48205320619572056,no call,decelerating,,,False,False
2018-06-30,2018Q2,2,2018Q4,inflation_yoy,call,True,-0.06848347296636659,-0.3957872653396941,decelerating,decelerating,1.0,0.06848347296636659,False,False
2018-06-30,2018Q2,2,2018Q4,inflation_qoq,call,True,-0.019513226138090367,0.005278572516287383,decelerating,accelerating,0.0,0.019513226138090367,False,False
2018-06-30,2018Q2,3,2019Q1,growth_yoy,call,True,-0.6720502813399865,-0.19155202488416734,decelerating,decelerating,1.0,0.6720502813399865,False,False
2018-06-30,2018Q2,3,2019Q1,growth_qoq,abstain,False,,0.4826738633308958,no call,accelerating,,,False,False
2018-06-30,2018Q2,3,2019Q1,inflation_yoy,call,True,-0.1223503076750454,-0.5840349026527376,decelerating,decelerating,1.0,0.1223503076750454,False,False
2018-06-30,2018Q2,3,2019Q1,inflation_qoq,call,True,-0.006297855378400996,-0.14014887681546018,decelerating,decelerating,1.0,0.006297855378400996,False,False
2018-06-30,2018Q2,4,2019Q2,growth_yoy,call,True,-0.10296206909314876,0.30856696809786754,decelerating,accelerating,0.0,0.10296206909314876,False,False
2018-06-30,2018Q2,4,2019Q2,growth_qoq,abstain,False,,0.21082775826193334,no call,accelerating,,,False,False
2018-06-30,2018Q2,4,2019Q2,inflation_yoy,call,True,0.0922097787040852,0.1926838918973346,accelerating,accelerating,1.0,0.0922097787040852,False,False
2018-06-30,2018Q2,4,2019Q2,inflation_qoq,call,True,-0.02532262636802951,0.46774501771116306,decelerating,accelerating,0.0,0.02532262636802951,False,False
2018-07-31,2018Q3,0,2018Q3,growth_yoy,call,True,-0.04946986210678794,-0.16893220580334045,decelerating,decelerating,1.0,0.04946986210678794,False,False
2018-07-31,2018Q3,0,2018Q3,growth_qoq,split,True,-0.1313040244046898,0.09287228429846195,decelerating,accelerating,0.0,0.1313040244046898,False,False
2018-07-31,2018Q3,0,2018Q3,inflation_yoy,call,True,0.15476451621726905,-0.07712161843226628,accelerating,decelerating,0.0,0.15476451621726905,False,False
2018-07-31,2018Q3,0,2018Q3,inflation_qoq,call,True,0.08448301739256703,-0.1425685698416279,accelerating,decelerating,0.0,0.08448301739256703,False,False
2018-07-31,2018Q3,1,2018Q4,growth_yoy,call,True,-0.4881249108752428,-1.004919889234146,decelerating,decelerating,1.0,0.4881249108752428,False,False
2018-07-31,2018Q3,1,2018Q4,growth_qoq,lean,True,0.48103657086484564,-0.48205320619572056,accelerating,decelerating,0.0,0.48103657086484564,False,False
2018-07-31,2018Q3,1,2018Q4,inflation_yoy,call,True,-0.061666199448436654,-0.3957872653396941,decelerating,decelerating,1.0,0.061666199448436654,False,False
2018-07-31,2018Q3,1,2018Q4,inflation_qoq,call,True,0.10681991115037981,0.005278572516287383,accelerating,accelerating,1.0,0.10681991115037981,False,False
2018-07-31,2018Q3,2,2019Q1,growth_yoy,call,True,-0.5126945590619325,-0.19155202488416734,decelerating,decelerating,1.0,0.5126945590619325,False,False
2018-07-31,2018Q3,2,2019Q1,growth_qoq,abstain,False,,0.4826738633308958,no call,accelerating,,,False,False
2018-07-31,2018Q3,2,2019Q1,inflation_yoy,call,True,-0.11576033065883129,-0.5840349026527376,decelerating,decelerating,1.0,0.11576033065883129,False,False
2018-07-31,2018Q3,2,2019Q1,inflation_qoq,call,True,-0.006600289073865895,-0.14014887681546018,decelerating,decelerating,1.0,0.006600289073865895,False,False
2018-07-31,2018Q3,3,2019Q2,growth_yoy,call,True,-0.4899163937434725,0.30856696809786754,decelerating,accelerating,0.0,0.4899163937434725,False,False
2018-07-31,2018Q3,3,2019Q2,growth_qoq,abstain,False,,0.21082775826193334,no call,accelerating,,,False,False
2018-07-31,2018Q3,3,2019Q2,inflation_yoy,call,True,0.16244573380048655,0.1926838918973346,accelerating,accelerating,1.0,0.16244573380048655,False,False
2018-07-31,2018Q3,3,2019Q2,inflation_qoq,call,True,-0.02560153460415826,0.46774501771116306,decelerating,accelerating,0.0,0.02560153460415826,False,False
2018-07-31,2018Q3,4,2019Q3,growth_yoy,call,True,0.04255038664664479,0.5550911739446107,accelerating,accelerating,1.0,0.04255038664664479,False,False
2018-07-31,2018Q3,4,2019Q3,growth_qoq,abstain,False,,0.3348560158825231,no call,accelerating,,,False,False
2018-07-31,2018Q3,4,2019Q3,inflation_yoy,call,True,0.06096993838416642,-0.07307289007228612,accelerating,decelerating,0.0,0.06096993838416642,False,False
2018-07-31,2018Q3,4,2019Q3,inflation_qoq,call,True,-0.015043979018281028,-0.40484052390632463,decelerating,decelerating,1.0,0.015043979018281028,False,False
2018-08-31,2018Q3,0,2018Q3,growth_yoy,call,True,-0.025922903974007205,-0.16893220580334045,decelerating,decelerating,1.0,0.025922903974007205,False,False
2018-08-31,2018Q3,0,2018Q3,growth_qoq,split,True,-0.1313040244046898,0.09287228429846195,decelerating,accelerating,0.0,0.1313040244046898,False,False
2018-08-31,2018Q3,0,2018Q3,inflation_yoy,call,True,0.020372970532100965,-0.07712161843226628,accelerating,decelerating,0.0,0.020372970532100965,False,False
2018-08-31,2018Q3,0,2018Q3,inflation_qoq,call,True,-0.04693602534462382,-0.1425685698416279,decelerating,decelerating,1.0,0.04693602534462382,False,False
2018-08-31,2018Q3,1,2018Q4,growth_yoy,call,True,-0.48823545662175505,-1.004919889234146,decelerating,decelerating,1.0,0.48823545662175505,False,False
2018-08-31,2018Q3,1,2018Q4,growth_qoq,lean,True,0.48103657086484564,-0.48205320619572056,accelerating,decelerating,0.0,0.48103657086484564,False,False
2018-08-31,2018Q3,1,2018Q4,inflation_yoy,call,True,-0.04486104382255984,-0.3957872653396941,decelerating,decelerating,1.0,0.04486104382255984,False,False
2018-08-31,2018Q3,1,2018Q4,inflation_qoq,call,True,0.2545690821379232,0.005278572516287383,accelerating,accelerating,1.0,0.2545690821379232,False,False
2018-08-31,2018Q3,2,2019Q1,growth_yoy,call,True,-0.5128106691016043,-0.19155202488416734,decelerating,decelerating,1.0,0.5128106691016043,False,False
2018-08-31,2018Q3,2,2019Q1,growth_qoq,abstain,False,,0.4826738633308958,no call,accelerating,,,False,False
2018-08-31,2018Q3,2,2019Q1,inflation_yoy,call,True,-0.12001369851966803,-0.5840349026527376,decelerating,decelerating,1.0,0.12001369851966803,False,False
2018-08-31,2018Q3,2,2019Q1,inflation_qoq,call,True,-0.027238088355296952,-0.14014887681546018,decelerating,decelerating,1.0,0.027238088355296952,False,False
2018-08-31,2018Q3,3,2019Q2,growth_yoy,call,True,-0.4900273452074444,0.30856696809786754,decelerating,accelerating,0.0,0.4900273452074444,False,False
2018-08-31,2018Q3,3,2019Q2,growth_qoq,abstain,False,,0.21082775826193334,no call,accelerating,,,False,False
2018-08-31,2018Q3,3,2019Q2,inflation_yoy,call,True,0.15663824467878262,0.1926838918973346,accelerating,accelerating,1.0,0.15663824467878262,False,False
2018-08-31,2018Q3,3,2019Q2,inflation_qoq,call,True,-0.0267996744558463,0.46774501771116306,decelerating,accelerating,0.0,0.0267996744558463,False,False
2018-08-31,2018Q3,4,2019Q3,growth_yoy,call,True,0.01934103576397561,0.5550911739446107,accelerating,accelerating,1.0,0.01934103576397561,False,False
2018-08-31,2018Q3,4,2019Q3,growth_qoq,abstain,False,,0.3348560158825231,no call,accelerating,,,False,False
2018-08-31,2018Q3,4,2019Q3,inflation_yoy,call,True,0.18952439155560263,-0.07307289007228612,accelerating,decelerating,0.0,0.18952439155560263,False,False
2018-08-31,2018Q3,4,2019Q3,inflation_qoq,call,True,-0.015220795526360575,-0.40484052390632463,decelerating,decelerating,1.0,0.015220795526360575,False,False
2018-09-30,2018Q3,0,2018Q3,growth_yoy,call,True,0.0010076561738570078,-0.16893220580334045,accelerating,decelerating,0.0,0.0010076561738570078,False,False
2018-09-30,2018Q3,0,2018Q3,growth_qoq,split,True,-0.1313040244046898,0.09287228429846195,decelerating,accelerating,0.0,0.1313040244046898,False,False
2018-09-30,2018Q3,0,2018Q3,inflation_yoy,call,True,-0.042749689976040006,-0.07712161843226628,decelerating,decelerating,1.0,0.042749689976040006,False,False
2018-09-30,2018Q3,0,2018Q3,inflation_qoq,call,True,-0.10877855875530695,-0.1425685698416279,decelerating,decelerating,1.0,0.10877855875530695,False,False
2018-09-30,2018Q3,1,2018Q4,growth_yoy,call,True,-0.4883618873419593,-1.004919889234146,decelerating,decelerating,1.0,0.4883618873419593,False,False
2018-09-30,2018Q3,1,2018Q4,growth_qoq,lean,True,0.48103657086484564,-0.48205320619572056,accelerating,decelerating,0.0,0.48103657086484564,False,False
2018-09-30,2018Q3,1,2018Q4,inflation_yoy,call,True,-0.034228782471671604,-0.3957872653396941,decelerating,decelerating,1.0,0.034228782471671604,False,False
2018-09-30,2018Q3,1,2018Q4,inflation_qoq,call,True,0.32691131490536485,0.005278572516287383,accelerating,accelerating,1.0,0.32691131490536485,False,False
2018-09-30,2018Q3,2,2019Q1,growth_yoy,call,True,-0.5129434636812036,-0.19155202488416734,decelerating,decelerating,1.0,0.5129434636812036,False,False
2018-09-30,2018Q3,2,2019Q1,growth_qoq,abstain,False,,0.4826738633308958,no call,accelerating,,,False,False
2018-09-30,2018Q3,2,2019Q1,inflation_yoy,call,True,-0.10522381712153228,-0.5840349026527376,decelerating,decelerating,1.0,0.10522381712153228,False,False
2018-09-30,2018Q3,2,2019Q1,inflation_qoq,call,True,-0.023266070109317916,-0.14014887681546018,decelerating,decelerating,1.0,0.023266070109317916,False,False
2018-09-30,2018Q3,3,2019Q2,growth_yoy,call,True,-0.4901542399450953,0.30856696809786754,decelerating,accelerating,0.0,0.4901542399450953,False,False
2018-09-30,2018Q3,3,2019Q2,growth_qoq,abstain,False,,0.21082775826193334,no call,accelerating,,,False,False
2018-09-30,2018Q3,3,2019Q2,inflation_yoy,call,True,0.1709403350646692,0.1926838918973346,accelerating,accelerating,1.0,0.1709403350646692,False,False
2018-09-30,2018Q3,3,2019Q2,inflation_qoq,call,True,-0.027186015644642403,0.46774501771116306,decelerating,accelerating,0.0,0.027186015644642403,False,False
2018-09-30,2018Q3,4,2019Q3,growth_yoy,call,True,-0.007203404346411979,0.5550911739446107,decelerating,accelerating,0.0,0.007203404346411979,False,False
2018-09-30,2018Q3,4,2019Q3,growth_qoq,abstain,False,,0.3348560158825231,no call,accelerating,,,False,False
2018-09-30,2018Q3,4,2019Q3,inflation_yoy,call,True,0.26861226904856617,-0.07307289007228612,accelerating,decelerating,0.0,0.26861226904856617,False,False
2018-09-30,2018Q3,4,2019Q3,inflation_qoq,call,True,-0.013801071636776463,-0.40484052390632463,decelerating,decelerating,1.0,0.013801071636776463,False,False
2018-10-31,2018Q4,0,2018Q4,growth_yoy,call,True,-0.2534400419623939,-1.004919889234146,decelerating,decelerating,1.0,0.2534400419623939,False,False
2018-10-31,2018Q4,0,2018Q4,growth_qoq,split,True,-0.0668268492793177,-0.48205320619572056,decelerating,decelerating,1.0,0.0668268492793177,False,False
2018-10-31,2018Q4,0,2018Q4,inflation_yoy,call,True,-0.010448723318390307,-0.3957872653396941,decelerating,decelerating,1.0,0.010448723318390307,False,False
2018-10-31,2018Q4,0,2018Q4,inflation_qoq,call,True,0.38420679685899906,0.005278572516287383,accelerating,accelerating,1.0,0.38420679685899906,False,False
2018-10-31,2018Q4,1,2019Q1,growth_yoy,call,True,-0.39451521043809556,-0.19155202488416734,decelerating,decelerating,1.0,0.39451521043809556,False,False
2018-10-31,2018Q4,1,2019Q1,growth_qoq,lean,True,0.39010373560056655,0.4826738633308958,accelerating,accelerating,1.0,0.39010373560056655,False,False
2018-10-31,2018Q4,1,2019Q1,inflation_yoy,call,True,-0.1080414309929596,-0.5840349026527376,decelerating,decelerating,1.0,0.1080414309929596,False,False
2018-10-31,2018Q4,1,2019Q1,inflation_qoq,call,True,-0.049551297758232415,-0.14014887681546018,decelerating,decelerating,1.0,0.049551297758232415,False,False
2018-10-31,2018Q4,2,2019Q2,growth_yoy,call,True,-0.2921077610897882,0.30856696809786754,decelerating,accelerating,0.0,0.2921077610897882,False,False
2018-10-31,2018Q4,2,2019Q2,growth_qoq,abstain,False,,0.21082775826193334,no call,accelerating,,,False,False
2018-10-31,2018Q4,2,2019Q2,inflation_yoy,call,True,0.16700277607441372,0.1926838918973346,accelerating,accelerating,1.0,0.16700277607441372,False,False
2018-10-31,2018Q4,2,2019Q2,inflation_qoq,call,True,-0.028247627770672246,0.46774501771116306,decelerating,accelerating,0.0,0.028247627770672246,False,False
2018-10-31,2018Q4,3,2019Q3,growth_yoy,call,True,-0.3985914386454681,0.5550911739446107,decelerating,accelerating,0.0,0.3985914386454681,False,False
2018-10-31,2018Q4,3,2019Q3,growth_qoq,abstain,False,,0.3348560158825231,no call,accelerating,,,False,False
2018-10-31,2018Q4,3,2019Q3,inflation_yoy,call,True,0.2976115322613402,-0.07307289007228612,accelerating,decelerating,0.0,0.2976115322613402,False,False
2018-10-31,2018Q4,3,2019Q3,inflation_qoq,call,True,-0.015356405420074992,-0.40484052390632463,decelerating,decelerating,1.0,0.015356405420074992,False,False
2018-10-31,2018Q4,4,2019Q4,growth_yoy,call,True,-0.21737367274770047,0.5545596555552423,decelerating,accelerating,0.0,0.21737367274770047,False,False
2018-10-31,2018Q4,4,2019Q4,growth_qoq,abstain,False,,-0.4881239870268894,no call,decelerating,,,False,False
2018-10-31,2018Q4,4,2019Q4,inflation_yoy,call,True,-0.095177093471007,0.2991071049003755,decelerating,accelerating,0.0,0.095177093471007,False,False
2018-10-31,2018Q4,4,2019Q4,inflation_qoq,call,True,-8.978119496738657e-05,0.37248295245990715,decelerating,accelerating,0.0,8.978119496738657e-05,False,False
2018-11-30,2018Q4,0,2018Q4,growth_yoy,call,True,-0.6611690134520565,-1.004919889234146,decelerating,decelerating,1.0,0.6611690134520565,False,False
2018-11-30,2018Q4,0,2018Q4,growth_qoq,split,True,-0.0668268492793177,-0.48205320619572056,decelerating,decelerating,1.0,0.0668268492793177,False,False
2018-11-30,2018Q4,0,2018Q4,inflation_yoy,call,True,-0.22936162749174205,-0.3957872653396941,decelerating,decelerating,1.0,0.22936162749174205,False,False
2018-11-30,2018Q4,0,2018Q4,inflation_qoq,call,True,0.16902832138472323,0.005278572516287383,accelerating,accelerating,1.0,0.16902832138472323,False,False
2018-11-30,2018Q4,1,2019Q1,growth_yoy,call,True,-0.39296739589582685,-0.19155202488416734,decelerating,decelerating,1.0,0.39296739589582685,False,False
2018-11-30,2018Q4,1,2019Q1,growth_qoq,lean,True,0.39010373560056655,0.4826738633308958,accelerating,accelerating,1.0,0.39010373560056655,False,False
2018-11-30,2018Q4,1,2019Q1,inflation_yoy,call,True,-0.1625552092242355,-0.5840349026527376,decelerating,decelerating,1.0,0.1625552092242355,False,False
2018-11-30,2018Q4,1,2019Q1,inflation_qoq,call,True,0.11183953856208628,-0.14014887681546018,accelerating,decelerating,0.0,0.11183953856208628,False,False
2018-11-30,2018Q4,2,2019Q2,growth_yoy,call,True,-0.2909617250724805,0.30856696809786754,decelerating,accelerating,0.0,0.2909617250724805,False,False
2018-11-30,2018Q4,2,2019Q2,growth_qoq,abstain,False,,0.21082775826193334,no call,accelerating,,,False,False
2018-11-30,2018Q4,2,2019Q2,inflation_yoy,call,True,0.16565183344972034,0.1926838918973346,accelerating,accelerating,1.0,0.16565183344972034,False,False
2018-11-30,2018Q4,2,2019Q2,inflation_qoq,call,True,0.02464862093818354,0.46774501771116306,accelerating,accelerating,1.0,0.02464862093818354,False,False
2018-11-30,2018Q4,3,2019Q3,growth_yoy,call,True,-0.3970276317025512,0.5550911739446107,decelerating,accelerating,0.0,0.3970276317025512,False,False
2018-11-30,2018Q4,3,2019Q3,growth_qoq,abstain,False,,0.3348560158825231,no call,accelerating,,,False,False
2018-11-30,2018Q4,3,2019Q3,inflation_yoy,call,True,0.2937728353422062,-0.07307289007228612,accelerating,decelerating,0.0,0.2937728353422062,False,False
2018-11-30,2018Q4,3,2019Q3,inflation_qoq,call,True,-0.017449149656845186,-0.40484052390632463,decelerating,decelerating,1.0,0.017449149656845186,False,False
2018-11-30,2018Q4,4,2019Q4,growth_yoy,call,True,0.1860976412394244,0.5545596555552423,accelerating,accelerating,1.0,0.1860976412394244,False,False
2018-11-30,2018Q4,4,2019Q4,growth_qoq,abstain,False,,-0.4881239870268894,no call,decelerating,,,False,False
2018-11-30,2018Q4,4,2019Q4,inflation_yoy,call,True,0.12251948238125943,0.2991071049003755,accelerating,accelerating,1.0,0.12251948238125943,False,False
2018-11-30,2018Q4,4,2019Q4,inflation_qoq,call,True,0.0009780805477088705,0.37248295245990715,accelerating,accelerating,1.0,0.0009780805477088705,False,False
2018-12-31,2018Q4,0,2018Q4,growth_yoy,call,True,-0.740253381163547,-1.004919889234146,decelerating,decelerating,1.0,0.740253381163547,False,False
2018-12-31,2018Q4,0,2018Q4,growth_qoq,split,True,-0.0668268492793177,-0.48205320619572056,decelerating,decelerating,1.0,0.0668268492793177,False,False
2018-12-31,2018Q4,0,2018Q4,inflation_yoy,call,True,-0.4294064379962421,-0.3957872653396941,decelerating,decelerating,1.0,0.4294064379962421,False,False
2018-12-31,2018Q4,0,2018Q4,inflation_qoq,call,True,-0.0278221484081298,0.005278572516287383,decelerating,accelerating,0.0,0.0278221484081298,False,False
2018-12-31,2018Q4,1,2019Q1,growth_yoy,call,True,-0.3926671770176471,-0.19155202488416734,decelerating,decelerating,1.0,0.3926671770176471,False,False
2018-12-31,2018Q4,1,2019Q1,growth_qoq,lean,True,0.39010373560056655,0.4826738633308958,accelerating,accelerating,1.0,0.39010373560056655,False,False
2018-12-31,2018Q4,1,2019Q1,inflation_yoy,call,True,-0.3958748858194914,-0.5840349026527376,decelerating,decelerating,1.0,0.3958748858194914,False,False
2018-12-31,2018Q4,1,2019Q1,inflation_qoq,call,True,0.0784560232333309,-0.14014887681546018,accelerating,decelerating,0.0,0.0784560232333309,False,False
2018-12-31,2018Q4,2,2019Q2,growth_yoy,call,True,-0.29073943639510436,0.30856696809786754,decelerating,accelerating,0.0,0.29073943639510436,False,False
2018-12-31,2018Q4,2,2019Q2,growth_qoq,abstain,False,,0.21082775826193334,no call,accelerating,,,False,False
2018-12-31,2018Q4,2,2019Q2,inflation_yoy,call,True,0.1764802935810308,0.1926838918973346,accelerating,accelerating,1.0,0.1764802935810308,False,False
2018-12-31,2018Q4,2,2019Q2,inflation_qoq,call,True,0.2662732228253528,0.46774501771116306,accelerating,accelerating,1.0,0.2662732228253528,False,False
2018-12-31,2018Q4,3,2019Q3,growth_yoy,call,True,-0.3967243108891072,0.5550911739446107,decelerating,accelerating,0.0,0.3967243108891072,False,False
2018-12-31,2018Q4,3,2019Q3,growth_qoq,abstain,False,,0.3348560158825231,no call,accelerating,,,False,False
2018-12-31,2018Q4,3,2019Q3,inflation_yoy,call,True,0.30405800679039374,-0.07307289007228612,accelerating,decelerating,0.0,0.30405800679039374,False,False
2018-12-31,2018Q4,3,2019Q3,inflation_qoq,call,True,-0.01751716250706359,-0.40484052390632463,decelerating,decelerating,1.0,0.01751716250706359,False,False
2018-12-31,2018Q4,4,2019Q4,growth_yoy,call,True,0.2643561805819372,0.5545596555552423,accelerating,accelerating,1.0,0.2643561805819372,False,False
2018-12-31,2018Q4,4,2019Q4,growth_qoq,abstain,False,,-0.4881239870268894,no call,decelerating,,,False,False
2018-12-31,2018Q4,4,2019Q4,inflation_yoy,call,True,0.3354449948945515,0.2991071049003755,accelerating,accelerating,1.0,0.3354449948945515,False,False
2018-12-31,2018Q4,4,2019Q4,inflation_qoq,call,True,0.0018808316538443393,0.37248295245990715,accelerating,accelerating,1.0,0.0018808316538443393,False,False
2019-01-31,2019Q1,0,2019Q1,growth_yoy,call,True,-0.7243418562876469,-0.19155202488416734,decelerating,decelerating,1.0,0.7243418562876469,False,False
2019-01-31,2019Q1,0,2019Q1,growth_qoq,call,True,0.23071663384488256,0.4826738633308958,accelerating,accelerating,1.0,0.23071663384488256,False,False
2019-01-31,2019Q1,0,2019Q1,inflation_yoy,call,True,-0.6217521965378985,-0.5840349026527376,decelerating,decelerating,1.0,0.6217521965378985,False,False
2019-01-31,2019Q1,0,2019Q1,inflation_qoq,call,True,-0.17749735276995082,-0.14014887681546018,decelerating,decelerating,1.0,0.17749735276995082,False,False
2019-01-31,2019Q1,1,2019Q2,growth_yoy,call,True,-0.1497551845267342,0.30856696809786754,decelerating,accelerating,0.0,0.1497551845267342,False,False
2019-01-31,2019Q1,1,2019Q2,growth_qoq,lean,True,-0.2518754971926773,0.21082775826193334,decelerating,accelerating,0.0,0.2518754971926773,False,False
2019-01-31,2019Q1,1,2019Q2,inflation_yoy,call,True,0.00021444948606541558,0.1926838918973346,accelerating,accelerating,1.0,0.00021444948606541558,False,False
2019-01-31,2019Q1,1,2019Q2,inflation_qoq,call,True,0.31500547784601984,0.46774501771116306,accelerating,accelerating,1.0,0.31500547784601984,False,False
2019-01-31,2019Q1,2,2019Q3,growth_yoy,call,True,-0.25233511126707686,0.5550911739446107,decelerating,accelerating,0.0,0.25233511126707686,False,False
2019-01-31,2019Q1,2,2019Q3,growth_qoq,abstain,False,,0.3348560158825231,no call,accelerating,,,False,False
2019-01-31,2019Q1,2,2019Q3,inflation_yoy,call,True,0.13123824630150893,-0.07307289007228612,accelerating,decelerating,0.0,0.13123824630150893,False,False
2019-01-31,2019Q1,2,2019Q3,inflation_qoq,call,True,-0.013117906555448755,-0.40484052390632463,decelerating,decelerating,1.0,0.013117906555448755,False,False
2019-01-31,2019Q1,3,2019Q4,growth_yoy,call,True,0.2558971334778448,0.5545596555552423,accelerating,accelerating,1.0,0.2558971334778448,False,False
2019-01-31,2019Q1,3,2019Q4,growth_qoq,abstain,False,,-0.4881239870268894,no call,decelerating,,,False,False
2019-01-31,2019Q1,3,2019Q4,inflation_yoy,call,True,0.12851658724274784,0.2991071049003755,accelerating,accelerating,1.0,0.12851658724274784,False,False
2019-01-31,2019Q1,3,2019Q4,inflation_qoq,call,True,0.002472183123747307,0.37248295245990715,accelerating,accelerating,1.0,0.002472183123747307,False,False
2019-01-31,2019Q1,4,2020Q1,growth_yoy,call,True,0.41594159106332906,-1.9932414951223665,accelerating,decelerating,0.0,0.41594159106332906,True,False
2019-01-31,2019Q1,4,2020Q1,growth_qoq,abstain,False,,-1.9981995416104459,no call,decelerating,,,True,False
2019-01-31,2019Q1,4,2020Q1,inflation_yoy,call,True,0.3205661785612508,0.0964443521505487,accelerating,accelerating,1.0,0.3205661785612508,True,False
2019-01-31,2019Q1,4,2020Q1,inflation_qoq,call,True,0.011109933593922428,-0.34186666247340014,accelerating,decelerating,0.0,0.011109933593922428,True,False
2019-02-28,2019Q1,0,2019Q1,growth_yoy,call,True,-0.8061392530193334,-0.19155202488416734,decelerating,decelerating,1.0,0.8061392530193334,False,False
2019-02-28,2019Q1,0,2019Q1,growth_qoq,call,True,0.23071663384488256,0.4826738633308958,accelerating,accelerating,1.0,0.23071663384488256,False,False
2019-02-28,2019Q1,0,2019Q1,inflation_yoy,call,True,-0.6894834814113349,-0.5840349026527376,decelerating,decelerating,1.0,0.6894834814113349,False,False
2019-02-28,2019Q1,0,2019Q1,inflation_qoq,call,True,-0.24428611568176883,-0.14014887681546018,decelerating,decelerating,1.0,0.24428611568176883,False,False
2019-02-28,2019Q1,1,2019Q2,growth_yoy,call,True,-0.14963558188729742,0.30856696809786754,decelerating,accelerating,0.0,0.14963558188729742,False,False
2019-02-28,2019Q1,1,2019Q2,growth_qoq,lean,True,-0.2518754971926773,0.21082775826193334,decelerating,accelerating,0.0,0.2518754971926773,False,False
2019-02-28,2019Q1,1,2019Q2,inflation_yoy,call,True,0.01010772191406173,0.1926838918973346,accelerating,accelerating,1.0,0.01010772191406173,False,False
2019-02-28,2019Q1,1,2019Q2,inflation_qoq,call,True,0.39155427637660445,0.46774501771116306,accelerating,accelerating,1.0,0.39155427637660445,False,False
2019-02-28,2019Q1,2,2019Q3,growth_yoy,call,True,-0.2521335827160964,0.5550911739446107,decelerating,accelerating,0.0,0.2521335827160964,False,False
2019-02-28,2019Q1,2,2019Q3,growth_qoq,abstain,False,,0.3348560158825231,no call,accelerating,,,False,False
2019-02-28,2019Q1,2,2019Q3,inflation_yoy,call,True,0.12066887784618618,-0.07307289007228612,accelerating,decelerating,0.0,0.12066887784618618,False,False
2019-02-28,2019Q1,2,2019Q3,inflation_qoq,call,True,-0.0332563384117579,-0.40484052390632463,decelerating,decelerating,1.0,0.0332563384117579,False,False
2019-02-28,2019Q1,3,2019Q4,growth_yoy,call,True,0.25569276010213304,0.5545596555552423,accelerating,accelerating,1.0,0.25569276010213304,False,False
2019-02-28,2019Q1,3,2019Q4,growth_qoq,abstain,False,,-0.4881239870268894,no call,decelerating,,,False,False
2019-02-28,2019Q1,3,2019Q4,inflation_yoy,call,True,0.11782966676021633,0.2991071049003755,accelerating,accelerating,1.0,0.11782966676021633,False,False
2019-02-28,2019Q1,3,2019Q4,inflation_qoq,call,True,0.0023846975826247174,0.37248295245990715,accelerating,accelerating,1.0,0.0023846975826247174,False,False
2019-02-28,2019Q1,4,2020Q1,growth_yoy,call,True,0.49762222998028793,-1.9932414951223665,accelerating,decelerating,0.0,0.49762222998028793,True,False
2019-02-28,2019Q1,4,2020Q1,growth_qoq,abstain,False,,-1.9981995416104459,no call,decelerating,,,True,False
2019-02-28,2019Q1,4,2020Q1,inflation_yoy,call,True,0.37642514567561114,0.0964443521505487,accelerating,accelerating,1.0,0.37642514567561114,True,False
2019-02-28,2019Q1,4,2020Q1,inflation_qoq,call,True,0.009750758911075685,-0.34186666247340014,accelerating,decelerating,0.0,0.009750758911075685,True,False
2019-03-31,2019Q1,0,2019Q1,growth_yoy,call,True,-0.8283905841255157,-0.19155202488416734,decelerating,decelerating,1.0,0.8283905841255157,False,False
2019-03-31,2019Q1,0,2019Q1,growth_qoq,call,True,0.23071663384488256,0.4826738633308958,accelerating,accelerating,1.0,0.23071663384488256,False,False
2019-03-31,2019Q1,0,2019Q1,inflation_yoy,call,True,-0.6199420208873985,-0.5840349026527376,decelerating,decelerating,1.0,0.6199420208873985,False,False
2019-03-31,2019Q1,0,2019Q1,inflation_qoq,call,True,-0.17561069227918225,-0.14014887681546018,decelerating,decelerating,1.0,0.17561069227918225,False,False
2019-03-31,2019Q1,1,2019Q2,growth_yoy,call,True,-0.14960304640279087,0.30856696809786754,decelerating,accelerating,0.0,0.14960304640279087,False,False
2019-03-31,2019Q1,1,2019Q2,growth_qoq,lean,True,-0.2518754971926773,0.21082775826193334,decelerating,accelerating,0.0,0.2518754971926773,False,False
2019-03-31,2019Q1,1,2019Q2,inflation_yoy,call,True,0.1065633752783901,0.1926838918973346,accelerating,accelerating,1.0,0.1065633752783901,False,False
2019-03-31,2019Q1,1,2019Q2,inflation_qoq,call,True,0.4182718396540164,0.46774501771116306,accelerating,accelerating,1.0,0.4182718396540164,False,False
2019-03-31,2019Q1,2,2019Q3,growth_yoy,call,True,-0.25207876094068826,0.5550911739446107,decelerating,accelerating,0.0,0.25207876094068826,False,False
2019-03-31,2019Q1,2,2019Q3,growth_qoq,abstain,False,,0.3348560158825231,no call,accelerating,,,False,False
2019-03-31,2019Q1,2,2019Q3,inflation_yoy,call,True,0.142553133711824,-0.07307289007228612,accelerating,decelerating,0.0,0.142553133711824,False,False
2019-03-31,2019Q1,2,2019Q3,inflation_qoq,call,True,-0.10723784401744929,-0.40484052390632463,decelerating,decelerating,1.0,0.10723784401744929,False,False
2019-03-31,2019Q1,3,2019Q4,growth_yoy,call,True,0.2556371644495403,0.5545596555552423,accelerating,accelerating,1.0,0.2556371644495403,False,False
2019-03-31,2019Q1,3,2019Q4,growth_qoq,abstain,False,,-0.4881239870268894,no call,decelerating,,,False,False
2019-03-31,2019Q1,3,2019Q4,inflation_yoy,call,True,0.13921207447834894,0.2991071049003755,accelerating,accelerating,1.0,0.13921207447834894,False,False
2019-03-31,2019Q1,3,2019Q4,inflation_qoq,call,True,0.0018303471743807975,0.37248295245990715,accelerating,accelerating,1.0,0.0018303471743807975,False,False
2019-03-31,2019Q1,4,2020Q1,growth_yoy,call,True,0.5198417994791704,-1.9932414951223665,accelerating,decelerating,0.0,0.5198417994791704,True,False
2019-03-31,2019Q1,4,2020Q1,growth_qoq,abstain,False,,-1.9981995416104459,no call,decelerating,,,True,False
2019-03-31,2019Q1,4,2020Q1,inflation_yoy,call,True,0.32705780388724315,0.0964443521505487,accelerating,accelerating,1.0,0.32705780388724315,True,False
2019-03-31,2019Q1,4,2020Q1,inflation_qoq,call,True,0.008396873323590626,-0.34186666247340014,accelerating,decelerating,0.0,0.008396873323590626,True,False
2019-04-30,2019Q2,0,2019Q2,growth_yoy,call,True,-0.33252489807247265,0.30856696809786754,decelerating,accelerating,0.0,0.33252489807247265,False,False
2019-04-30,2019Q2,0,2019Q2,growth_qoq,call,True,0.5008071313444519,0.21082775826193334,accelerating,accelerating,1.0,0.5008071313444519,False,False
2019-04-30,2019Q2,0,2019Q2,inflation_yoy,call,True,0.4397170396897019,0.1926838918973346,accelerating,accelerating,1.0,0.4397170396897019,False,False
2019-04-30,2019Q2,0,2019Q2,inflation_qoq,call,True,0.7123309283578516,0.46774501771116306,accelerating,accelerating,1.0,0.7123309283578516,False,False
2019-04-30,2019Q2,1,2019Q3,growth_yoy,call,True,-0.2276072883779845,0.5550911739446107,decelerating,accelerating,0.0,0.2276072883779845,False,False
2019-04-30,2019Q2,1,2019Q3,growth_qoq,lean,True,-0.7267762421869328,0.3348560158825231,decelerating,accelerating,0.0,0.7267762421869328,False,False
2019-04-30,2019Q2,1,2019Q3,inflation_yoy,call,True,0.141797943559145,-0.07307289007228612,accelerating,decelerating,0.0,0.141797943559145,False,False
2019-04-30,2019Q2,1,2019Q3,inflation_qoq,call,True,-0.4380105891438335,-0.40484052390632463,decelerating,decelerating,1.0,0.4380105891438335,False,False
2019-04-30,2019Q2,2,2019Q4,growth_yoy,call,True,0.2713421930606863,0.5545596555552423,accelerating,accelerating,1.0,0.2713421930606863,False,False
2019-04-30,2019Q2,2,2019Q4,growth_qoq,abstain,False,,-0.4881239870268894,no call,decelerating,,,False,False
2019-04-30,2019Q2,2,2019Q4,inflation_yoy,call,True,0.13827375054313107,0.2991071049003755,accelerating,accelerating,1.0,0.13827375054313107,False,False
2019-04-30,2019Q2,2,2019Q4,inflation_qoq,call,True,0.0016664192259208122,0.37248295245990715,accelerating,accelerating,1.0,0.0016664192259208122,False,False
2019-04-30,2019Q2,3,2020Q1,growth_yoy,call,True,0.7384748607515146,-1.9932414951223665,accelerating,decelerating,0.0,0.7384748607515146,True,False
2019-04-30,2019Q2,3,2020Q1,growth_qoq,abstain,False,,-1.9981995416104459,no call,decelerating,,,True,False
2019-04-30,2019Q2,3,2020Q1,inflation_yoy,call,True,0.2905272316337193,0.0964443521505487,accelerating,accelerating,1.0,0.2905272316337193,True,False
2019-04-30,2019Q2,3,2020Q1,inflation_qoq,call,True,0.008286992217887423,-0.34186666247340014,accelerating,decelerating,0.0,0.008286992217887423,True,False
2019-04-30,2019Q2,4,2020Q2,growth_yoy,call,True,0.20551562139636825,-8.757149987860636,accelerating,decelerating,0.0,0.20551562139636825,True,False
2019-04-30,2019Q2,4,2020Q2,growth_qoq,abstain,False,,-6.560462823665114,no call,decelerating,,,True,False
2019-04-30,2019Q2,4,2020Q2,inflation_yoy,call,True,-0.42866998331254624,-1.7357399133622071,decelerating,decelerating,1.0,0.42866998331254624,True,False
2019-04-30,2019Q2,4,2020Q2,inflation_qoq,call,True,0.006684965684922162,-1.3363402721502604,accelerating,decelerating,0.0,0.006684965684922162,True,False
2019-05-31,2019Q2,0,2019Q2,growth_yoy,call,True,-0.19594811413015112,0.30856696809786754,decelerating,accelerating,0.0,0.19594811413015112,False,False
2019-05-31,2019Q2,0,2019Q2,growth_qoq,call,True,0.5008071313444519,0.21082775826193334,accelerating,accelerating,1.0,0.5008071313444519,False,False
2019-05-31,2019Q2,0,2019Q2,inflation_yoy,call,True,0.3275088318689907,0.1926838918973346,accelerating,accelerating,1.0,0.3275088318689907,False,False
2019-05-31,2019Q2,0,2019Q2,inflation_qoq,call,True,0.6012812996516459,0.46774501771116306,accelerating,accelerating,1.0,0.6012812996516459,False,False
2019-05-31,2019Q2,1,2019Q3,growth_yoy,call,True,-0.2279137398514708,0.5550911739446107,decelerating,accelerating,0.0,0.2279137398514708,False,False
2019-05-31,2019Q2,1,2019Q3,growth_qoq,lean,True,-0.7267762421869328,0.3348560158825231,decelerating,accelerating,0.0,0.7267762421869328,False,False
2019-05-31,2019Q2,1,2019Q3,inflation_yoy,call,True,0.10469422272816331,-0.07307289007228612,accelerating,decelerating,0.0,0.10469422272816331,False,False
2019-05-31,2019Q2,1,2019Q3,inflation_qoq,call,True,-0.3633129985667116,-0.40484052390632463,decelerating,decelerating,1.0,0.3633129985667116,False,False
2019-05-31,2019Q2,2,2019Q4,growth_yoy,call,True,0.271707529405929,0.5545596555552423,accelerating,accelerating,1.0,0.271707529405929,False,False
2019-05-31,2019Q2,2,2019Q4,growth_qoq,abstain,False,,-0.4881239870268894,no call,decelerating,,,False,False
2019-05-31,2019Q2,2,2019Q4,inflation_yoy,call,True,0.11894428086033715,0.2991071049003755,accelerating,accelerating,1.0,0.11894428086033715,False,False
2019-05-31,2019Q2,2,2019Q4,inflation_qoq,call,True,0.019208967505668362,0.37248295245990715,accelerating,accelerating,1.0,0.019208967505668362,False,False
2019-05-31,2019Q2,3,2020Q1,growth_yoy,call,True,0.7394691466148462,-1.9932414951223665,accelerating,decelerating,0.0,0.7394691466148462,True,False
2019-05-31,2019Q2,3,2020Q1,growth_qoq,abstain,False,,-1.9981995416104459,no call,decelerating,,,True,False
2019-05-31,2019Q2,3,2020Q1,inflation_yoy,call,True,0.2692928470536078,0.0964443521505487,accelerating,accelerating,1.0,0.2692928470536078,True,False
2019-05-31,2019Q2,3,2020Q1,inflation_qoq,call,True,0.006713654237433531,-0.34186666247340014,accelerating,decelerating,0.0,0.006713654237433531,True,False
2019-05-31,2019Q2,4,2020Q2,growth_yoy,call,True,0.06788566671895868,-8.757149987860636,accelerating,decelerating,0.0,0.06788566671895868,True,False
2019-05-31,2019Q2,4,2020Q2,growth_qoq,abstain,False,,-6.560462823665114,no call,decelerating,,,True,False
2019-05-31,2019Q2,4,2020Q2,inflation_yoy,call,True,-0.3370597991317892,-1.7357399133622071,decelerating,decelerating,1.0,0.3370597991317892,True,False
2019-05-31,2019Q2,4,2020Q2,inflation_qoq,call,True,0.0059357412056204595,-1.3363402721502604,accelerating,decelerating,0.0,0.0059357412056204595,True,False
2019-06-30,2019Q2,0,2019Q2,growth_yoy,call,True,-0.08219571363174971,0.30856696809786754,decelerating,accelerating,0.0,0.08219571363174971,False,False
2019-06-30,2019Q2,0,2019Q2,growth_qoq,call,True,0.5008071313444519,0.21082775826193334,accelerating,accelerating,1.0,0.5008071313444519,False,False
2019-06-30,2019Q2,0,2019Q2,inflation_yoy,call,True,0.22411771007884163,0.1926838918973346,accelerating,accelerating,1.0,0.22411771007884163,False,False
2019-06-30,2019Q2,0,2019Q2,inflation_qoq,call,True,0.49888511445022043,0.46774501771116306,accelerating,accelerating,1.0,0.49888511445022043,False,False
2019-06-30,2019Q2,1,2019Q3,growth_yoy,call,True,-0.22816897789224022,0.5550911739446107,decelerating,accelerating,0.0,0.22816897789224022,False,False
2019-06-30,2019Q2,1,2019Q3,growth_qoq,lean,True,-0.7267762421869328,0.3348560158825231,decelerating,accelerating,0.0,0.7267762421869328,False,False
2019-06-30,2019Q2,1,2019Q3,inflation_yoy,call,True,0.0006375269406091455,-0.07307289007228612,accelerating,decelerating,0.0,0.0006375269406091455,False,False
2019-06-30,2019Q2,1,2019Q3,inflation_qoq,call,True,-0.36327238546658425,-0.40484052390632463,decelerating,decelerating,1.0,0.36327238546658425,False,False
2019-06-30,2019Q2,2,2019Q4,growth_yoy,call,True,0.27201181162035404,0.5545596555552423,accelerating,accelerating,1.0,0.27201181162035404,False,False
2019-06-30,2019Q2,2,2019Q4,growth_qoq,abstain,False,,-0.4881239870268894,no call,decelerating,,,False,False
2019-06-30,2019Q2,2,2019Q4,inflation_yoy,call,True,0.1279780598094491,0.2991071049003755,accelerating,accelerating,1.0,0.1279780598094491,False,False
2019-06-30,2019Q2,2,2019Q4,inflation_qoq,call,True,0.13070446493566035,0.37248295245990715,accelerating,accelerating,1.0,0.13070446493566035,False,False
2019-06-30,2019Q2,3,2020Q1,growth_yoy,call,True,0.7402972698175914,-1.9932414951223665,accelerating,decelerating,0.0,0.7402972698175914,True,False
2019-06-30,2019Q2,3,2020Q1,growth_qoq,abstain,False,,-1.9981995416104459,no call,decelerating,,,True,False
2019-06-30,2019Q2,3,2020Q1,inflation_yoy,call,True,0.2788550204429068,0.0964443521505487,accelerating,accelerating,1.0,0.2788550204429068,True,False
2019-06-30,2019Q2,3,2020Q1,inflation_qoq,call,True,0.007496860277256268,-0.34186666247340014,accelerating,decelerating,0.0,0.007496860277256268,True,False
2019-06-30,2019Q2,4,2020Q2,growth_yoy,call,True,-0.046743901155865686,-8.757149987860636,decelerating,decelerating,1.0,0.046743901155865686,True,False
2019-06-30,2019Q2,4,2020Q2,growth_qoq,abstain,False,,-6.560462823665114,no call,decelerating,,,True,False
2019-06-30,2019Q2,4,2020Q2,inflation_yoy,call,True,-0.22138311152526402,-1.7357399133622071,decelerating,decelerating,1.0,0.22138311152526402,True,False
2019-06-30,2019Q2,4,2020Q2,inflation_qoq,call,True,0.007327076446772551,-1.3363402721502604,accelerating,decelerating,0.0,0.007327076446772551,True,False
2019-07-31,2019Q3,0,2019Q3,growth_yoy,call,True,-0.25550783184400405,0.5550911739446107,decelerating,accelerating,0.0,0.25550783184400405,False,False
2019-07-31,2019Q3,0,2019Q3,growth_qoq,call,True,-0.16843830530392012,0.3348560158825231,decelerating,accelerating,0.0,0.16843830530392012,False,False
2019-07-31,2019Q3,0,2019Q3,inflation_yoy,call,True,0.01598414845160878,-0.07307289007228612,accelerating,decelerating,0.0,0.01598414845160878,False,False
2019-07-31,2019Q3,0,2019Q3,inflation_qoq,call,True,-0.31695635353996554,-0.40484052390632463,decelerating,decelerating,1.0,0.31695635353996554,False,False
2019-07-31,2019Q3,1,2019Q4,growth_yoy,call,True,0.3743696272171082,0.5545596555552423,accelerating,accelerating,1.0,0.3743696272171082,False,False
2019-07-31,2019Q3,1,2019Q4,growth_qoq,lean,True,0.10884035985315732,-0.4881239870268894,accelerating,decelerating,0.0,0.10884035985315732,False,False
2019-07-31,2019Q3,1,2019Q4,inflation_yoy,call,True,0.1311264136976058,0.2991071049003755,accelerating,accelerating,1.0,0.1311264136976058,False,False
2019-07-31,2019Q3,1,2019Q4,inflation_qoq,call,True,0.11865128146164583,0.37248295245990715,accelerating,accelerating,1.0,0.11865128146164583,False,False
2019-07-31,2019Q3,2,2020Q1,growth_yoy,call,True,0.5554356697907936,-1.9932414951223665,accelerating,decelerating,0.0,0.5554356697907936,True,False
2019-07-31,2019Q3,2,2020Q1,growth_qoq,abstain,False,,-1.9981995416104459,no call,decelerating,,,True,False
2019-07-31,2019Q3,2,2020Q1,inflation_yoy,call,True,0.2824417596190749,0.0964443521505487,accelerating,accelerating,1.0,0.2824417596190749,True,False
2019-07-31,2019Q3,2,2020Q1,inflation_qoq,call,True,0.007938618104730288,-0.34186666247340014,accelerating,decelerating,0.0,0.007938618104730288,True,False
2019-07-31,2019Q3,3,2020Q2,growth_yoy,call,True,-0.1108134074402134,-8.757149987860636,decelerating,decelerating,1.0,0.1108134074402134,True,False
2019-07-31,2019Q3,3,2020Q2,growth_qoq,abstain,False,,-6.560462823665114,no call,decelerating,,,True,False
2019-07-31,2019Q3,3,2020Q2,inflation_yoy,call,True,-0.18563486414793973,-1.7357399133622071,decelerating,decelerating,1.0,0.18563486414793973,True,False
2019-07-31,2019Q3,3,2020Q2,inflation_qoq,call,True,0.007838297636730829,-1.3363402721502604,accelerating,decelerating,0.0,0.007838297636730829,True,False
2019-07-31,2019Q3,4,2020Q3,growth_yoy,call,True,0.13322796753341137,6.033942859011187,accelerating,accelerating,1.0,0.13322796753341137,True,False
2019-07-31,2019Q3,4,2020Q3,growth_qoq,abstain,False,,15.63906367058474,no call,accelerating,,,True,False
2019-07-31,2019Q3,4,2020Q3,inflation_yoy,call,True,0.1445319242198595,0.8136842075235167,accelerating,accelerating,1.0,0.1445319242198595,True,False
2019-07-31,2019Q3,4,2020Q3,inflation_qoq,call,True,0.007787025772110212,2.1189450584353953,accelerating,accelerating,1.0,0.007787025772110212,True,False
2019-08-31,2019Q3,0,2019Q3,growth_yoy,call,True,-0.2921927378289002,0.5550911739446107,decelerating,accelerating,0.0,0.2921927378289002,False,False
2019-08-31,2019Q3,0,2019Q3,growth_qoq,call,True,-0.16843830530392012,0.3348560158825231,decelerating,accelerating,0.0,0.16843830530392012,False,False
2019-08-31,2019Q3,0,2019Q3,inflation_yoy,call,True,-0.05507292076235193,-0.07307289007228612,decelerating,decelerating,1.0,0.05507292076235193,False,False
2019-08-31,2019Q3,0,2019Q3,inflation_qoq,call,True,-0.3870676281232166,-0.40484052390632463,decelerating,decelerating,1.0,0.3870676281232166,False,False
2019-08-31,2019Q3,1,2019Q4,growth_yoy,call,True,0.37423451896074766,0.5545596555552423,accelerating,accelerating,1.0,0.37423451896074766,False,False
2019-08-31,2019Q3,1,2019Q4,growth_qoq,lean,True,0.10884035985315732,-0.4881239870268894,accelerating,decelerating,0.0,0.10884035985315732,False,False
2019-08-31,2019Q3,1,2019Q4,inflation_yoy,call,True,0.1010778523812852,0.2991071049003755,accelerating,accelerating,1.0,0.1010778523812852,False,False
2019-08-31,2019Q3,1,2019Q4,inflation_qoq,call,True,0.15925156966662968,0.37248295245990715,accelerating,accelerating,1.0,0.15925156966662968,False,False
2019-08-31,2019Q3,2,2020Q1,growth_yoy,call,True,0.5552352156423135,-1.9932414951223665,accelerating,decelerating,0.0,0.5552352156423135,True,False
2019-08-31,2019Q3,2,2020Q1,growth_qoq,abstain,False,,-1.9981995416104459,no call,decelerating,,,True,False
2019-08-31,2019Q3,2,2020Q1,inflation_yoy,call,True,0.2732149039274214,0.0964443521505487,accelerating,accelerating,1.0,0.2732149039274214,True,False
2019-08-31,2019Q3,2,2020Q1,inflation_qoq,call,True,0.028635243673735822,-0.34186666247340014,accelerating,decelerating,0.0,0.028635243673735822,True,False
2019-08-31,2019Q3,3,2020Q2,growth_yoy,call,True,-0.11077341539715846,-8.757149987860636,decelerating,decelerating,1.0,0.11077341539715846,True,False
2019-08-31,2019Q3,3,2020Q2,growth_qoq,abstain,False,,-6.560462823665114,no call,decelerating,,,True,False
2019-08-31,2019Q3,3,2020Q2,inflation_yoy,call,True,-0.19739502042948076,-1.7357399133622071,decelerating,decelerating,1.0,0.19739502042948076,True,False
2019-08-31,2019Q3,3,2020Q2,inflation_qoq,call,True,0.004865269411991058,-1.3363402721502604,accelerating,decelerating,0.0,0.004865269411991058,True,False
2019-08-31,2019Q3,4,2020Q3,growth_yoy,call,True,0.17020844388007106,6.033942859011187,accelerating,accelerating,1.0,0.17020844388007106,True,False
2019-08-31,2019Q3,4,2020Q3,growth_qoq,abstain,False,,15.63906367058474,no call,accelerating,,,True,False
2019-08-31,2019Q3,4,2020Q3,inflation_yoy,call,True,0.20153054478590327,0.8136842075235167,accelerating,accelerating,1.0,0.20153054478590327,True,False
2019-08-31,2019Q3,4,2020Q3,inflation_qoq,call,True,0.005664535479033006,2.1189450584353953,accelerating,accelerating,1.0,0.005664535479033006,True,False
2019-09-30,2019Q3,0,2019Q3,growth_yoy,call,True,-0.22497409752475495,0.5550911739446107,decelerating,accelerating,0.0,0.22497409752475495,False,False
2019-09-30,2019Q3,0,2019Q3,growth_qoq,call,True,-0.16843830530392012,0.3348560158825231,decelerating,accelerating,0.0,0.16843830530392012,False,False
2019-09-30,2019Q3,0,2019Q3,inflation_yoy,call,True,-0.05851081749719267,-0.07307289007228612,decelerating,decelerating,1.0,0.05851081749719267,False,False
2019-09-30,2019Q3,0,2019Q3,inflation_qoq,call,True,-0.3904533311463565,-0.40484052390632463,decelerating,decelerating,1.0,0.3904533311463565,False,False
2019-09-30,2019Q3,1,2019Q4,growth_yoy,call,True,0.37448208108585845,0.5545596555552423,accelerating,accelerating,1.0,0.37448208108585845,False,False
2019-09-30,2019Q3,1,2019Q4,growth_qoq,lean,True,0.10884035985315732,-0.4881239870268894,accelerating,decelerating,0.0,0.10884035985315732,False,False
2019-09-30,2019Q3,1,2019Q4,inflation_yoy,call,True,0.10861040665435251,0.2991071049003755,accelerating,accelerating,1.0,0.10861040665435251,False,False
2019-09-30,2019Q3,1,2019Q4,inflation_qoq,call,True,0.17006852492447155,0.37248295245990715,accelerating,accelerating,1.0,0.17006852492447155,False,False
2019-09-30,2019Q3,2,2020Q1,growth_yoy,call,True,0.5556025126257191,-1.9932414951223665,accelerating,decelerating,0.0,0.5556025126257191,True,False
2019-09-30,2019Q3,2,2020Q1,growth_qoq,abstain,False,,-1.9981995416104459,no call,decelerating,,,True,False
2019-09-30,2019Q3,2,2020Q1,inflation_yoy,call,True,0.27051105506725737,0.0964443521505487,accelerating,accelerating,1.0,0.27051105506725737,True,False
2019-09-30,2019Q3,2,2020Q1,inflation_qoq,call,True,0.018529822235380244,-0.34186666247340014,accelerating,decelerating,0.0,0.018529822235380244,True,False
2019-09-30,2019Q3,3,2020Q2,growth_yoy,call,True,-0.11084669378469414,-8.757149987860636,decelerating,decelerating,1.0,0.11084669378469414,True,False
2019-09-30,2019Q3,3,2020Q2,growth_qoq,abstain,False,,-6.560462823665114,no call,decelerating,,,True,False
2019-09-30,2019Q3,3,2020Q2,inflation_yoy,call,True,-0.20044675536299295,-1.7357399133622071,decelerating,decelerating,1.0,0.20044675536299295,True,False
2019-09-30,2019Q3,3,2020Q2,inflation_qoq,call,True,0.004534592206484334,-1.3363402721502604,accelerating,decelerating,0.0,0.004534592206484334,True,False
2019-09-30,2019Q3,4,2020Q3,growth_yoy,call,True,0.10244822285494504,6.033942859011187,accelerating,accelerating,1.0,0.10244822285494504,True,False
2019-09-30,2019Q3,4,2020Q3,growth_qoq,abstain,False,,15.63906367058474,no call,accelerating,,,True,False
2019-09-30,2019Q3,4,2020Q3,inflation_yoy,call,True,0.20146557833189416,0.8136842075235167,accelerating,accelerating,1.0,0.20146557833189416,True,False
2019-09-30,2019Q3,4,2020Q3,inflation_qoq,call,True,0.005209394920924204,2.1189450584353953,accelerating,accelerating,1.0,0.005209394920924204,True,False
2019-10-31,2019Q4,0,2019Q4,growth_yoy,call,True,0.04429127433844826,0.5545596555552423,accelerating,accelerating,1.0,0.04429127433844826,False,False
2019-10-31,2019Q4,0,2019Q4,growth_qoq,call,True,-0.4185745911881523,-0.4881239870268894,decelerating,decelerating,1.0,0.4185745911881523,False,False
2019-10-31,2019Q4,0,2019Q4,inflation_yoy,call,True,0.18322856153325517,0.2991071049003755,accelerating,accelerating,1.0,0.18322856153325517,False,False
2019-10-31,2019Q4,0,2019Q4,inflation_qoq,call,True,0.2581331937448361,0.37248295245990715,accelerating,accelerating,1.0,0.2581331937448361,False,False
2019-10-31,2019Q4,1,2020Q1,growth_yoy,call,True,0.3745420947211864,-1.9932414951223665,accelerating,decelerating,0.0,0.3745420947211864,True,False
2019-10-31,2019Q4,1,2020Q1,growth_qoq,lean,True,0.4431500793341314,-1.9981995416104459,accelerating,decelerating,0.0,0.4431500793341314,True,False
2019-10-31,2019Q4,1,2020Q1,inflation_yoy,call,True,0.2618409267892916,0.0964443521505487,accelerating,accelerating,1.0,0.2618409267892916,True,False
2019-10-31,2019Q4,1,2020Q1,inflation_qoq,call,True,-0.06383933985394386,-0.34186666247340014,decelerating,decelerating,1.0,0.06383933985394386,True,False
2019-10-31,2019Q4,2,2020Q2,growth_yoy,call,True,-0.1572503124789515,-8.757149987860636,decelerating,decelerating,1.0,0.1572503124789515,True,False
2019-10-31,2019Q4,2,2020Q2,growth_qoq,abstain,False,,-6.560462823665114,no call,decelerating,,,True,False
2019-10-31,2019Q4,2,2020Q2,inflation_yoy,call,True,-0.208568295694733,-1.7357399133622071,decelerating,decelerating,1.0,0.208568295694733,True,False
2019-10-31,2019Q4,2,2020Q2,inflation_qoq,call,True,0.005326581111719797,-1.3363402721502604,accelerating,decelerating,0.0,0.005326581111719797,True,False
2019-10-31,2019Q4,3,2020Q3,growth_yoy,call,True,-0.4499421186041852,6.033942859011187,decelerating,accelerating,0.0,0.4499421186041852,True,False
2019-10-31,2019Q4,3,2020Q3,growth_qoq,abstain,False,,15.63906367058474,no call,accelerating,,,True,False
2019-10-31,2019Q4,3,2020Q3,inflation_yoy,call,True,0.2089742453626069,0.8136842075235167,accelerating,accelerating,1.0,0.2089742453626069,True,False
2019-10-31,2019Q4,3,2020Q3,inflation_qoq,call,True,0.006010641794595983,2.1189450584353953,accelerating,accelerating,1.0,0.006010641794595983,True,False
2019-10-31,2019Q4,4,2020Q4,growth_yoy,call,True,0.35167837970235816,0.4424568580500332,accelerating,accelerating,1.0,0.35167837970235816,True,False
2019-10-31,2019Q4,4,2020Q4,growth_qoq,abstain,False,,-6.62876406444346,no call,decelerating,,,True,False
2019-10-31,2019Q4,4,2020Q4,inflation_yoy,call,True,-0.05124713965821348,0.01919772830204125,decelerating,accelerating,0.0,0.05124713965821348,True,False
2019-10-31,2019Q4,4,2020Q4,inflation_qoq,call,True,0.0020239962218449037,-0.42170688054545824,accelerating,decelerating,0.0,0.0020239962218449037,True,False
2019-11-30,2019Q4,0,2019Q4,growth_yoy,call,True,-0.0601240692929661,0.5545596555552423,decelerating,accelerating,0.0,0.0601240692929661,False,False
2019-11-30,2019Q4,0,2019Q4,growth_qoq,call,True,-0.4185745911881523,-0.4881239870268894,decelerating,decelerating,1.0,0.4185745911881523,False,False
2019-11-30,2019Q4,0,2019Q4,inflation_yoy,call,True,0.21596147977762659,0.2991071049003755,accelerating,accelerating,1.0,0.21596147977762659,False,False
2019-11-30,2019Q4,0,2019Q4,inflation_qoq,call,True,0.2904311999600617,0.37248295245990715,accelerating,accelerating,1.0,0.2904311999600617,False,False
2019-11-30,2019Q4,1,2020Q1,growth_yoy,call,True,0.3741601751652057,-1.9932414951223665,accelerating,decelerating,0.0,0.3741601751652057,True,False
2019-11-30,2019Q4,1,2020Q1,growth_qoq,lean,True,0.4431500793341314,-1.9981995416104459,accelerating,decelerating,0.0,0.4431500793341314,True,False
2019-11-30,2019Q4,1,2020Q1,inflation_yoy,call,True,0.2881905904010382,0.0964443521505487,accelerating,accelerating,1.0,0.2881905904010382,True,False
2019-11-30,2019Q4,1,2020Q1,inflation_qoq,call,True,-0.07029631521111579,-0.34186666247340014,decelerating,decelerating,1.0,0.07029631521111579,True,False
2019-11-30,2019Q4,2,2020Q2,growth_yoy,call,True,-0.1570899647627355,-8.757149987860636,decelerating,decelerating,1.0,0.1570899647627355,True,False
2019-11-30,2019Q4,2,2020Q2,growth_qoq,abstain,False,,-6.560462823665114,no call,decelerating,,,True,False
2019-11-30,2019Q4,2,2020Q2,inflation_yoy,call,True,-0.1951301226334725,-1.7357399133622071,decelerating,decelerating,1.0,0.1951301226334725,True,False
2019-11-30,2019Q4,2,2020Q2,inflation_qoq,call,True,-0.007167139644148612,-1.3363402721502604,decelerating,decelerating,1.0,0.007167139644148612,True,False
2019-11-30,2019Q4,3,2020Q3,growth_yoy,call,True,-0.44948331384877527,6.033942859011187,decelerating,accelerating,0.0,0.44948331384877527,True,False
2019-11-30,2019Q4,3,2020Q3,growth_qoq,abstain,False,,15.63906367058474,no call,accelerating,,,True,False
2019-11-30,2019Q4,3,2020Q3,inflation_yoy,call,True,0.22297765269627678,0.8136842075235167,accelerating,accelerating,1.0,0.22297765269627678,True,False
2019-11-30,2019Q4,3,2020Q3,inflation_qoq,call,True,0.006287350236222622,2.1189450584353953,accelerating,accelerating,1.0,0.006287350236222622,True,False
2019-11-30,2019Q4,4,2020Q4,growth_yoy,call,True,0.45585649041812726,0.4424568580500332,accelerating,accelerating,1.0,0.45585649041812726,True,False
2019-11-30,2019Q4,4,2020Q4,growth_qoq,abstain,False,,-6.62876406444346,no call,decelerating,,,True,False
2019-11-30,2019Q4,4,2020Q4,inflation_yoy,call,True,-0.0709618530038516,0.01919772830204125,decelerating,accelerating,0.0,0.0709618530038516,True,False
2019-11-30,2019Q4,4,2020Q4,inflation_qoq,call,True,0.0013010954151182474,-0.42170688054545824,accelerating,decelerating,0.0,0.0013010954151182474,True,False
2019-12-31,2019Q4,0,2019Q4,growth_yoy,call,True,0.07707213912753197,0.5545596555552423,accelerating,accelerating,1.0,0.07707213912753197,False,False
2019-12-31,2019Q4,0,2019Q4,growth_qoq,call,True,-0.4185745911881523,-0.4881239870268894,decelerating,decelerating,1.0,0.4185745911881523,False,False
2019-12-31,2019Q4,0,2019Q4,inflation_yoy,call,True,0.26485368245160834,0.2991071049003755,accelerating,accelerating,1.0,0.26485368245160834,False,False
2019-12-31,2019Q4,0,2019Q4,inflation_qoq,call,True,0.33867391121866763,0.37248295245990715,accelerating,accelerating,1.0,0.33867391121866763,False,False
2019-12-31,2019Q4,1,2020Q1,growth_yoy,call,True,0.3746619971501497,-1.9932414951223665,accelerating,decelerating,0.0,0.3746619971501497,True,False
2019-12-31,2019Q4,1,2020Q1,growth_qoq,lean,True,0.4431500793341314,-1.9981995416104459,accelerating,decelerating,0.0,0.4431500793341314,True,False
2019-12-31,2019Q4,1,2020Q1,inflation_yoy,call,True,0.320037321955291,0.0964443521505487,accelerating,accelerating,1.0,0.320037321955291,True,False
2019-12-31,2019Q4,1,2020Q1,inflation_qoq,call,True,-0.08736746585684685,-0.34186666247340014,decelerating,decelerating,1.0,0.08736746585684685,True,False
2019-12-31,2019Q4,2,2020Q2,growth_yoy,call,True,-0.15730065313410702,-8.757149987860636,decelerating,decelerating,1.0,0.15730065313410702,True,False
2019-12-31,2019Q4,2,2020Q2,growth_qoq,abstain,False,,-6.560462823665114,no call,decelerating,,,True,False
2019-12-31,2019Q4,2,2020Q2,inflation_yoy,call,True,-0.19259586431483733,-1.7357399133622071,decelerating,decelerating,1.0,0.19259586431483733,True,False
2019-12-31,2019Q4,2,2020Q2,inflation_qoq,call,True,-0.03569417605358005,-1.3363402721502604,decelerating,decelerating,1.0,0.03569417605358005,True,False
2019-12-31,2019Q4,3,2020Q3,growth_yoy,call,True,-0.4500861588967897,6.033942859011187,decelerating,accelerating,0.0,0.4500861588967897,True,False
2019-12-31,2019Q4,3,2020Q3,growth_qoq,abstain,False,,15.63906367058474,no call,accelerating,,,True,False
2019-12-31,2019Q4,3,2020Q3,inflation_yoy,call,True,0.22682723836372087,0.8136842075235167,accelerating,accelerating,1.0,0.22682723836372087,True,False
2019-12-31,2019Q4,3,2020Q3,inflation_qoq,call,True,0.0072465605172045144,2.1189450584353953,accelerating,accelerating,1.0,0.0072465605172045144,True,False
2019-12-31,2019Q4,4,2020Q4,growth_yoy,call,True,0.31897199343202676,0.4424568580500332,accelerating,accelerating,1.0,0.31897199343202676,True,False
2019-12-31,2019Q4,4,2020Q4,growth_qoq,abstain,False,,-6.62876406444346,no call,decelerating,,,True,False
2019-12-31,2019Q4,4,2020Q4,inflation_yoy,call,True,-0.11637187956359263,0.01919772830204125,decelerating,accelerating,0.0,0.11637187956359263,True,False
2019-12-31,2019Q4,4,2020Q4,inflation_qoq,call,True,0.0012416110636515043,-0.42170688054545824,accelerating,decelerating,0.0,0.0012416110636515043,True,False
2020-01-31,2020Q1,0,2020Q1,growth_yoy,call,True,-0.41207852388753796,-1.9932414951223665,decelerating,decelerating,1.0,0.41207852388753796,True,False
2020-01-31,2020Q1,0,2020Q1,growth_qoq,call,True,0.053493368825714926,-1.9981995416104459,accelerating,decelerating,0.0,0.053493368825714926,True,False
2020-01-31,2020Q1,0,2020Q1,inflation_yoy,call,True,0.35486586700193756,0.0964443521505487,accelerating,accelerating,1.0,0.35486586700193756,True,False
2020-01-31,2020Q1,0,2020Q1,inflation_qoq,call,True,-0.08708331280018466,-0.34186666247340014,decelerating,decelerating,1.0,0.08708331280018466,True,False
2020-01-31,2020Q1,1,2020Q2,growth_yoy,call,True,-0.20899011092232467,-8.757149987860636,decelerating,decelerating,1.0,0.20899011092232467,True,False
2020-01-31,2020Q1,1,2020Q2,growth_qoq,lean,True,-0.14981679952041915,-6.560462823665114,decelerating,decelerating,1.0,0.14981679952041915,True,False
2020-01-31,2020Q1,1,2020Q2,inflation_yoy,call,True,-0.21147108093973666,-1.7357399133622071,decelerating,decelerating,1.0,0.21147108093973666,True,False
2020-01-31,2020Q1,1,2020Q2,inflation_qoq,call,True,-0.0882129197379733,-1.3363402721502604,decelerating,decelerating,1.0,0.0882129197379733,True,False
2020-01-31,2020Q1,2,2020Q3,growth_yoy,call,True,-0.513674141162479,6.033942859011187,decelerating,accelerating,0.0,0.513674141162479,True,False
2020-01-31,2020Q1,2,2020Q3,growth_qoq,abstain,False,,15.63906367058474,no call,accelerating,,,True,False
2020-01-31,2020Q1,2,2020Q3,inflation_yoy,call,True,0.20898930808067995,0.8136842075235167,accelerating,accelerating,1.0,0.20898930808067995,True,False
2020-01-31,2020Q1,2,2020Q3,inflation_qoq,call,True,0.008044874773549537,2.1189450584353953,accelerating,accelerating,1.0,0.008044874773549537,True,False
2020-01-31,2020Q1,3,2020Q4,growth_yoy,call,True,0.15153302602548546,0.4424568580500332,accelerating,accelerating,1.0,0.15153302602548546,True,False
2020-01-31,2020Q1,3,2020Q4,growth_qoq,abstain,False,,-6.62876406444346,no call,decelerating,,,True,False
2020-01-31,2020Q1,3,2020Q4,inflation_yoy,call,True,-0.16780189256451195,0.01919772830204125,decelerating,accelerating,0.0,0.16780189256451195,True,False
2020-01-31,2020Q1,3,2020Q4,inflation_qoq,call,True,0.001983562766860736,-0.42170688054545824,accelerating,decelerating,0.0,0.001983562766860736,True,False
2020-01-31,2020Q1,4,2021Q1,growth_yoy,call,True,0.6357166642112722,2.722969418174248,accelerating,accelerating,1.0,0.6357166642112722,True,False
2020-01-31,2020Q1,4,2021Q1,growth_qoq,abstain,False,,0.2623013503610716,no call,accelerating,,,True,False
2020-01-31,2020Q1,4,2021Q1,inflation_yoy,call,True,-0.07927290748351501,0.6616428622164754,decelerating,accelerating,0.0,0.07927290748351501,True,False
2020-01-31,2020Q1,4,2021Q1,inflation_qoq,call,True,0.000378434296632868,0.293834222115974,accelerating,accelerating,1.0,0.000378434296632868,True,False
2020-02-29,2020Q1,0,2020Q1,growth_yoy,call,True,0.14717328115005923,-1.9932414951223665,accelerating,decelerating,0.0,0.14717328115005923,True,False
2020-02-29,2020Q1,0,2020Q1,growth_qoq,call,True,0.053493368825714926,-1.9981995416104459,accelerating,decelerating,0.0,0.053493368825714926,True,False
2020-02-29,2020Q1,0,2020Q1,inflation_yoy,call,True,0.29811280406140117,0.0964443521505487,accelerating,accelerating,1.0,0.29811280406140117,True,False
2020-02-29,2020Q1,0,2020Q1,inflation_qoq,call,True,-0.1429997157026408,-0.34186666247340014,decelerating,decelerating,1.0,0.1429997157026408,True,False
2020-02-29,2020Q1,1,2020Q2,growth_yoy,call,True,-0.21013247509236166,-8.757149987860636,decelerating,decelerating,1.0,0.21013247509236166,True,False
2020-02-29,2020Q1,1,2020Q2,growth_qoq,lean,True,-0.14981679952041915,-6.560462823665114,decelerating,decelerating,1.0,0.14981679952041915,True,False
2020-02-29,2020Q1,1,2020Q2,inflation_yoy,call,True,-0.256455312743046,-1.7357399133622071,decelerating,decelerating,1.0,0.256455312743046,True,False
2020-02-29,2020Q1,1,2020Q2,inflation_qoq,call,True,-0.07653352518939283,-1.3363402721502604,decelerating,decelerating,1.0,0.07653352518939283,True,False
2020-02-29,2020Q1,2,2020Q3,growth_yoy,call,True,-0.5164819435572232,6.033942859011187,decelerating,accelerating,0.0,0.5164819435572232,True,False
2020-02-29,2020Q1,2,2020Q3,growth_qoq,abstain,False,,15.63906367058474,no call,accelerating,,,True,False
2020-02-29,2020Q1,2,2020Q3,inflation_yoy,call,True,0.21140682178173442,0.8136842075235167,accelerating,accelerating,1.0,0.21140682178173442,True,False
2020-02-29,2020Q1,2,2020Q3,inflation_qoq,call,True,0.05486249710897617,2.1189450584353953,accelerating,accelerating,1.0,0.05486249710897617,True,False
2020-02-29,2020Q1,3,2020Q4,growth_yoy,call,True,0.1523613231096954,0.4424568580500332,accelerating,accelerating,1.0,0.1523613231096954,True,False
2020-02-29,2020Q1,3,2020Q4,growth_qoq,abstain,False,,-6.62876406444346,no call,decelerating,,,True,False
2020-02-29,2020Q1,3,2020Q4,inflation_yoy,call,True,-0.16715673426022093,0.01919772830204125,decelerating,accelerating,0.0,0.16715673426022093,True,False
2020-02-29,2020Q1,3,2020Q4,inflation_qoq,call,True,-0.00012289197122150597,-0.42170688054545824,decelerating,decelerating,1.0,0.00012289197122150597,True,False
2020-02-29,2020Q1,4,2021Q1,growth_yoy,call,True,0.07958672865426841,2.722969418174248,accelerating,accelerating,1.0,0.07958672865426841,True,False
2020-02-29,2020Q1,4,2021Q1,growth_qoq,abstain,False,,0.2623013503610716,no call,accelerating,,,True,False
2020-02-29,2020Q1,4,2021Q1,inflation_yoy,call,True,-0.022665028300535628,0.6616428622164754,decelerating,accelerating,0.0,0.022665028300535628,True,False
2020-02-29,2020Q1,4,2021Q1,inflation_qoq,call,True,-0.00027483066986633276,0.293834222115974,decelerating,accelerating,0.0,0.00027483066986633276,True,False
2020-03-31,2020Q1,0,2020Q1,growth_yoy,call,True,0.32807090297872765,-1.9932414951223665,accelerating,decelerating,0.0,0.32807090297872765,True,False
2020-03-31,2020Q1,0,2020Q1,growth_qoq,call,True,0.053493368825714926,-1.9981995416104459,accelerating,decelerating,0.0,0.053493368825714926,True,False
2020-03-31,2020Q1,0,2020Q1,inflation_yoy,call,True,0.14515620362500048,0.0964443521505487,accelerating,accelerating,1.0,0.14515620362500048,True,False
2020-03-31,2020Q1,0,2020Q1,inflation_qoq,call,True,-0.29383688420774323,-0.34186666247340014,decelerating,decelerating,1.0,0.29383688420774323,True,False
2020-03-31,2020Q1,1,2020Q2,growth_yoy,call,True,-0.21050198835947942,-8.757149987860636,decelerating,decelerating,1.0,0.21050198835947942,True,False
2020-03-31,2020Q1,1,2020Q2,growth_qoq,lean,True,-0.14981679952041915,-6.560462823665114,decelerating,decelerating,1.0,0.14981679952041915,True,False
2020-03-31,2020Q1,1,2020Q2,inflation_yoy,call,True,-0.5805007824671786,-1.7357399133622071,decelerating,decelerating,1.0,0.5805007824671786,True,False
2020-03-31,2020Q1,1,2020Q2,inflation_qoq,call,True,-0.2449443925280903,-1.3363402721502604,decelerating,decelerating,1.0,0.2449443925280903,True,False
2020-03-31,2020Q1,2,2020Q3,growth_yoy,call,True,-0.5173901655266322,6.033942859011187,decelerating,accelerating,0.0,0.5173901655266322,True,False
2020-03-31,2020Q1,2,2020Q3,growth_qoq,abstain,False,,15.63906367058474,no call,accelerating,,,True,False
2020-03-31,2020Q1,2,2020Q3,inflation_yoy,call,True,0.20671984817471523,0.8136842075235167,accelerating,accelerating,1.0,0.20671984817471523,True,False
2020-03-31,2020Q1,2,2020Q3,inflation_qoq,call,True,0.3704560798243106,2.1189450584353953,accelerating,accelerating,1.0,0.3704560798243106,True,False
2020-03-31,2020Q1,3,2020Q4,growth_yoy,call,True,0.15262924709553705,0.4424568580500332,accelerating,accelerating,1.0,0.15262924709553705,True,False
2020-03-31,2020Q1,3,2020Q4,growth_qoq,abstain,False,,-6.62876406444346,no call,decelerating,,,True,False
2020-03-31,2020Q1,3,2020Q4,inflation_yoy,call,True,-0.17647778411845993,0.01919772830204125,decelerating,accelerating,0.0,0.17647778411845993,True,False
2020-03-31,2020Q1,3,2020Q4,inflation_qoq,call,True,-0.006471764459869966,-0.42170688054545824,decelerating,decelerating,1.0,0.006471764459869966,True,False
2020-03-31,2020Q1,4,2021Q1,growth_yoy,call,True,-0.1003010819237371,2.722969418174248,decelerating,accelerating,0.0,0.1003010819237371,True,False
2020-03-31,2020Q1,4,2021Q1,growth_qoq,abstain,False,,0.2623013503610716,no call,accelerating,,,True,False
2020-03-31,2020Q1,4,2021Q1,inflation_yoy,call,True,0.11596003158580448,0.6616428622164754,accelerating,accelerating,1.0,0.11596003158580448,True,False
2020-03-31,2020Q1,4,2021Q1,inflation_qoq,call,True,-0.0046147992325051845,0.293834222115974,decelerating,accelerating,0.0,0.0046147992325051845,True,False
2020-04-30,2020Q2,0,2020Q2,growth_yoy,call,True,-6.188407226752535,-8.757149987860636,decelerating,decelerating,1.0,6.188407226752535,True,False
2020-04-30,2020Q2,0,2020Q2,growth_qoq,call,True,2.0822471784222896,-6.560462823665114,accelerating,decelerating,0.0,2.0822471784222896,True,False
2020-04-30,2020Q2,0,2020Q2,inflation_yoy,call,True,-1.3651841650793952,-1.7357399133622071,decelerating,decelerating,1.0,1.3651841650793952,True,False
2020-04-30,2020Q2,0,2020Q2,inflation_qoq,call,True,-0.9708778862637324,-1.3363402721502604,decelerating,decelerating,1.0,0.9708778862637324,True,False
2020-04-30,2020Q2,1,2020Q3,growth_yoy,call,True,-0.5044927775588954,6.033942859011187,decelerating,accelerating,0.0,0.5044927775588954,True,False
2020-04-30,2020Q2,1,2020Q3,growth_qoq,lean,True,-2.4159548562978084,15.63906367058474,decelerating,accelerating,0.0,2.4159548562978084,True,False
2020-04-30,2020Q2,1,2020Q3,inflation_yoy,call,True,0.21983301806696165,0.8136842075235167,accelerating,accelerating,1.0,0.21983301806696165,True,False
2020-04-30,2020Q2,1,2020Q3,inflation_qoq,call,True,1.1591658442522412,2.1189450584353953,accelerating,accelerating,1.0,1.1591658442522412,True,False
2020-04-30,2020Q2,2,2020Q4,growth_yoy,call,True,0.06244995469054615,0.4424568580500332,accelerating,accelerating,1.0,0.06244995469054615,True,False
2020-04-30,2020Q2,2,2020Q4,growth_qoq,abstain,False,,-6.62876406444346,no call,decelerating,,,True,False
2020-04-30,2020Q2,2,2020Q4,inflation_yoy,call,True,-0.16332909446906319,0.01919772830204125,decelerating,accelerating,0.0,0.16332909446906319,True,False
2020-04-30,2020Q2,2,2020Q4,inflation_qoq,call,True,-0.009523060333127553,-0.42170688054545824,decelerating,decelerating,1.0,0.009523060333127553,True,False
2020-04-30,2020Q2,3,2021Q1,growth_yoy,call,True,2.3121358581942753,2.722969418174248,accelerating,accelerating,1.0,2.3121358581942753,True,False
2020-04-30,2020Q2,3,2021Q1,growth_qoq,abstain,False,,0.2623013503610716,no call,accelerating,,,True,False
2020-04-30,2020Q2,3,2021Q1,inflation_yoy,call,True,0.17207686013795975,0.6616428622164754,accelerating,accelerating,1.0,0.17207686013795975,True,False
2020-04-30,2020Q2,3,2021Q1,inflation_qoq,call,True,-0.007949759650416333,0.293834222115974,decelerating,accelerating,0.0,0.007949759650416333,True,False
2020-04-30,2020Q2,4,2021Q2,growth_yoy,call,True,6.078918992601778,10.58491513298201,accelerating,accelerating,1.0,6.078918992601778,True,False
2020-04-30,2020Q2,4,2021Q2,growth_qoq,abstain,False,,0.3060748183366657,no call,accelerating,,,True,False
2020-04-30,2020Q2,4,2021Q2,inflation_yoy,call,True,1.1556327525063634,2.878495850081027,accelerating,accelerating,1.0,1.1556327525063634,True,False
2020-04-30,2020Q2,4,2021Q2,inflation_qoq,call,True,-0.0039328044895592384,0.8077668412147521,decelerating,accelerating,0.0,0.0039328044895592384,True,False
2020-05-31,2020Q2,0,2020Q2,growth_yoy,call,True,-13.717238099683549,-8.757149987860636,decelerating,decelerating,1.0,13.717238099683549,True,False
2020-05-31,2020Q2,0,2020Q2,growth_qoq,call,True,2.0822471784222896,-6.560462823665114,accelerating,decelerating,0.0,2.0822471784222896,True,False
2020-05-31,2020Q2,0,2020Q2,inflation_yoy,call,True,-1.6564146674028426,-1.7357399133622071,decelerating,decelerating,1.0,1.6564146674028426,True,False
2020-05-31,2020Q2,0,2020Q2,inflation_qoq,call,True,-1.2580933778343795,-1.3363402721502604,decelerating,decelerating,1.0,1.2580933778343795,True,False
2020-05-31,2020Q2,1,2020Q3,growth_yoy,call,True,-0.4642515000831331,6.033942859011187,decelerating,accelerating,0.0,0.4642515000831331,True,False
2020-05-31,2020Q2,1,2020Q3,growth_qoq,lean,True,-2.4159548562978084,15.63906367058474,decelerating,accelerating,0.0,2.4159548562978084,True,False
2020-05-31,2020Q2,1,2020Q3,inflation_yoy,call,True,0.33033236446357395,0.8136842075235167,accelerating,accelerating,1.0,0.33033236446357395,True,False
2020-05-31,2020Q2,1,2020Q3,inflation_qoq,call,True,1.5573797695737523,2.1189450584353953,accelerating,accelerating,1.0,1.5573797695737523,True,False
2020-05-31,2020Q2,2,2020Q4,growth_yoy,call,True,0.057468583168805765,0.4424568580500332,accelerating,accelerating,1.0,0.057468583168805765,True,False
2020-05-31,2020Q2,2,2020Q4,growth_qoq,abstain,False,,-6.62876406444346,no call,decelerating,,,True,False
2020-05-31,2020Q2,2,2020Q4,inflation_yoy,call,True,-0.027516769755882686,0.01919772830204125,decelerating,accelerating,0.0,0.027516769755882686,True,False
2020-05-31,2020Q2,2,2020Q4,inflation_qoq,call,True,0.014891204755396181,-0.42170688054545824,accelerating,decelerating,0.0,0.014891204755396181,True,False
2020-05-31,2020Q2,3,2021Q1,growth_yoy,call,True,2.1277064574771742,2.722969418174248,accelerating,accelerating,1.0,2.1277064574771742,True,False
2020-05-31,2020Q2,3,2021Q1,growth_qoq,abstain,False,,0.2623013503610716,no call,accelerating,,,True,False
2020-05-31,2020Q2,3,2021Q1,inflation_yoy,call,True,0.3090935039631536,0.6616428622164754,accelerating,accelerating,1.0,0.3090935039631536,True,False
2020-05-31,2020Q2,3,2021Q1,inflation_qoq,call,True,-0.007004430551216245,0.293834222115974,decelerating,accelerating,0.0,0.007004430551216245,True,False
2020-05-31,2020Q2,4,2021Q2,growth_yoy,call,True,13.756919360295871,10.58491513298201,accelerating,accelerating,1.0,13.756919360295871,True,False
2020-05-31,2020Q2,4,2021Q2,growth_qoq,abstain,False,,0.3060748183366657,no call,accelerating,,,True,False
2020-05-31,2020Q2,4,2021Q2,inflation_yoy,call,True,1.5845664426547448,2.878495850081027,accelerating,accelerating,1.0,1.5845664426547448,True,False
2020-05-31,2020Q2,4,2021Q2,inflation_qoq,call,True,-0.011267568773432046,0.8077668412147521,decelerating,accelerating,0.0,0.011267568773432046,True,False
2020-06-30,2020Q2,0,2020Q2,growth_yoy,call,True,-9.274233630599916,-8.757149987860636,decelerating,decelerating,1.0,9.274233630599916,True,False
2020-06-30,2020Q2,0,2020Q2,growth_qoq,call,True,2.0822471784222896,-6.560462823665114,accelerating,decelerating,0.0,2.0822471784222896,True,False
2020-06-30,2020Q2,0,2020Q2,inflation_yoy,call,True,-1.6845216112987058,-1.7357399133622071,decelerating,decelerating,1.0,1.6845216112987058,True,False
2020-06-30,2020Q2,0,2020Q2,inflation_qoq,call,True,-1.2858353097460973,-1.3363402721502604,decelerating,decelerating,1.0,1.2858353097460973,True,False
2020-06-30,2020Q2,1,2020Q3,growth_yoy,call,True,-0.48799916803903365,6.033942859011187,decelerating,accelerating,0.0,0.48799916803903365,True,False
2020-06-30,2020Q2,1,2020Q3,growth_qoq,lean,True,-2.4159548562978084,15.63906367058474,decelerating,accelerating,0.0,2.4159548562978084,True,False
2020-06-30,2020Q2,1,2020Q3,inflation_yoy,call,True,0.49694724508353433,0.8136842075235167,accelerating,accelerating,1.0,0.49694724508353433,True,False
2020-06-30,2020Q2,1,2020Q3,inflation_qoq,call,True,1.7516256037181877,2.1189450584353953,accelerating,accelerating,1.0,1.7516256037181877,True,False
2020-06-30,2020Q2,2,2020Q4,growth_yoy,call,True,0.060408250204346814,0.4424568580500332,accelerating,accelerating,1.0,0.060408250204346814,True,False
2020-06-30,2020Q2,2,2020Q4,growth_qoq,abstain,False,,-6.62876406444346,no call,decelerating,,,True,False
2020-06-30,2020Q2,2,2020Q4,inflation_yoy,call,True,-0.06220453346403121,0.01919772830204125,decelerating,accelerating,0.0,0.06220453346403121,True,False
2020-06-30,2020Q2,2,2020Q4,inflation_qoq,call,True,-0.18618565190451353,-0.42170688054545824,decelerating,decelerating,1.0,0.18618565190451353,True,False
2020-06-30,2020Q2,3,2021Q1,growth_yoy,call,True,2.236544159564847,2.722969418174248,accelerating,accelerating,1.0,2.236544159564847,True,False
2020-06-30,2020Q2,3,2021Q1,growth_qoq,abstain,False,,0.2623013503610716,no call,accelerating,,,True,False
2020-06-30,2020Q2,3,2021Q1,inflation_yoy,call,True,0.2791415039056666,0.6616428622164754,accelerating,accelerating,1.0,0.2791415039056666,True,False
2020-06-30,2020Q2,3,2021Q1,inflation_qoq,call,True,-0.002508339603490839,0.293834222115974,decelerating,accelerating,0.0,0.002508339603490839,True,False
2020-06-30,2020Q2,4,2021Q2,growth_yoy,call,True,9.225885190044924,10.58491513298201,accelerating,accelerating,1.0,9.225885190044924,True,False
2020-06-30,2020Q2,4,2021Q2,growth_qoq,abstain,False,,0.3060748183366657,no call,accelerating,,,True,False
2020-06-30,2020Q2,4,2021Q2,inflation_yoy,call,True,1.5847528154001367,2.878495850081027,accelerating,accelerating,1.0,1.5847528154001367,True,False
2020-06-30,2020Q2,4,2021Q2,inflation_qoq,call,True,-0.01077892412881809,0.8077668412147521,decelerating,accelerating,0.0,0.01077892412881809,True,False
2020-07-31,2020Q3,0,2020Q3,growth_yoy,call,True,-2.4715386362368577,6.033942859011187,decelerating,accelerating,0.0,2.4715386362368577,True,False
2020-07-31,2020Q3,0,2020Q3,growth_qoq,call,True,7.473068133357344,15.63906367058474,accelerating,accelerating,1.0,7.473068133357344,True,False
2020-07-31,2020Q3,0,2020Q3,inflation_yoy,call,True,0.591911984717671,0.8136842075235167,accelerating,accelerating,1.0,0.591911984717671,True,False
2020-07-31,2020Q3,0,2020Q3,inflation_qoq,call,True,1.8972624775777325,2.1189450584353953,accelerating,accelerating,1.0,1.8972624775777325,True,False
2020-07-31,2020Q3,1,2020Q4,growth_yoy,call,True,0.0004627425379872818,0.4424568580500332,accelerating,accelerating,1.0,0.0004627425379872818,True,False
2020-07-31,2020Q3,1,2020Q4,growth_qoq,lean,True,-8.386420684618724,-6.62876406444346,decelerating,decelerating,1.0,8.386420684618724,True,False
2020-07-31,2020Q3,1,2020Q4,inflation_yoy,call,True,-0.07637536814338508,0.01919772830204125,decelerating,accelerating,0.0,0.07637536814338508,True,False
2020-07-31,2020Q3,1,2020Q4,inflation_qoq,call,True,-0.295424089689833,-0.42170688054545824,decelerating,decelerating,1.0,0.295424089689833,True,False
2020-07-31,2020Q3,2,2021Q1,growth_yoy,call,True,2.0476140368235747,2.722969418174248,accelerating,accelerating,1.0,2.0476140368235747,True,False
2020-07-31,2020Q3,2,2021Q1,growth_qoq,abstain,False,,0.2623013503610716,no call,accelerating,,,True,False
2020-07-31,2020Q3,2,2021Q1,inflation_yoy,call,True,0.26658107672320097,0.6616428622164754,accelerating,accelerating,1.0,0.26658107672320097,True,False
2020-07-31,2020Q3,2,2021Q1,inflation_qoq,call,True,-0.000959264151445538,0.293834222115974,decelerating,accelerating,0.0,0.000959264151445538,True,False
2020-07-31,2020Q3,3,2021Q2,growth_yoy,call,True,8.34742578358959,10.58491513298201,accelerating,accelerating,1.0,8.34742578358959,True,False
2020-07-31,2020Q3,3,2021Q2,growth_qoq,abstain,False,,0.3060748183366657,no call,accelerating,,,True,False
2020-07-31,2020Q3,3,2021Q2,inflation_yoy,call,True,1.6266887413247517,2.878495850081027,accelerating,accelerating,1.0,1.6266887413247517,True,False
2020-07-31,2020Q3,3,2021Q2,inflation_qoq,call,True,-0.008505619336651726,0.8077668412147521,decelerating,accelerating,0.0,0.008505619336651726,True,False
2020-07-31,2020Q3,4,2021Q3,growth_yoy,call,True,2.177205044902264,-7.234858314338922,accelerating,decelerating,0.0,2.177205044902264,False,False
2020-07-31,2020Q3,4,2021Q3,growth_qoq,abstain,False,,-0.8768384094501869,no call,decelerating,,,False,False
2020-07-31,2020Q3,4,2021Q3,inflation_yoy,call,True,-0.3185132510117614,0.46714448295804534,decelerating,accelerating,0.0,0.3185132510117614,False,False
2020-07-31,2020Q3,4,2021Q3,inflation_qoq,call,True,-0.007579230219123545,-0.22949742215143676,decelerating,decelerating,1.0,0.007579230219123545,False,False
2020-08-31,2020Q3,0,2020Q3,growth_yoy,call,True,3.440895868128546,6.033942859011187,accelerating,accelerating,1.0,3.440895868128546,True,False
2020-08-31,2020Q3,0,2020Q3,growth_qoq,call,True,7.473068133357344,15.63906367058474,accelerating,accelerating,1.0,7.473068133357344,True,False
2020-08-31,2020Q3,0,2020Q3,inflation_yoy,call,True,0.7272809361748234,0.8136842075235167,accelerating,accelerating,1.0,0.7272809361748234,True,False
2020-08-31,2020Q3,0,2020Q3,inflation_qoq,call,True,2.0325458543678954,2.1189450584353953,accelerating,accelerating,1.0,2.0325458543678954,True,False
2020-08-31,2020Q3,1,2020Q4,growth_yoy,call,True,0.0004932433504976075,0.4424568580500332,accelerating,accelerating,1.0,0.0004932433504976075,True,False
2020-08-31,2020Q3,1,2020Q4,growth_qoq,lean,True,-8.386420684618724,-6.62876406444346,decelerating,decelerating,1.0,8.386420684618724,True,False
2020-08-31,2020Q3,1,2020Q4,inflation_yoy,call,True,-0.07338836043101837,0.01919772830204125,decelerating,accelerating,0.0,0.07338836043101837,True,False
2020-08-31,2020Q3,1,2020Q4,inflation_qoq,call,True,-0.42766531227440563,-0.42170688054545824,decelerating,decelerating,1.0,0.42766531227440563,True,False
2020-08-31,2020Q3,2,2021Q1,growth_yoy,call,True,2.182578702243509,2.722969418174248,accelerating,accelerating,1.0,2.182578702243509,True,False
2020-08-31,2020Q3,2,2021Q1,growth_qoq,abstain,False,,0.2623013503610716,no call,accelerating,,,True,False
2020-08-31,2020Q3,2,2021Q1,inflation_yoy,call,True,0.2476823572496345,0.6616428622164754,accelerating,accelerating,1.0,0.2476823572496345,True,False
2020-08-31,2020Q3,2,2021Q1,inflation_qoq,call,True,-0.023111059586078397,0.293834222115974,decelerating,accelerating,0.0,0.023111059586078397,True,False
2020-08-31,2020Q3,3,2021Q2,growth_yoy,call,True,8.89763080647934,10.58491513298201,accelerating,accelerating,1.0,8.89763080647934,True,False
2020-08-31,2020Q3,3,2021Q2,growth_qoq,abstain,False,,0.3060748183366657,no call,accelerating,,,True,False
2020-08-31,2020Q3,3,2021Q2,inflation_yoy,call,True,1.6136352896141124,2.878495850081027,accelerating,accelerating,1.0,1.6136352896141124,True,False
2020-08-31,2020Q3,3,2021Q2,inflation_qoq,call,True,-0.004044332518970961,0.8077668412147521,decelerating,accelerating,0.0,0.004044332518970961,True,False
2020-08-31,2020Q3,4,2021Q3,growth_yoy,call,True,-4.420429648585311,-7.234858314338922,decelerating,decelerating,1.0,4.420429648585311,False,False
2020-08-31,2020Q3,4,2021Q3,growth_qoq,abstain,False,,-0.8768384094501869,no call,decelerating,,,False,False
2020-08-31,2020Q3,4,2021Q3,inflation_yoy,call,True,-0.4664933702555567,0.46714448295804534,decelerating,accelerating,0.0,0.4664933702555567,False,False
2020-08-31,2020Q3,4,2021Q3,inflation_qoq,call,True,-0.003088243655802181,-0.22949742215143676,decelerating,decelerating,1.0,0.003088243655802181,False,False
2020-09-30,2020Q3,0,2020Q3,growth_yoy,call,True,4.414061463258578,6.033942859011187,accelerating,accelerating,1.0,4.414061463258578,True,False
2020-09-30,2020Q3,0,2020Q3,growth_qoq,call,True,7.473068133357344,15.63906367058474,accelerating,accelerating,1.0,7.473068133357344,True,False
2020-09-30,2020Q3,0,2020Q3,inflation_yoy,call,True,0.812376886109371,0.8136842075235167,accelerating,accelerating,1.0,0.812376886109371,True,False
2020-09-30,2020Q3,0,2020Q3,inflation_qoq,call,True,2.11763703309622,2.1189450584353953,accelerating,accelerating,1.0,2.11763703309622,True,False
2020-09-30,2020Q3,1,2020Q4,growth_yoy,call,True,0.0004982636752637326,0.4424568580500332,accelerating,accelerating,1.0,0.0004982636752637326,True,False
2020-09-30,2020Q3,1,2020Q4,growth_qoq,lean,True,-8.386420684618724,-6.62876406444346,decelerating,decelerating,1.0,8.386420684618724,True,False
2020-09-30,2020Q3,1,2020Q4,inflation_yoy,call,True,-0.003654832329254676,0.01919772830204125,decelerating,accelerating,0.0,0.003654832329254676,True,False
2020-09-30,2020Q3,1,2020Q4,inflation_qoq,call,True,-0.4433828326980249,-0.42170688054545824,decelerating,decelerating,1.0,0.4433828326980249,True,False
2020-09-30,2020Q3,2,2021Q1,growth_yoy,call,True,2.2047934039620465,2.722969418174248,accelerating,accelerating,1.0,2.2047934039620465,True,False
2020-09-30,2020Q3,2,2021Q1,growth_qoq,abstain,False,,0.2623013503610716,no call,accelerating,,,True,False
2020-09-30,2020Q3,2,2021Q1,inflation_yoy,call,True,0.24638600654916698,0.6616428622164754,accelerating,accelerating,1.0,0.24638600654916698,True,False
2020-09-30,2020Q3,2,2021Q1,inflation_qoq,call,True,-0.09414464576891213,0.293834222115974,decelerating,accelerating,0.0,0.09414464576891213,True,False
2020-09-30,2020Q3,3,2021Q2,growth_yoy,call,True,8.988192587442612,10.58491513298201,accelerating,accelerating,1.0,8.988192587442612,True,False
2020-09-30,2020Q3,3,2021Q2,growth_qoq,abstain,False,,0.3060748183366657,no call,accelerating,,,True,False
2020-09-30,2020Q3,3,2021Q2,inflation_yoy,call,True,1.6166513240855864,2.878495850081027,accelerating,accelerating,1.0,1.6166513240855864,True,False
2020-09-30,2020Q3,3,2021Q2,inflation_qoq,call,True,-0.001826690888639959,0.8077668412147521,decelerating,accelerating,0.0,0.001826690888639959,True,False
2020-09-30,2020Q3,4,2021Q3,growth_yoy,call,True,-5.506376746721919,-7.234858314338922,decelerating,decelerating,1.0,5.506376746721919,False,False
2020-09-30,2020Q3,4,2021Q3,growth_qoq,abstain,False,,-0.8768384094501869,no call,decelerating,,,False,False
2020-09-30,2020Q3,4,2021Q3,inflation_yoy,call,True,-0.5503540939236995,0.46714448295804534,decelerating,accelerating,0.0,0.5503540939236995,False,False
2020-09-30,2020Q3,4,2021Q3,inflation_qoq,call,True,-0.000713935217722117,-0.22949742215143676,decelerating,decelerating,1.0,0.000713935217722117,False,False
2020-10-31,2020Q4,0,2020Q4,growth_yoy,call,True,1.3526834551370603,0.4424568580500332,accelerating,accelerating,1.0,1.3526834551370603,True,False
2020-10-31,2020Q4,0,2020Q4,growth_qoq,call,True,-7.115683846725609,-6.62876406444346,decelerating,decelerating,1.0,7.115683846725609,True,False
2020-10-31,2020Q4,0,2020Q4,inflation_yoy,call,True,0.018538878577952334,0.01919772830204125,accelerating,accelerating,1.0,0.018538878577952334,True,False
2020-10-31,2020Q4,0,2020Q4,inflation_qoq,call,True,-0.42262005502906597,-0.42170688054545824,decelerating,decelerating,1.0,0.42262005502906597,True,False
2020-10-31,2020Q4,1,2021Q1,growth_yoy,call,True,2.1720816327906456,2.722969418174248,accelerating,accelerating,1.0,2.1720816327906456,True,False
2020-10-31,2020Q4,1,2021Q1,growth_qoq,lean,True,7.364428801201162,0.2623013503610716,accelerating,accelerating,1.0,7.364428801201162,True,False
2020-10-31,2020Q4,1,2021Q1,inflation_yoy,call,True,0.2354760154298956,0.6616428622164754,accelerating,accelerating,1.0,0.2354760154298956,True,False
2020-10-31,2020Q4,1,2021Q1,inflation_qoq,call,True,-0.12707528922475397,0.293834222115974,decelerating,accelerating,0.0,0.12707528922475397,True,False
2020-10-31,2020Q4,2,2021Q2,growth_yoy,call,True,9.308393922363821,10.58491513298201,accelerating,accelerating,1.0,9.308393922363821,True,False
2020-10-31,2020Q4,2,2021Q2,growth_qoq,abstain,False,,0.3060748183366657,no call,accelerating,,,True,False
2020-10-31,2020Q4,2,2021Q2,inflation_yoy,call,True,1.6088977997093932,2.878495850081027,accelerating,accelerating,1.0,1.6088977997093932,True,False
2020-10-31,2020Q4,2,2021Q2,inflation_qoq,call,True,0.0012645074443318194,0.8077668412147521,accelerating,accelerating,1.0,0.0012645074443318194,True,False
2020-10-31,2020Q4,3,2021Q3,growth_yoy,call,True,-7.596074749716374,-7.234858314338922,decelerating,decelerating,1.0,7.596074749716374,False,False
2020-10-31,2020Q4,3,2021Q3,growth_qoq,abstain,False,,-0.8768384094501869,no call,decelerating,,,False,False
2020-10-31,2020Q4,3,2021Q3,inflation_yoy,call,True,-0.5553290079056548,0.46714448295804534,decelerating,accelerating,0.0,0.5553290079056548,False,False
2020-10-31,2020Q4,3,2021Q3,inflation_qoq,call,True,0.003494372555734593,-0.22949742215143676,accelerating,decelerating,0.0,0.003494372555734593,False,False
2020-10-31,2020Q4,4,2021Q4,growth_yoy,call,True,-1.4347550702772827,0.6053681970414448,decelerating,accelerating,0.0,1.4347550702772827,False,False
2020-10-31,2020Q4,4,2021Q4,growth_qoq,abstain,False,,0.8907022931446518,no call,accelerating,,,False,False
2020-10-31,2020Q4,4,2021Q4,inflation_yoy,call,True,-0.11794390112150532,1.5209842683373767,decelerating,accelerating,0.0,0.11794390112150532,False,False
2020-10-31,2020Q4,4,2021Q4,inflation_qoq,call,True,0.006716305278153811,0.5842995135905804,accelerating,accelerating,1.0,0.006716305278153811,False,False
2020-11-30,2020Q4,0,2020Q4,growth_yoy,call,True,-1.0077148970694338,0.4424568580500332,decelerating,accelerating,0.0,1.0077148970694338,True,False
2020-11-30,2020Q4,0,2020Q4,growth_qoq,call,True,-7.115683846725609,-6.62876406444346,decelerating,decelerating,1.0,7.115683846725609,True,False
2020-11-30,2020Q4,0,2020Q4,inflation_yoy,call,True,-0.08390785157360958,0.01919772830204125,decelerating,accelerating,0.0,0.08390785157360958,True,False
2020-11-30,2020Q4,0,2020Q4,inflation_qoq,call,True,-0.5245445214710376,-0.42170688054545824,decelerating,decelerating,1.0,0.5245445214710376,True,False
2020-11-30,2020Q4,1,2021Q1,growth_yoy,call,True,2.120734157534143,2.722969418174248,accelerating,accelerating,1.0,2.120734157534143,True,False
2020-11-30,2020Q4,1,2021Q1,growth_qoq,lean,True,7.364428801201162,0.2623013503610716,accelerating,accelerating,1.0,7.364428801201162,True,False
2020-11-30,2020Q4,1,2021Q1,inflation_yoy,call,True,0.22891058390060648,0.6616428622164754,accelerating,accelerating,1.0,0.22891058390060648,True,False
2020-11-30,2020Q4,1,2021Q1,inflation_qoq,call,True,-0.03142196581698009,0.293834222115974,decelerating,accelerating,0.0,0.03142196581698009,True,False
2020-11-30,2020Q4,2,2021Q2,growth_yoy,call,True,9.088345780806549,10.58491513298201,accelerating,accelerating,1.0,9.088345780806549,True,False
2020-11-30,2020Q4,2,2021Q2,growth_qoq,abstain,False,,0.3060748183366657,no call,accelerating,,,True,False
2020-11-30,2020Q4,2,2021Q2,inflation_yoy,call,True,1.603563711955765,2.878495850081027,accelerating,accelerating,1.0,1.603563711955765,True,False
2020-11-30,2020Q4,2,2021Q2,inflation_qoq,call,True,0.004010599507586754,0.8077668412147521,accelerating,accelerating,1.0,0.004010599507586754,True,False
2020-11-30,2020Q4,3,2021Q3,growth_yoy,call,True,-7.416505412003937,-7.234858314338922,decelerating,decelerating,1.0,7.416505412003937,False,False
2020-11-30,2020Q4,3,2021Q3,growth_qoq,abstain,False,,-0.8768384094501869,no call,decelerating,,,False,False
2020-11-30,2020Q4,3,2021Q3,inflation_yoy,call,True,-0.5548738274213503,0.46714448295804534,decelerating,accelerating,0.0,0.5548738274213503,False,False
2020-11-30,2020Q4,3,2021Q3,inflation_qoq,call,True,0.006862777267024889,-0.22949742215143676,accelerating,decelerating,0.0,0.006862777267024889,False,False
2020-11-30,2020Q4,4,2021Q4,growth_yoy,call,True,1.0174695610305484,0.6053681970414448,accelerating,accelerating,1.0,1.0174695610305484,False,False
2020-11-30,2020Q4,4,2021Q4,growth_qoq,abstain,False,,0.8907022931446518,no call,accelerating,,,False,False
2020-11-30,2020Q4,4,2021Q4,inflation_yoy,call,True,-0.012781242653876923,1.5209842683373767,decelerating,accelerating,0.0,0.012781242653876923,False,False
2020-11-30,2020Q4,4,2021Q4,inflation_qoq,call,True,0.008256659188754512,0.5842995135905804,accelerating,accelerating,1.0,0.008256659188754512,False,False
2020-12-31,2020Q4,0,2020Q4,growth_yoy,call,True,-1.0821818971928354,0.4424568580500332,decelerating,accelerating,0.0,1.0821818971928354,True,False
2020-12-31,2020Q4,0,2020Q4,growth_qoq,call,True,-7.115683846725609,-6.62876406444346,decelerating,decelerating,1.0,7.115683846725609,True,False
2020-12-31,2020Q4,0,2020Q4,inflation_yoy,call,True,0.004056171500625316,0.01919772830204125,accelerating,accelerating,1.0,0.004056171500625316,True,False
2020-12-31,2020Q4,0,2020Q4,inflation_qoq,call,True,-0.4368138771399632,-0.42170688054545824,decelerating,decelerating,1.0,0.4368138771399632,True,False
2020-12-31,2020Q4,1,2021Q1,growth_yoy,call,True,2.1191142223047077,2.722969418174248,accelerating,accelerating,1.0,2.1191142223047077,True,False
2020-12-31,2020Q4,1,2021Q1,growth_qoq,lean,True,7.364428801201162,0.2623013503610716,accelerating,accelerating,1.0,7.364428801201162,True,False
2020-12-31,2020Q4,1,2021Q1,inflation_yoy,call,True,0.36312342297177835,0.6616428622164754,accelerating,accelerating,1.0,0.36312342297177835,True,False
2020-12-31,2020Q4,1,2021Q1,inflation_qoq,call,True,0.013499308623599049,0.293834222115974,accelerating,accelerating,1.0,0.013499308623599049,True,False
2020-12-31,2020Q4,2,2021Q2,growth_yoy,call,True,9.081403594556846,10.58491513298201,accelerating,accelerating,1.0,9.081403594556846,True,False
2020-12-31,2020Q4,2,2021Q2,growth_qoq,abstain,False,,0.3060748183366657,no call,accelerating,,,True,False
2020-12-31,2020Q4,2,2021Q2,inflation_yoy,call,True,1.5928540675206622,2.878495850081027,accelerating,accelerating,1.0,1.5928540675206622,True,False
2020-12-31,2020Q4,2,2021Q2,inflation_qoq,call,True,-0.14251840308086017,0.8077668412147521,decelerating,accelerating,0.0,0.14251840308086017,True,False
2020-12-31,2020Q4,3,2021Q3,growth_yoy,call,True,-7.410840270829322,-7.234858314338922,decelerating,decelerating,1.0,7.410840270829322,False,False
2020-12-31,2020Q4,3,2021Q3,growth_qoq,abstain,False,,-0.8768384094501869,no call,decelerating,,,False,False
2020-12-31,2020Q4,3,2021Q3,inflation_yoy,call,True,-0.570986147847933,0.46714448295804534,decelerating,accelerating,0.0,0.570986147847933,False,False
2020-12-31,2020Q4,3,2021Q3,inflation_qoq,call,True,0.006059762044796635,-0.22949742215143676,accelerating,decelerating,0.0,0.006059762044796635,False,False
2020-12-31,2020Q4,4,2021Q4,growth_yoy,call,True,1.0948335414584953,0.6053681970414448,accelerating,accelerating,1.0,1.0948335414584953,False,False
2020-12-31,2020Q4,4,2021Q4,growth_qoq,abstain,False,,0.8907022931446518,no call,accelerating,,,False,False
2020-12-31,2020Q4,4,2021Q4,inflation_yoy,call,True,-0.11549250344148732,1.5209842683373767,decelerating,accelerating,0.0,0.11549250344148732,False,False
2020-12-31,2020Q4,4,2021Q4,inflation_qoq,call,True,0.009634031646599261,0.5842995135905804,accelerating,accelerating,1.0,0.009634031646599261,False,False
2021-01-31,2021Q1,0,2021Q1,growth_yoy,call,True,0.8711568598891106,2.722969418174248,accelerating,accelerating,1.0,0.8711568598891106,True,False
2021-01-31,2021Q1,0,2021Q1,growth_qoq,call,True,-0.7858706593310125,0.2623013503610716,decelerating,accelerating,0.0,0.7858706593310125,True,False
2021-01-31,2021Q1,0,2021Q1,inflation_yoy,call,True,0.5985581419131414,0.6616428622164754,accelerating,accelerating,1.0,0.5985581419131414,True,False
2021-01-31,2021Q1,0,2021Q1,inflation_qoq,call,True,0.23167323081016988,0.293834222115974,accelerating,accelerating,1.0,0.23167323081016988,True,False
2021-01-31,2021Q1,1,2021Q2,growth_yoy,call,True,9.21676530252007,10.58491513298201,accelerating,accelerating,1.0,9.21676530252007,True,False
2021-01-31,2021Q1,1,2021Q2,growth_qoq,lean,True,1.1515924899176855,0.3060748183366657,accelerating,accelerating,1.0,1.1515924899176855,True,False
2021-01-31,2021Q1,1,2021Q2,inflation_yoy,call,True,1.6026900174787102,2.878495850081027,accelerating,accelerating,1.0,1.6026900174787102,True,False
2021-01-31,2021Q1,1,2021Q2,inflation_qoq,call,True,-0.37005110268015784,0.8077668412147521,decelerating,accelerating,0.0,0.37005110268015784,True,False
2021-01-31,2021Q1,2,2021Q3,growth_yoy,call,True,-7.4078195822433255,-7.234858314338922,decelerating,decelerating,1.0,7.4078195822433255,False,False
2021-01-31,2021Q1,2,2021Q3,growth_qoq,abstain,False,,-0.8768384094501869,no call,decelerating,,,False,False
2021-01-31,2021Q1,2,2021Q3,inflation_yoy,call,True,-0.5728466829252614,0.46714448295804534,decelerating,accelerating,0.0,0.5728466829252614,False,False
2021-01-31,2021Q1,2,2021Q3,inflation_qoq,call,True,-9.944565038111364e-05,-0.22949742215143676,decelerating,decelerating,1.0,9.944565038111364e-05,False,False
2021-01-31,2021Q1,3,2021Q4,growth_yoy,call,True,-1.1580549275834962,0.6053681970414448,decelerating,accelerating,0.0,1.1580549275834962,False,False
2021-01-31,2021Q1,3,2021Q4,growth_qoq,abstain,False,,0.8907022931446518,no call,accelerating,,,False,False
2021-01-31,2021Q1,3,2021Q4,inflation_yoy,call,True,-0.13276798774989684,1.5209842683373767,decelerating,accelerating,0.0,0.13276798774989684,False,False
2021-01-31,2021Q1,3,2021Q4,inflation_qoq,call,True,0.008429621760641659,0.5842995135905804,accelerating,accelerating,1.0,0.008429621760641659,False,False
2021-01-31,2021Q1,4,2022Q1,growth_yoy,call,True,1.2554963067562985,-1.721597114248663,accelerating,decelerating,0.0,1.2554963067562985,False,False
2021-01-31,2021Q1,4,2022Q1,growth_qoq,abstain,False,,-1.9705537899556202,no call,decelerating,,,False,False
2021-01-31,2021Q1,4,2022Q1,inflation_yoy,call,True,-0.3670964857609209,1.2523121268116801,decelerating,accelerating,0.0,0.3670964857609209,False,False
2021-01-31,2021Q1,4,2022Q1,inflation_qoq,call,True,0.0013205628109691503,0.022695819256424166,accelerating,accelerating,1.0,0.0013205628109691503,False,False
2021-02-28,2021Q1,0,2021Q1,growth_yoy,call,True,3.0201583630634743,2.722969418174248,accelerating,accelerating,1.0,3.0201583630634743,True,False
2021-02-28,2021Q1,0,2021Q1,growth_qoq,call,True,-0.7858706593310125,0.2623013503610716,decelerating,accelerating,0.0,0.7858706593310125,True,False
2021-02-28,2021Q1,0,2021Q1,inflation_yoy,call,True,0.6009974024556572,0.6616428622164754,accelerating,accelerating,1.0,0.6009974024556572,True,False
2021-02-28,2021Q1,0,2021Q1,inflation_qoq,call,True,0.2340070458206167,0.293834222115974,accelerating,accelerating,1.0,0.2340070458206167,True,False
2021-02-28,2021Q1,1,2021Q2,growth_yoy,call,True,9.413822607696876,10.58491513298201,accelerating,accelerating,1.0,9.413822607696876,True,False
2021-02-28,2021Q1,1,2021Q2,growth_qoq,lean,True,1.1515924899176855,0.3060748183366657,accelerating,accelerating,1.0,1.1515924899176855,True,False
2021-02-28,2021Q1,1,2021Q2,inflation_yoy,call,True,1.6622901811919648,2.878495850081027,accelerating,accelerating,1.0,1.6622901811919648,True,False
2021-02-28,2021Q1,1,2021Q2,inflation_qoq,call,True,-0.314397031972824,0.8077668412147521,decelerating,accelerating,0.0,0.314397031972824,True,False
2021-02-28,2021Q1,2,2021Q3,growth_yoy,call,True,-7.566201066006807,-7.234858314338922,decelerating,decelerating,1.0,7.566201066006807,False,False
2021-02-28,2021Q1,2,2021Q3,growth_qoq,abstain,False,,-0.8768384094501869,no call,decelerating,,,False,False
2021-02-28,2021Q1,2,2021Q3,inflation_yoy,call,True,-0.5960363045302013,0.46714448295804534,decelerating,accelerating,0.0,0.5960363045302013,False,False
2021-02-28,2021Q1,2,2021Q3,inflation_qoq,call,True,-0.08041917537333632,-0.22949742215143676,decelerating,decelerating,1.0,0.08041917537333632,False,False
2021-02-28,2021Q1,3,2021Q4,growth_yoy,call,True,-1.182814501662488,0.6053681970414448,decelerating,accelerating,0.0,1.182814501662488,False,False
2021-02-28,2021Q1,3,2021Q4,growth_qoq,abstain,False,,0.8907022931446518,no call,accelerating,,,False,False
2021-02-28,2021Q1,3,2021Q4,inflation_yoy,call,True,-0.15768559433995089,1.5209842683373767,decelerating,accelerating,0.0,0.15768559433995089,False,False
2021-02-28,2021Q1,3,2021Q4,inflation_qoq,call,True,0.006421069053241801,0.5842995135905804,accelerating,accelerating,1.0,0.006421069053241801,False,False
2021-02-28,2021Q1,4,2022Q1,growth_yoy,call,True,-0.9074214437523986,-1.721597114248663,decelerating,decelerating,1.0,0.9074214437523986,False,False
2021-02-28,2021Q1,4,2022Q1,growth_qoq,abstain,False,,-1.9705537899556202,no call,decelerating,,,False,False
2021-02-28,2021Q1,4,2022Q1,inflation_yoy,call,True,-0.391453580562636,1.2523121268116801,decelerating,accelerating,0.0,0.391453580562636,False,False
2021-02-28,2021Q1,4,2022Q1,inflation_qoq,call,True,0.0038608755178026755,0.022695819256424166,accelerating,accelerating,1.0,0.0038608755178026755,False,False
2021-03-31,2021Q1,0,2021Q1,growth_yoy,call,True,2.3865932401059164,2.722969418174248,accelerating,accelerating,1.0,2.3865932401059164,True,False
2021-03-31,2021Q1,0,2021Q1,growth_qoq,call,True,-0.7858706593310125,0.2623013503610716,decelerating,accelerating,0.0,0.7858706593310125,True,False
2021-03-31,2021Q1,0,2021Q1,inflation_yoy,call,True,0.6152401123452833,0.6616428622164754,accelerating,accelerating,1.0,0.6152401123452833,True,False
2021-03-31,2021Q1,0,2021Q1,inflation_qoq,call,True,0.24796743429909007,0.293834222115974,accelerating,accelerating,1.0,0.24796743429909007,True,False
2021-03-31,2021Q1,1,2021Q2,growth_yoy,call,True,9.355726493943763,10.58491513298201,accelerating,accelerating,1.0,9.355726493943763,True,False
2021-03-31,2021Q1,1,2021Q2,growth_qoq,lean,True,1.1515924899176855,0.3060748183366657,accelerating,accelerating,1.0,1.1515924899176855,True,False
2021-03-31,2021Q1,1,2021Q2,inflation_yoy,call,True,1.762925561254103,2.878495850081027,accelerating,accelerating,1.0,1.762925561254103,True,False
2021-03-31,2021Q1,1,2021Q2,inflation_qoq,call,True,-0.23059380952663577,0.8077668412147521,decelerating,accelerating,0.0,0.23059380952663577,True,False
2021-03-31,2021Q1,2,2021Q3,growth_yoy,call,True,-7.519507294929118,-7.234858314338922,decelerating,decelerating,1.0,7.519507294929118,False,False
2021-03-31,2021Q1,2,2021Q3,growth_qoq,abstain,False,,-0.8768384094501869,no call,decelerating,,,False,False
2021-03-31,2021Q1,2,2021Q3,inflation_yoy,call,True,-0.6082194941953913,0.46714448295804534,decelerating,accelerating,0.0,0.6082194941953913,False,False
2021-03-31,2021Q1,2,2021Q3,inflation_qoq,call,True,-0.18943252989942483,-0.22949742215143676,decelerating,decelerating,1.0,0.18943252989942483,False,False
2021-03-31,2021Q1,3,2021Q4,growth_yoy,call,True,-1.1755149243599217,0.6053681970414448,decelerating,accelerating,0.0,1.1755149243599217,False,False
2021-03-31,2021Q1,3,2021Q4,growth_qoq,abstain,False,,0.8907022931446518,no call,accelerating,,,False,False
2021-03-31,2021Q1,3,2021Q4,inflation_yoy,call,True,-0.1708542773968329,1.5209842683373767,decelerating,accelerating,0.0,0.1708542773968329,False,False
2021-03-31,2021Q1,3,2021Q4,inflation_qoq,call,True,0.004947227672813526,0.5842995135905804,accelerating,accelerating,1.0,0.004947227672813526,False,False
2021-03-31,2021Q1,4,2022Q1,growth_yoy,call,True,-0.2697535554219588,-1.721597114248663,decelerating,decelerating,1.0,0.2697535554219588,False,False
2021-03-31,2021Q1,4,2022Q1,growth_qoq,abstain,False,,-1.9705537899556202,no call,decelerating,,,False,False
2021-03-31,2021Q1,4,2022Q1,inflation_yoy,call,True,-0.41862069712207006,1.2523121268116801,decelerating,accelerating,0.0,0.41862069712207006,False,False
2021-03-31,2021Q1,4,2022Q1,inflation_qoq,call,True,0.003993155150028294,0.022695819256424166,accelerating,accelerating,1.0,0.003993155150028294,False,False
2021-04-30,2021Q2,0,2021Q2,growth_yoy,call,True,10.112890813140663,10.58491513298201,accelerating,accelerating,1.0,10.112890813140663,True,False
2021-04-30,2021Q2,0,2021Q2,growth_qoq,call,True,-1.2353339900054265,0.3060748183366657,decelerating,accelerating,0.0,1.2353339900054265,True,False
2021-04-30,2021Q2,0,2021Q2,inflation_yoy,call,True,1.7934234162651381,2.878495850081027,accelerating,accelerating,1.0,1.7934234162651381,True,False
2021-04-30,2021Q2,0,2021Q2,inflation_qoq,call,True,-0.2474833655701003,0.8077668412147521,decelerating,accelerating,0.0,0.2474833655701003,True,False
2021-04-30,2021Q2,1,2021Q3,growth_yoy,call,True,-7.58414330564119,-7.234858314338922,decelerating,decelerating,1.0,7.58414330564119,False,False
2021-04-30,2021Q2,1,2021Q3,growth_qoq,lean,True,1.217980990373213,-0.8768384094501869,accelerating,decelerating,0.0,1.217980990373213,False,False
2021-04-30,2021Q2,1,2021Q3,inflation_yoy,call,True,-0.6313952907673888,0.46714448295804534,decelerating,accelerating,0.0,0.6313952907673888,False,False
2021-04-30,2021Q2,1,2021Q3,inflation_qoq,call,True,-0.24058085530545004,-0.22949742215143676,decelerating,decelerating,1.0,0.24058085530545004,False,False
2021-04-30,2021Q2,2,2021Q4,growth_yoy,call,True,-1.0009688223631352,0.6053681970414448,decelerating,accelerating,0.0,1.0009688223631352,False,False
2021-04-30,2021Q2,2,2021Q4,growth_qoq,abstain,False,,0.8907022931446518,no call,accelerating,,,False,False
2021-04-30,2021Q2,2,2021Q4,inflation_yoy,call,True,-0.1940342015103771,1.5209842683373767,decelerating,accelerating,0.0,0.1940342015103771,False,False
2021-04-30,2021Q2,2,2021Q4,inflation_qoq,call,True,0.00455236853871277,0.5842995135905804,accelerating,accelerating,1.0,0.00455236853871277,False,False
2021-04-30,2021Q2,3,2022Q1,growth_yoy,call,True,-1.247553822232117,-1.721597114248663,decelerating,decelerating,1.0,1.247553822232117,False,False
2021-04-30,2021Q2,3,2022Q1,growth_qoq,abstain,False,,-1.9705537899556202,no call,decelerating,,,False,False
2021-04-30,2021Q2,3,2022Q1,inflation_yoy,call,True,-0.4847055864107017,1.2523121268116801,decelerating,accelerating,0.0,0.4847055864107017,False,False
2021-04-30,2021Q2,3,2022Q1,inflation_qoq,call,True,0.007178531087026485,0.022695819256424166,accelerating,accelerating,1.0,0.007178531087026485,False,False
2021-04-30,2021Q2,4,2022Q2,growth_yoy,call,True,-0.6201656388663102,-1.5807891475521307,decelerating,decelerating,1.0,0.6201656388663102,False,False
2021-04-30,2021Q2,4,2022Q2,growth_qoq,abstain,False,,0.41134562930517093,no call,accelerating,,,False,False
2021-04-30,2021Q2,4,2022Q2,inflation_yoy,call,True,-0.22560487148516684,0.5603312033418621,decelerating,accelerating,0.0,0.22560487148516684,False,False
2021-04-30,2021Q2,4,2022Q2,inflation_qoq,call,True,0.007559064123086046,0.15104928952840435,accelerating,accelerating,1.0,0.007559064123086046,False,False
2021-05-31,2021Q2,0,2021Q2,growth_yoy,call,True,11.40398817117245,10.58491513298201,accelerating,accelerating,1.0,11.40398817117245,True,False
2021-05-31,2021Q2,0,2021Q2,growth_qoq,call,True,-1.2353339900054265,0.3060748183366657,decelerating,accelerating,0.0,1.2353339900054265,True,False
2021-05-31,2021Q2,0,2021Q2,inflation_yoy,call,True,2.2945361219296103,2.878495850081027,accelerating,accelerating,1.0,2.2945361219296103,True,False
2021-05-31,2021Q2,0,2021Q2,inflation_qoq,call,True,0.23944535403106482,0.8077668412147521,accelerating,accelerating,1.0,0.23944535403106482,True,False
2021-05-31,2021Q2,1,2021Q3,growth_yoy,call,True,-7.670892575161669,-7.234858314338922,decelerating,decelerating,1.0,7.670892575161669,False,False
2021-05-31,2021Q2,1,2021Q3,growth_qoq,lean,True,1.217980990373213,-0.8768384094501869,accelerating,decelerating,0.0,1.217980990373213,False,False
2021-05-31,2021Q2,1,2021Q3,inflation_yoy,call,True,-0.7089200889368308,0.46714448295804534,decelerating,accelerating,0.0,0.7089200889368308,False,False
2021-05-31,2021Q2,1,2021Q3,inflation_qoq,call,True,-0.7998293230421449,-0.22949742215143676,decelerating,decelerating,1.0,0.7998293230421449,False,False
2021-05-31,2021Q2,2,2021Q4,growth_yoy,call,True,-1.0124181463874171,0.6053681970414448,decelerating,accelerating,0.0,1.0124181463874171,False,False
2021-05-31,2021Q2,2,2021Q4,growth_qoq,abstain,False,,0.8907022931446518,no call,accelerating,,,False,False
2021-05-31,2021Q2,2,2021Q4,inflation_yoy,call,True,-0.27866447159555374,1.5209842683373767,decelerating,accelerating,0.0,0.27866447159555374,False,False
2021-05-31,2021Q2,2,2021Q4,inflation_qoq,call,True,-0.004720635125288197,0.5842995135905804,decelerating,accelerating,0.0,0.004720635125288197,False,False
2021-05-31,2021Q2,3,2022Q1,growth_yoy,call,True,-1.2618236452569098,-1.721597114248663,decelerating,decelerating,1.0,1.2618236452569098,False,False
2021-05-31,2021Q2,3,2022Q1,growth_qoq,abstain,False,,-1.9705537899556202,no call,decelerating,,,False,False
2021-05-31,2021Q2,3,2022Q1,inflation_yoy,call,True,-0.5637877899791719,1.2523121268116801,decelerating,accelerating,0.0,0.5637877899791719,False,False
2021-05-31,2021Q2,3,2022Q1,inflation_qoq,call,True,0.01292841064144401,0.022695819256424166,accelerating,accelerating,1.0,0.01292841064144401,False,False
2021-05-31,2021Q2,4,2022Q2,growth_yoy,call,True,-1.7987945803285443,-1.5807891475521307,decelerating,decelerating,1.0,1.7987945803285443,False,False
2021-05-31,2021Q2,4,2022Q2,growth_qoq,abstain,False,,0.41134562930517093,no call,accelerating,,,False,False
2021-05-31,2021Q2,4,2022Q2,inflation_yoy,call,True,-0.7591530684941523,0.5603312033418621,decelerating,accelerating,0.0,0.7591530684941523,False,False
2021-05-31,2021Q2,4,2022Q2,inflation_qoq,call,True,0.04358297806128508,0.15104928952840435,accelerating,accelerating,1.0,0.04358297806128508,False,False
2021-06-30,2021Q2,0,2021Q2,growth_yoy,call,True,11.591705746417635,10.58491513298201,accelerating,accelerating,1.0,11.591705746417635,True,False
2021-06-30,2021Q2,0,2021Q2,growth_qoq,call,True,-1.2353339900054265,0.3060748183366657,decelerating,accelerating,0.0,1.2353339900054265,True,False
2021-06-30,2021Q2,0,2021Q2,inflation_yoy,call,True,2.679697542715709,2.878495850081027,accelerating,accelerating,1.0,2.679697542715709,True,False
2021-06-30,2021Q2,0,2021Q2,inflation_qoq,call,True,0.6140189742114943,0.8077668412147521,accelerating,accelerating,1.0,0.6140189742114943,True,False
2021-06-30,2021Q2,1,2021Q3,growth_yoy,call,True,-7.6835053827298605,-7.234858314338922,decelerating,decelerating,1.0,7.6835053827298605,False,False
2021-06-30,2021Q2,1,2021Q3,growth_qoq,lean,True,1.217980990373213,-0.8768384094501869,accelerating,decelerating,0.0,1.217980990373213,False,False
2021-06-30,2021Q2,1,2021Q3,inflation_yoy,call,True,-0.46007350123859325,0.46714448295804534,decelerating,accelerating,0.0,0.46007350123859325,False,False
2021-06-30,2021Q2,1,2021Q3,inflation_qoq,call,True,-0.931505418898082,-0.22949742215143676,decelerating,decelerating,1.0,0.931505418898082,False,False
2021-06-30,2021Q2,2,2021Q4,growth_yoy,call,True,-1.014082807329264,0.6053681970414448,decelerating,accelerating,0.0,1.014082807329264,False,False
2021-06-30,2021Q2,2,2021Q4,growth_qoq,abstain,False,,0.8907022931446518,no call,accelerating,,,False,False
2021-06-30,2021Q2,2,2021Q4,inflation_yoy,call,True,-0.29030036033890916,1.5209842683373767,decelerating,accelerating,0.0,0.29030036033890916,False,False
2021-06-30,2021Q2,2,2021Q4,inflation_qoq,call,True,-0.25722368871592405,0.5842995135905804,decelerating,accelerating,0.0,0.25722368871592405,False,False
2021-06-30,2021Q2,3,2022Q1,growth_yoy,call,True,-1.2638983893191735,-1.721597114248663,decelerating,decelerating,1.0,1.2638983893191735,False,False
2021-06-30,2021Q2,3,2022Q1,growth_qoq,abstain,False,,-1.9705537899556202,no call,decelerating,,,False,False
2021-06-30,2021Q2,3,2022Q1,inflation_yoy,call,True,-0.5760887020295944,1.2523121268116801,decelerating,accelerating,0.0,0.5760887020295944,False,False
2021-06-30,2021Q2,3,2022Q1,inflation_qoq,call,True,0.013875613177116719,0.022695819256424166,accelerating,accelerating,1.0,0.013875613177116719,False,False
2021-06-30,2021Q2,4,2022Q2,growth_yoy,call,True,-1.970159943001426,-1.5807891475521307,decelerating,decelerating,1.0,1.970159943001426,False,False
2021-06-30,2021Q2,4,2022Q2,growth_qoq,abstain,False,,0.41134562930517093,no call,accelerating,,,False,False
2021-06-30,2021Q2,4,2022Q2,inflation_yoy,call,True,-1.1202365757017496,0.5603312033418621,decelerating,accelerating,0.0,1.1202365757017496,False,False
2021-06-30,2021Q2,4,2022Q2,inflation_qoq,call,True,0.07214480620993946,0.15104928952840435,accelerating,accelerating,1.0,0.07214480620993946,False,False
2021-07-31,2021Q3,0,2021Q3,growth_yoy,call,True,-6.451335093553069,-7.234858314338922,decelerating,decelerating,1.0,6.451335093553069,False,True
2021-07-31,2021Q3,0,2021Q3,growth_qoq,call,True,-1.7448664866068861,-0.8768384094501869,decelerating,decelerating,1.0,1.7448664866068861,False,True
2021-07-31,2021Q3,0,2021Q3,inflation_yoy,call,True,0.07902140705458027,0.46714448295804534,accelerating,accelerating,1.0,0.07902140705458027,False,True
2021-07-31,2021Q3,0,2021Q3,inflation_qoq,call,True,-0.6045789965566595,-0.22949742215143676,decelerating,decelerating,1.0,0.6045789965566595,False,True
2021-07-31,2021Q3,1,2021Q4,growth_yoy,call,True,-0.8643449468760611,0.6053681970414448,decelerating,accelerating,0.0,0.8643449468760611,False,True
2021-07-31,2021Q3,1,2021Q4,growth_qoq,lean,True,0.9578092091185764,0.8907022931446518,accelerating,accelerating,1.0,0.9578092091185764,False,True
2021-07-31,2021Q3,1,2021Q4,inflation_yoy,call,True,-0.2588286486384721,1.5209842683373767,decelerating,accelerating,0.0,0.2588286486384721,False,True
2021-07-31,2021Q3,1,2021Q4,inflation_qoq,call,True,-0.745691686212635,0.5842995135905804,decelerating,accelerating,0.0,0.745691686212635,False,True
2021-07-31,2021Q3,2,2022Q1,growth_yoy,call,True,-1.1205131629376863,-1.721597114248663,decelerating,decelerating,1.0,1.1205131629376863,False,True
2021-07-31,2021Q3,2,2022Q1,growth_qoq,abstain,False,,-1.9705537899556202,no call,decelerating,,,False,True
2021-07-31,2021Q3,2,2022Q1,inflation_yoy,call,True,-0.5514698024557063,1.2523121268116801,decelerating,accelerating,0.0,0.5514698024557063,False,True
2021-07-31,2021Q3,2,2022Q1,inflation_qoq,call,True,0.009564570973186193,0.022695819256424166,accelerating,accelerating,1.0,0.009564570973186193,False,True
2021-07-31,2021Q3,3,2022Q2,growth_yoy,call,True,-0.9857189459346882,-1.5807891475521307,decelerating,decelerating,1.0,0.9857189459346882,False,True
2021-07-31,2021Q3,3,2022Q2,growth_qoq,abstain,False,,0.41134562930517093,no call,accelerating,,,False,True
2021-07-31,2021Q3,3,2022Q2,inflation_yoy,call,True,-1.3053099343758685,0.5603312033418621,decelerating,accelerating,0.0,1.3053099343758685,False,True
2021-07-31,2021Q3,3,2022Q2,inflation_qoq,call,True,0.06135115630081511,0.15104928952840435,accelerating,accelerating,1.0,0.06135115630081511,False,True
2021-07-31,2021Q3,4,2022Q3,growth_yoy,call,True,-1.0701951352889871,-0.10481966623026029,decelerating,decelerating,1.0,1.0701951352889871,False,True
2021-07-31,2021Q3,4,2022Q3,growth_qoq,abstain,False,,0.5653525523656278,no call,accelerating,,,False,True
2021-07-31,2021Q3,4,2022Q3,inflation_yoy,call,True,-0.6024058492121913,-0.29067342238344906,decelerating,decelerating,1.0,0.6024058492121913,False,True
2021-07-31,2021Q3,4,2022Q3,inflation_qoq,call,True,0.08416686039729449,-1.032061112174576,accelerating,decelerating,0.0,0.08416686039729449,False,True
2021-08-31,2021Q3,0,2021Q3,growth_yoy,call,True,-7.6237636774132875,-7.234858314338922,decelerating,decelerating,1.0,7.6237636774132875,False,True
2021-08-31,2021Q3,0,2021Q3,growth_qoq,call,True,-1.7448664866068861,-0.8768384094501869,decelerating,decelerating,1.0,1.7448664866068861,False,True
2021-08-31,2021Q3,0,2021Q3,inflation_yoy,call,True,0.35803995860786664,0.46714448295804534,accelerating,accelerating,1.0,0.35803995860786664,False,True
2021-08-31,2021Q3,0,2021Q3,inflation_qoq,call,True,-0.33511181383316657,-0.22949742215143676,decelerating,decelerating,1.0,0.33511181383316657,False,True
2021-08-31,2021Q3,1,2021Q4,growth_yoy,call,True,-0.8548309859861991,0.6053681970414448,decelerating,accelerating,0.0,0.8548309859861991,False,True
2021-08-31,2021Q3,1,2021Q4,growth_qoq,lean,True,0.9578092091185764,0.8907022931446518,accelerating,accelerating,1.0,0.9578092091185764,False,True
2021-08-31,2021Q3,1,2021Q4,inflation_yoy,call,True,-0.17260978580179565,1.5209842683373767,decelerating,accelerating,0.0,0.17260978580179565,False,True
2021-08-31,2021Q3,1,2021Q4,inflation_qoq,call,True,-0.9320061793060663,0.5842995135905804,decelerating,accelerating,0.0,0.9320061793060663,False,True
2021-08-31,2021Q3,2,2022Q1,growth_yoy,call,True,-1.1081795240967418,-1.721597114248663,decelerating,decelerating,1.0,1.1081795240967418,False,True
2021-08-31,2021Q3,2,2022Q1,growth_qoq,abstain,False,,-1.9705537899556202,no call,decelerating,,,False,True
2021-08-31,2021Q3,2,2022Q1,inflation_yoy,call,True,-0.5015842527013623,1.2523121268116801,decelerating,accelerating,0.0,0.5015842527013623,False,True
2021-08-31,2021Q3,2,2022Q1,inflation_qoq,call,True,-0.023722231333844768,0.022695819256424166,decelerating,accelerating,0.0,0.023722231333844768,False,True
2021-08-31,2021Q3,3,2022Q2,growth_yoy,call,True,-0.9748690051397668,-1.5807891475521307,decelerating,decelerating,1.0,0.9748690051397668,False,True
2021-08-31,2021Q3,3,2022Q2,growth_qoq,abstain,False,,0.41134562930517093,no call,accelerating,,,False,True
2021-08-31,2021Q3,3,2022Q2,inflation_yoy,call,True,-1.2743761749016338,0.5603312033418621,decelerating,accelerating,0.0,1.2743761749016338,False,True
2021-08-31,2021Q3,3,2022Q2,inflation_qoq,call,True,0.04670065998872985,0.15104928952840435,accelerating,accelerating,1.0,0.04670065998872985,False,True
2021-08-31,2021Q3,4,2022Q3,growth_yoy,call,True,0.0695359080454816,-0.10481966623026029,accelerating,decelerating,0.0,0.0695359080454816,False,True
2021-08-31,2021Q3,4,2022Q3,growth_qoq,abstain,False,,0.5653525523656278,no call,accelerating,,,False,True
2021-08-31,2021Q3,4,2022Q3,inflation_yoy,call,True,-0.8330740562012107,-0.29067342238344906,decelerating,decelerating,1.0,0.8330740562012107,False,True
2021-08-31,2021Q3,4,2022Q3,inflation_qoq,call,True,0.09247021568938862,-1.032061112174576,accelerating,decelerating,0.0,0.09247021568938862,False,True
2021-09-30,2021Q3,0,2021Q3,growth_yoy,call,True,-7.382473725645401,-7.234858314338922,decelerating,decelerating,1.0,7.382473725645401,False,True
2021-09-30,2021Q3,0,2021Q3,growth_qoq,call,True,-1.7448664866068861,-0.8768384094501869,decelerating,decelerating,1.0,1.7448664866068861,False,True
2021-09-30,2021Q3,0,2021Q3,inflation_yoy,call,True,0.3985135598663394,0.46714448295804534,accelerating,accelerating,1.0,0.3985135598663394,False,True
2021-09-30,2021Q3,0,2021Q3,inflation_qoq,call,True,-0.29594244900950084,-0.22949742215143676,decelerating,decelerating,1.0,0.29594244900950084,False,True
2021-09-30,2021Q3,1,2021Q4,growth_yoy,call,True,-0.8567889928071226,0.6053681970414448,decelerating,accelerating,0.0,0.8567889928071226,False,True
2021-09-30,2021Q3,1,2021Q4,growth_qoq,lean,True,0.9578092091185764,0.8907022931446518,accelerating,accelerating,1.0,0.9578092091185764,False,True
2021-09-30,2021Q3,1,2021Q4,inflation_yoy,call,True,-0.09630769837770359,1.5209842683373767,decelerating,accelerating,0.0,0.09630769837770359,False,True
2021-09-30,2021Q3,1,2021Q4,inflation_qoq,call,True,-0.8981318066485722,0.5842995135905804,decelerating,accelerating,0.0,0.8981318066485722,False,True
2021-09-30,2021Q3,2,2022Q1,growth_yoy,call,True,-1.1107178306188015,-1.721597114248663,decelerating,decelerating,1.0,1.1107178306188015,False,True
2021-09-30,2021Q3,2,2022Q1,growth_qoq,abstain,False,,-1.9705537899556202,no call,decelerating,,,False,True
2021-09-30,2021Q3,2,2022Q1,inflation_yoy,call,True,-0.48371527686588145,1.2523121268116801,decelerating,accelerating,0.0,0.48371527686588145,False,True
2021-09-30,2021Q3,2,2022Q1,inflation_qoq,call,True,-0.07905171200053296,0.022695819256424166,decelerating,accelerating,0.0,0.07905171200053296,False,True
2021-09-30,2021Q3,3,2022Q2,growth_yoy,call,True,-0.977101961353144,-1.5807891475521307,decelerating,decelerating,1.0,0.977101961353144,False,True
2021-09-30,2021Q3,3,2022Q2,growth_qoq,abstain,False,,0.41134562930517093,no call,accelerating,,,False,True
2021-09-30,2021Q3,3,2022Q2,inflation_yoy,call,True,-1.267070023223615,0.5603312033418621,decelerating,accelerating,0.0,1.267070023223615,False,True
2021-09-30,2021Q3,3,2022Q2,inflation_qoq,call,True,0.03768097732561593,0.15104928952840435,accelerating,accelerating,1.0,0.03768097732561593,False,True
2021-09-30,2021Q3,4,2022Q3,growth_yoy,call,True,-0.16502477416604489,-0.10481966623026029,decelerating,decelerating,1.0,0.16502477416604489,False,True
2021-09-30,2021Q3,4,2022Q3,growth_qoq,abstain,False,,0.5653525523656278,no call,accelerating,,,False,True
2021-09-30,2021Q3,4,2022Q3,inflation_yoy,call,True,-0.8689472329312053,-0.29067342238344906,decelerating,decelerating,1.0,0.8689472329312053,False,True
2021-09-30,2021Q3,4,2022Q3,inflation_qoq,call,True,0.08844404073622414,-1.032061112174576,accelerating,decelerating,0.0,0.08844404073622414,False,True
2021-10-31,2021Q4,0,2021Q4,growth_yoy,call,True,-0.01961211764369697,0.6053681970414448,decelerating,accelerating,0.0,0.01961211764369697,False,True
2021-10-31,2021Q4,0,2021Q4,growth_qoq,split,True,-0.022906797137016155,0.8907022931446518,decelerating,accelerating,0.0,0.022906797137016155,False,True
2021-10-31,2021Q4,0,2021Q4,inflation_yoy,call,True,0.2642533172309962,1.5209842683373767,accelerating,accelerating,1.0,0.2642533172309962,False,True
2021-10-31,2021Q4,0,2021Q4,inflation_qoq,call,True,-0.6196328075559476,0.5842995135905804,decelerating,accelerating,0.0,0.6196328075559476,False,True
2021-10-31,2021Q4,1,2022Q1,growth_yoy,call,True,-1.0229360112082198,-1.721597114248663,decelerating,decelerating,1.0,1.0229360112082198,False,True
2021-10-31,2021Q4,1,2022Q1,growth_qoq,lean,True,-0.19229861457091824,-1.9705537899556202,decelerating,decelerating,1.0,0.19229861457091824,False,True
2021-10-31,2021Q4,1,2022Q1,inflation_yoy,call,True,-0.44146673933241587,1.2523121268116801,decelerating,accelerating,0.0,0.44146673933241587,False,True
2021-10-31,2021Q4,1,2022Q1,inflation_qoq,call,True,-0.3816523347092815,0.022695819256424166,decelerating,accelerating,0.0,0.3816523347092815,False,True
2021-10-31,2021Q4,2,2022Q2,growth_yoy,call,True,-1.0204011943993008,-1.5807891475521307,decelerating,decelerating,1.0,1.0204011943993008,False,True
2021-10-31,2021Q4,2,2022Q2,growth_qoq,abstain,False,,0.41134562930517093,no call,accelerating,,,False,True
2021-10-31,2021Q4,2,2022Q2,inflation_yoy,call,True,-1.2427933869617744,0.5603312033418621,decelerating,accelerating,0.0,1.2427933869617744,False,True
2021-10-31,2021Q4,2,2022Q2,inflation_qoq,call,True,0.024385382040104098,0.15104928952840435,accelerating,accelerating,1.0,0.024385382040104098,False,True
2021-10-31,2021Q4,3,2022Q3,growth_yoy,call,True,0.1972470877536603,-0.10481966623026029,accelerating,decelerating,0.0,0.1972470877536603,False,True
2021-10-31,2021Q4,3,2022Q3,growth_qoq,abstain,False,,0.5653525523656278,no call,accelerating,,,False,True
2021-10-31,2021Q4,3,2022Q3,inflation_yoy,call,True,-0.9356929833193326,-0.29067342238344906,decelerating,decelerating,1.0,0.9356929833193326,False,True
2021-10-31,2021Q4,3,2022Q3,inflation_qoq,call,True,0.06375218284970785,-1.032061112174576,accelerating,decelerating,0.0,0.06375218284970785,False,True
2021-10-31,2021Q4,4,2022Q4,growth_yoy,call,True,-0.7262015655087994,-1.0318989819385838,decelerating,decelerating,1.0,0.7262015655087994,False,True
2021-10-31,2021Q4,4,2022Q4,growth_qoq,abstain,False,,-0.03165916584768613,no call,decelerating,,,False,True
2021-10-31,2021Q4,4,2022Q4,inflation_yoy,call,True,-0.25381586032764414,-1.1969973285968667,decelerating,decelerating,1.0,0.25381586032764414,False,True
2021-10-31,2021Q4,4,2022Q4,inflation_qoq,call,True,0.0448295142458921,-0.27407712721885247,accelerating,decelerating,0.0,0.0448295142458921,False,True
2021-11-30,2021Q4,0,2021Q4,growth_yoy,call,True,-0.39912323402417904,0.6053681970414448,decelerating,accelerating,0.0,0.39912323402417904,False,True
2021-11-30,2021Q4,0,2021Q4,growth_qoq,split,True,-0.022906797137016155,0.8907022931446518,decelerating,accelerating,0.0,0.022906797137016155,False,True
2021-11-30,2021Q4,0,2021Q4,inflation_yoy,call,True,1.023438145703433,1.5209842683373767,accelerating,accelerating,1.0,1.023438145703433,False,True
2021-11-30,2021Q4,0,2021Q4,inflation_qoq,call,True,0.10710157230644501,0.5842995135905804,accelerating,accelerating,1.0,0.10710157230644501,False,True
2021-11-30,2021Q4,1,2022Q1,growth_yoy,call,True,-1.0192404310150893,-1.721597114248663,decelerating,decelerating,1.0,1.0192404310150893,False,True
2021-11-30,2021Q4,1,2022Q1,growth_qoq,lean,True,-0.19229861457091824,-1.9705537899556202,decelerating,decelerating,1.0,0.19229861457091824,False,True
2021-11-30,2021Q4,1,2022Q1,inflation_yoy,call,True,-0.3379397849991186,1.2523121268116801,decelerating,accelerating,0.0,0.3379397849991186,False,True
2021-11-30,2021Q4,1,2022Q1,inflation_qoq,call,True,-1.0071400319082935,0.022695819256424166,decelerating,accelerating,0.0,1.0071400319082935,False,True
2021-11-30,2021Q4,2,2022Q2,growth_yoy,call,True,-1.0167147717865976,-1.5807891475521307,decelerating,decelerating,1.0,1.0167147717865976,False,True
2021-11-30,2021Q4,2,2022Q2,growth_qoq,abstain,False,,0.41134562930517093,no call,accelerating,,,False,True
2021-11-30,2021Q4,2,2022Q2,inflation_yoy,call,True,-1.227076234844838,0.5603312033418621,decelerating,accelerating,0.0,1.227076234844838,False,True
2021-11-30,2021Q4,2,2022Q2,inflation_qoq,call,True,-0.051967064169300414,0.15104928952840435,decelerating,accelerating,0.0,0.051967064169300414,False,True
2021-11-30,2021Q4,3,2022Q3,growth_yoy,call,True,0.19653448948488972,-0.10481966623026029,accelerating,decelerating,0.0,0.19653448948488972,False,True
2021-11-30,2021Q4,3,2022Q3,growth_qoq,abstain,False,,0.5653525523656278,no call,accelerating,,,False,True
2021-11-30,2021Q4,3,2022Q3,inflation_yoy,call,True,-0.9526660521361232,-0.29067342238344906,decelerating,decelerating,1.0,0.9526660521361232,False,True
2021-11-30,2021Q4,3,2022Q3,inflation_qoq,call,True,0.030033323555711533,-1.032061112174576,accelerating,decelerating,0.0,0.030033323555711533,False,True
2021-11-30,2021Q4,4,2022Q4,growth_yoy,call,True,-0.35335985366538036,-1.0318989819385838,decelerating,decelerating,1.0,0.35335985366538036,False,True
2021-11-30,2021Q4,4,2022Q4,growth_qoq,abstain,False,,-0.03165916584768613,no call,decelerating,,,False,True
2021-11-30,2021Q4,4,2022Q4,inflation_yoy,call,True,-1.020271127099948,-1.1969973285968667,decelerating,decelerating,1.0,1.020271127099948,False,True
2021-11-30,2021Q4,4,2022Q4,inflation_qoq,call,True,0.029209094440063588,-0.27407712721885247,accelerating,decelerating,0.0,0.029209094440063588,False,True
2021-12-31,2021Q4,0,2021Q4,growth_yoy,call,True,0.10515277366447418,0.6053681970414448,accelerating,accelerating,1.0,0.10515277366447418,False,True
2021-12-31,2021Q4,0,2021Q4,growth_qoq,split,True,-0.022906797137016155,0.8907022931446518,decelerating,accelerating,0.0,0.022906797137016155,False,True
2021-12-31,2021Q4,0,2021Q4,inflation_yoy,call,True,1.3490679340893985,1.5209842683373767,accelerating,accelerating,1.0,1.3490679340893985,False,True
2021-12-31,2021Q4,0,2021Q4,inflation_qoq,call,True,0.4191788492639237,0.5842995135905804,accelerating,accelerating,1.0,0.4191788492639237,False,True
2021-12-31,2021Q4,1,2022Q1,growth_yoy,call,True,-1.0241509391542225,-1.721597114248663,decelerating,decelerating,1.0,1.0241509391542225,False,True
2021-12-31,2021Q4,1,2022Q1,growth_qoq,lean,True,-0.19229861457091824,-1.9705537899556202,decelerating,decelerating,1.0,0.19229861457091824,False,True
2021-12-31,2021Q4,1,2022Q1,inflation_yoy,call,True,-0.1473152199829908,1.2523121268116801,decelerating,accelerating,0.0,0.1473152199829908,False,True
2021-12-31,2021Q4,1,2022Q1,inflation_qoq,call,True,-1.1380076455008714,0.022695819256424166,decelerating,accelerating,0.0,1.1380076455008714,False,True
2021-12-31,2021Q4,2,2022Q2,growth_yoy,call,True,-1.0216131117759986,-1.5807891475521307,decelerating,decelerating,1.0,1.0216131117759986,False,True
2021-12-31,2021Q4,2,2022Q2,growth_qoq,abstain,False,,0.41134562930517093,no call,accelerating,,,False,True
2021-12-31,2021Q4,2,2022Q2,inflation_yoy,call,True,-1.1964656102973228,0.5603312033418621,decelerating,accelerating,0.0,1.1964656102973228,False,True
2021-12-31,2021Q4,2,2022Q2,inflation_qoq,call,True,-0.1981798435740867,0.15104928952840435,decelerating,accelerating,0.0,0.1981798435740867,False,True
2021-12-31,2021Q4,3,2022Q3,growth_yoy,call,True,0.1974813555832844,-0.10481966623026029,accelerating,decelerating,0.0,0.1974813555832844,False,True
2021-12-31,2021Q4,3,2022Q3,growth_qoq,abstain,False,,0.5653525523656278,no call,accelerating,,,False,True
2021-12-31,2021Q4,3,2022Q3,inflation_yoy,call,True,-0.9464794670760002,-0.29067342238344906,decelerating,decelerating,1.0,0.9464794670760002,False,True
2021-12-31,2021Q4,3,2022Q3,inflation_qoq,call,True,0.005769086094864484,-1.032061112174576,accelerating,decelerating,0.0,0.005769086094864484,False,True
2021-12-31,2021Q4,4,2022Q4,growth_yoy,call,True,-0.8487738793238719,-1.0318989819385838,decelerating,decelerating,1.0,0.8487738793238719,False,True
2021-12-31,2021Q4,4,2022Q4,growth_qoq,abstain,False,,-0.03165916584768613,no call,decelerating,,,False,True
2021-12-31,2021Q4,4,2022Q4,inflation_yoy,call,True,-1.3492304611690007,-1.1969973285968667,decelerating,decelerating,1.0,1.3492304611690007,False,True
2021-12-31,2021Q4,4,2022Q4,inflation_qoq,call,True,0.00994559710658649,-0.27407712721885247,accelerating,decelerating,0.0,0.00994559710658649,False,True
2022-01-31,2022Q1,0,2022Q1,growth_yoy,call,True,0.9155245329245165,-1.721597114248663,accelerating,decelerating,0.0,0.9155245329245165,False,True
2022-01-31,2022Q1,0,2022Q1,growth_qoq,call,True,-0.598376448727892,-1.9705537899556202,decelerating,decelerating,1.0,0.598376448727892,False,True
2022-01-31,2022Q1,0,2022Q1,inflation_yoy,call,True,0.21325734553798803,1.2523121268116801,accelerating,accelerating,1.0,0.21325734553798803,False,True
2022-01-31,2022Q1,0,2022Q1,inflation_qoq,call,True,-0.962335706890638,0.022695819256424166,decelerating,accelerating,0.0,0.962335706890638,False,True
2022-01-31,2022Q1,1,2022Q2,growth_yoy,call,True,-1.0407210546749424,-1.5807891475521307,decelerating,decelerating,1.0,1.0407210546749424,False,True
2022-01-31,2022Q1,1,2022Q2,growth_qoq,lean,True,1.248816708515188,0.41134562930517093,accelerating,accelerating,1.0,1.248816708515188,False,True
2022-01-31,2022Q1,1,2022Q2,inflation_yoy,call,True,-1.1704893949038881,0.5603312033418621,decelerating,accelerating,0.0,1.1704893949038881,False,True
2022-01-31,2022Q1,1,2022Q2,inflation_qoq,call,True,-0.5085311975354889,0.15104928952840435,decelerating,accelerating,0.0,0.5085311975354889,False,True
2022-01-31,2022Q1,2,2022Q3,growth_yoy,call,True,0.1087070813137414,-0.10481966623026029,accelerating,decelerating,0.0,0.1087070813137414,False,True
2022-01-31,2022Q1,2,2022Q3,growth_qoq,abstain,False,,0.5653525523656278,no call,accelerating,,,False,True
2022-01-31,2022Q1,2,2022Q3,inflation_yoy,call,True,-0.9186649020302307,-0.29067342238344906,decelerating,decelerating,1.0,0.9186649020302307,False,True
2022-01-31,2022Q1,2,2022Q3,inflation_qoq,call,True,0.006830384752909424,-1.032061112174576,accelerating,decelerating,0.0,0.006830384752909424,False,True
2022-01-31,2022Q1,3,2022Q4,growth_yoy,call,True,-1.29561076622835,-1.0318989819385838,decelerating,decelerating,1.0,1.29561076622835,False,True
2022-01-31,2022Q1,3,2022Q4,growth_qoq,abstain,False,,-0.03165916584768613,no call,decelerating,,,False,True
2022-01-31,2022Q1,3,2022Q4,inflation_yoy,call,True,-1.488949639603924,-1.1969973285968667,decelerating,decelerating,1.0,1.488949639603924,False,True
2022-01-31,2022Q1,3,2022Q4,inflation_qoq,call,True,0.011232871830002544,-0.27407712721885247,accelerating,decelerating,0.0,0.011232871830002544,False,True
2022-01-31,2022Q1,4,2023Q1,growth_yoy,call,True,-1.808759262483206,0.9940719464583747,decelerating,accelerating,0.0,1.808759262483206,False,True
2022-01-31,2022Q1,4,2023Q1,growth_qoq,abstain,False,,0.03361050777510588,no call,accelerating,,,False,True
2022-01-31,2022Q1,4,2023Q1,inflation_yoy,call,True,-0.498347561920391,-1.3611840658656655,decelerating,decelerating,1.0,0.498347561920391,False,True
2022-01-31,2022Q1,4,2023Q1,inflation_qoq,call,True,0.005440798469757979,-0.14480020047547004,accelerating,decelerating,0.0,0.005440798469757979,False,True
2022-02-28,2022Q1,0,2022Q1,growth_yoy,call,True,-1.1153976628586193,-1.721597114248663,decelerating,decelerating,1.0,1.1153976628586193,False,True
2022-02-28,2022Q1,0,2022Q1,growth_qoq,call,True,-0.598376448727892,-1.9705537899556202,decelerating,decelerating,1.0,0.598376448727892,False,True
2022-02-28,2022Q1,0,2022Q1,inflation_yoy,call,True,0.7532999501785582,1.2523121268116801,accelerating,accelerating,1.0,0.7532999501785582,False,True
2022-02-28,2022Q1,0,2022Q1,inflation_qoq,call,True,-0.45112490419771945,0.022695819256424166,decelerating,accelerating,0.0,0.45112490419771945,False,True
2022-02-28,2022Q1,1,2022Q2,growth_yoy,call,True,-1.0209017507140317,-1.5807891475521307,decelerating,decelerating,1.0,1.0209017507140317,False,True
2022-02-28,2022Q1,1,2022Q2,growth_qoq,lean,True,1.248816708515188,0.41134562930517093,accelerating,accelerating,1.0,1.248816708515188,False,True
2022-02-28,2022Q1,1,2022Q2,inflation_yoy,call,True,-1.0611365278754725,0.5603312033418621,decelerating,accelerating,0.0,1.0611365278754725,False,True
2022-02-28,2022Q1,1,2022Q2,inflation_qoq,call,True,-0.9107926004657374,0.15104928952840435,decelerating,accelerating,0.0,0.9107926004657374,False,True
2022-02-28,2022Q1,2,2022Q3,growth_yoy,call,True,0.10663688327401388,-0.10481966623026029,accelerating,decelerating,0.0,0.10663688327401388,False,True
2022-02-28,2022Q1,2,2022Q3,growth_qoq,abstain,False,,0.5653525523656278,no call,accelerating,,,False,True
2022-02-28,2022Q1,2,2022Q3,inflation_yoy,call,True,-0.8713383706742057,-0.29067342238344906,decelerating,decelerating,1.0,0.8713383706742057,False,True
2022-02-28,2022Q1,2,2022Q3,inflation_qoq,call,True,-0.05161872403218748,-1.032061112174576,decelerating,decelerating,1.0,0.05161872403218748,False,True
2022-02-28,2022Q1,3,2022Q4,growth_yoy,call,True,-1.2709373885969821,-1.0318989819385838,decelerating,decelerating,1.0,1.2709373885969821,False,True
2022-02-28,2022Q1,3,2022Q4,growth_qoq,abstain,False,,-0.03165916584768613,no call,decelerating,,,False,True
2022-02-28,2022Q1,3,2022Q4,inflation_yoy,call,True,-1.446631944617545,-1.1969973285968667,decelerating,decelerating,1.0,1.446631944617545,False,True
2022-02-28,2022Q1,3,2022Q4,inflation_qoq,call,True,0.011296479905431589,-0.27407712721885247,accelerating,decelerating,0.0,0.011296479905431589,False,True
2022-02-28,2022Q1,4,2023Q1,growth_yoy,call,True,0.17974044974737868,0.9940719464583747,accelerating,accelerating,1.0,0.17974044974737868,False,True
2022-02-28,2022Q1,4,2023Q1,growth_qoq,abstain,False,,0.03361050777510588,no call,accelerating,,,False,True
2022-02-28,2022Q1,4,2023Q1,inflation_yoy,call,True,-0.9704926847043418,-1.3611840658656655,decelerating,decelerating,1.0,0.9704926847043418,False,True
2022-02-28,2022Q1,4,2023Q1,inflation_qoq,call,True,0.0056253096133662694,-0.14480020047547004,accelerating,decelerating,0.0,0.0056253096133662694,False,True
2022-03-31,2022Q1,0,2022Q1,growth_yoy,call,True,-0.76789454730819,-1.721597114248663,decelerating,decelerating,1.0,0.76789454730819,False,True
2022-03-31,2022Q1,0,2022Q1,growth_qoq,call,True,-0.598376448727892,-1.9705537899556202,decelerating,decelerating,1.0,0.598376448727892,False,True
2022-03-31,2022Q1,0,2022Q1,inflation_yoy,call,True,1.1118204131264973,1.2523121268116801,accelerating,accelerating,1.0,1.1118204131264973,False,True
2022-03-31,2022Q1,0,2022Q1,inflation_qoq,call,True,-0.11083593418690363,0.022695819256424166,decelerating,accelerating,0.0,0.11083593418690363,False,True
2022-03-31,2022Q1,1,2022Q2,growth_yoy,call,True,-1.0242929539264312,-1.5807891475521307,decelerating,decelerating,1.0,1.0242929539264312,False,True
2022-03-31,2022Q1,1,2022Q2,growth_qoq,lean,True,1.248816708515188,0.41134562930517093,accelerating,accelerating,1.0,1.248816708515188,False,True
2022-03-31,2022Q1,1,2022Q2,inflation_yoy,call,True,-0.598505530464899,0.5603312033418621,decelerating,accelerating,0.0,0.598505530464899,False,True
2022-03-31,2022Q1,1,2022Q2,inflation_qoq,call,True,-0.8121073777174637,0.15104928952840435,decelerating,accelerating,0.0,0.8121073777174637,False,True
2022-03-31,2022Q1,2,2022Q3,growth_yoy,call,True,0.10699110672487411,-0.10481966623026029,accelerating,decelerating,0.0,0.10699110672487411,False,True
2022-03-31,2022Q1,2,2022Q3,growth_qoq,abstain,False,,0.5653525523656278,no call,accelerating,,,False,True
2022-03-31,2022Q1,2,2022Q3,inflation_yoy,call,True,-0.82413946010338,-0.29067342238344906,decelerating,decelerating,1.0,0.82413946010338,False,True
2022-03-31,2022Q1,2,2022Q3,inflation_qoq,call,True,-0.43957752387262516,-1.032061112174576,decelerating,decelerating,1.0,0.43957752387262516,False,True
2022-03-31,2022Q1,3,2022Q4,growth_yoy,call,True,-1.2751591532789597,-1.0318989819385838,decelerating,decelerating,1.0,1.2751591532789597,False,True
2022-03-31,2022Q1,3,2022Q4,growth_qoq,abstain,False,,-0.03165916584768613,no call,decelerating,,,False,True
2022-03-31,2022Q1,3,2022Q4,inflation_yoy,call,True,-1.4074567417238741,-1.1969973285968667,decelerating,decelerating,1.0,1.4074567417238741,False,True
2022-03-31,2022Q1,3,2022Q4,inflation_qoq,call,True,0.009339423899690225,-0.27407712721885247,accelerating,decelerating,0.0,0.009339423899690225,False,True
2022-03-31,2022Q1,4,2023Q1,growth_yoy,call,True,-0.16050392135951164,0.9940719464583747,decelerating,accelerating,0.0,0.16050392135951164,False,True
2022-03-31,2022Q1,4,2023Q1,growth_qoq,abstain,False,,0.03361050777510588,no call,accelerating,,,False,True
2022-03-31,2022Q1,4,2023Q1,inflation_yoy,call,True,-1.275072459095128,-1.3611840658656655,decelerating,decelerating,1.0,1.275072459095128,False,True
2022-03-31,2022Q1,4,2023Q1,inflation_qoq,call,True,0.004052299795653802,-0.14480020047547004,accelerating,decelerating,0.0,0.004052299795653802,False,True
2022-04-30,2022Q2,0,2022Q2,growth_yoy,call,True,-1.0675799608301784,-1.5807891475521307,decelerating,decelerating,1.0,1.0675799608301784,False,True
2022-04-30,2022Q2,0,2022Q2,growth_qoq,call,True,0.5410345887650364,0.41134562930517093,accelerating,accelerating,1.0,0.5410345887650364,False,True
2022-04-30,2022Q2,0,2022Q2,inflation_yoy,call,True,-0.48898837695140074,0.5603312033418621,decelerating,accelerating,0.0,0.48898837695140074,False,True
2022-04-30,2022Q2,0,2022Q2,inflation_qoq,call,True,-0.8421932936215182,0.15104928952840435,decelerating,accelerating,0.0,0.8421932936215182,False,True
2022-04-30,2022Q2,1,2022Q3,growth_yoy,call,True,0.023020552433083985,-0.10481966623026029,accelerating,decelerating,0.0,0.023020552433083985,False,True
2022-04-30,2022Q2,1,2022Q3,growth_qoq,lean,True,-0.7153778815793155,0.5653525523656278,decelerating,accelerating,0.0,0.7153778815793155,False,True
2022-04-30,2022Q2,1,2022Q3,inflation_yoy,call,True,-0.7691860028679427,-0.29067342238344906,decelerating,decelerating,1.0,0.7691860028679427,False,True
2022-04-30,2022Q2,1,2022Q3,inflation_qoq,call,True,-0.48933683099212644,-1.032061112174576,decelerating,decelerating,1.0,0.48933683099212644,False,True
2022-04-30,2022Q2,2,2022Q4,growth_yoy,call,True,-1.2056627112291052,-1.0318989819385838,decelerating,decelerating,1.0,1.2056627112291052,False,True
2022-04-30,2022Q2,2,2022Q4,growth_qoq,abstain,False,,-0.03165916584768613,no call,decelerating,,,False,True
2022-04-30,2022Q2,2,2022Q4,inflation_yoy,call,True,-1.3567011451671487,-1.1969973285968667,decelerating,decelerating,1.0,1.3567011451671487,False,True
2022-04-30,2022Q2,2,2022Q4,inflation_qoq,call,True,0.008130673479822548,-0.27407712721885247,accelerating,decelerating,0.0,0.008130673479822548,False,True
2022-04-30,2022Q2,3,2023Q1,growth_yoy,call,True,0.7291555453495802,0.9940719464583747,accelerating,accelerating,1.0,0.7291555453495802,False,True
2022-04-30,2022Q2,3,2023Q1,growth_qoq,abstain,False,,0.03361050777510588,no call,accelerating,,,False,True
2022-04-30,2022Q2,3,2023Q1,inflation_yoy,call,True,-1.3607617282622213,-1.3611840658656655,decelerating,decelerating,1.0,1.3607617282622213,False,True
2022-04-30,2022Q2,3,2023Q1,inflation_qoq,call,True,0.0027640094612646493,-0.14480020047547004,accelerating,decelerating,0.0,0.0027640094612646493,False,True
2022-04-30,2022Q2,4,2023Q2,growth_yoy,call,True,0.035803937458411816,0.48146424766009055,accelerating,accelerating,1.0,0.035803937458411816,False,True
2022-04-30,2022Q2,4,2023Q2,growth_qoq,abstain,False,,-0.09597893774455635,no call,decelerating,,,False,True
2022-04-30,2022Q2,4,2023Q2,inflation_yoy,call,True,-0.4928306277831873,-1.683390145160213,decelerating,decelerating,1.0,0.4928306277831873,False,True
2022-04-30,2022Q2,4,2023Q2,inflation_qoq,call,True,0.0021359121346042897,-0.18110641881545764,accelerating,decelerating,0.0,0.0021359121346042897,False,True
2022-05-31,2022Q2,0,2022Q2,growth_yoy,call,True,-0.5378373285308102,-1.5807891475521307,decelerating,decelerating,1.0,0.5378373285308102,False,True
2022-05-31,2022Q2,0,2022Q2,growth_qoq,call,True,0.5410345887650364,0.41134562930517093,accelerating,accelerating,1.0,0.5410345887650364,False,True
2022-05-31,2022Q2,0,2022Q2,inflation_yoy,call,True,-0.1447078090272811,0.5603312033418621,decelerating,accelerating,0.0,0.1447078090272811,False,True
2022-05-31,2022Q2,0,2022Q2,inflation_qoq,call,True,-0.5172829653967259,0.15104928952840435,decelerating,accelerating,0.0,0.5172829653967259,False,True
2022-05-31,2022Q2,1,2022Q3,growth_yoy,call,True,0.02313890246155026,-0.10481966623026029,accelerating,decelerating,0.0,0.02313890246155026,False,True
2022-05-31,2022Q2,1,2022Q3,growth_qoq,lean,True,-0.7153778815793155,0.5653525523656278,decelerating,accelerating,0.0,0.7153778815793155,False,True
2022-05-31,2022Q2,1,2022Q3,inflation_yoy,call,True,-0.6966549535391744,-0.29067342238344906,decelerating,decelerating,1.0,0.6966549535391744,False,True
2022-05-31,2022Q2,1,2022Q3,inflation_qoq,call,True,-0.7440038352384937,-1.032061112174576,decelerating,decelerating,1.0,0.7440038352384937,False,True
2022-05-31,2022Q2,2,2022Q4,growth_yoy,call,True,-1.2118610948944397,-1.0318989819385838,decelerating,decelerating,1.0,1.2118610948944397,False,True
2022-05-31,2022Q2,2,2022Q4,growth_qoq,abstain,False,,-0.03165916584768613,no call,decelerating,,,False,True
2022-05-31,2022Q2,2,2022Q4,inflation_yoy,call,True,-1.3439076423924057,-1.1969973285968667,decelerating,decelerating,1.0,1.3439076423924057,False,True
2022-05-31,2022Q2,2,2022Q4,inflation_qoq,call,True,-0.044857924747154776,-0.27407712721885247,decelerating,decelerating,1.0,0.044857924747154776,False,True
2022-05-31,2022Q2,3,2023Q1,growth_yoy,call,True,0.7329041773506129,0.9940719464583747,accelerating,accelerating,1.0,0.7329041773506129,False,True
2022-05-31,2022Q2,3,2023Q1,growth_qoq,abstain,False,,0.03361050777510588,no call,accelerating,,,False,True
2022-05-31,2022Q2,3,2023Q1,inflation_yoy,call,True,-1.3523650515170642,-1.3611840658656655,decelerating,decelerating,1.0,1.3523650515170642,False,True
2022-05-31,2022Q2,3,2023Q1,inflation_qoq,call,True,-0.0010293237500569319,-0.14480020047547004,decelerating,decelerating,1.0,0.0010293237500569319,False,True
2022-05-31,2022Q2,4,2023Q2,growth_yoy,call,True,-0.49160729320509855,0.48146424766009055,decelerating,accelerating,0.0,0.49160729320509855,False,True
2022-05-31,2022Q2,4,2023Q2,growth_qoq,abstain,False,,-0.09597893774455635,no call,decelerating,,,False,True
2022-05-31,2022Q2,4,2023Q2,inflation_yoy,call,True,-0.8161029327672673,-1.683390145160213,decelerating,decelerating,1.0,0.8161029327672673,False,True
2022-05-31,2022Q2,4,2023Q2,inflation_qoq,call,True,-0.0007652908257993474,-0.18110641881545764,decelerating,decelerating,1.0,0.0007652908257993474,False,True
2022-06-30,2022Q2,0,2022Q2,growth_yoy,call,True,-0.6932794773470974,-1.5807891475521307,decelerating,decelerating,1.0,0.6932794773470974,False,True
2022-06-30,2022Q2,0,2022Q2,growth_qoq,call,True,0.5410345887650364,0.41134562930517093,accelerating,accelerating,1.0,0.5410345887650364,False,True
2022-06-30,2022Q2,0,2022Q2,inflation_yoy,call,True,0.3563898552577296,0.5603312033418621,accelerating,accelerating,1.0,0.3563898552577296,False,True
2022-06-30,2022Q2,0,2022Q2,inflation_qoq,call,True,-0.04269042182998284,0.15104928952840435,decelerating,accelerating,0.0,0.04269042182998284,False,True
2022-06-30,2022Q2,1,2022Q3,growth_yoy,call,True,0.023104175064458943,-0.10481966623026029,accelerating,decelerating,0.0,0.023104175064458943,False,True
2022-06-30,2022Q2,1,2022Q3,growth_qoq,lean,True,-0.7153778815793155,0.5653525523656278,decelerating,accelerating,0.0,0.7153778815793155,False,True
2022-06-30,2022Q2,1,2022Q3,inflation_yoy,call,True,-0.244040098946801,-0.29067342238344906,decelerating,decelerating,1.0,0.244040098946801,False,True
2022-06-30,2022Q2,1,2022Q3,inflation_qoq,call,True,-0.7935385578321075,-1.032061112174576,decelerating,decelerating,1.0,0.7935385578321075,False,True
2022-06-30,2022Q2,2,2022Q4,growth_yoy,call,True,-1.2100423058875265,-1.0318989819385838,decelerating,decelerating,1.0,1.2100423058875265,False,True
2022-06-30,2022Q2,2,2022Q4,growth_qoq,abstain,False,,-0.03165916584768613,no call,decelerating,,,False,True
2022-06-30,2022Q2,2,2022Q4,inflation_yoy,call,True,-1.3649924026600955,-1.1969973285968667,decelerating,decelerating,1.0,1.3649924026600955,False,True
2022-06-30,2022Q2,2,2022Q4,inflation_qoq,call,True,-0.4785475269195594,-0.27407712721885247,decelerating,decelerating,1.0,0.4785475269195594,False,True
2022-06-30,2022Q2,3,2023Q1,growth_yoy,call,True,0.7318042179027096,0.9940719464583747,accelerating,accelerating,1.0,0.7318042179027096,False,True
2022-06-30,2022Q2,3,2023Q1,growth_qoq,abstain,False,,0.03361050777510588,no call,accelerating,,,False,True
2022-06-30,2022Q2,3,2023Q1,inflation_yoy,call,True,-1.3738128577375441,-1.3611840658656655,decelerating,decelerating,1.0,1.3738128577375441,False,True
2022-06-30,2022Q2,3,2023Q1,inflation_qoq,call,True,-0.0015239576488745854,-0.14480020047547004,decelerating,decelerating,1.0,0.0015239576488745854,False,True
2022-06-30,2022Q2,4,2023Q2,growth_yoy,call,True,-0.3368492465507744,0.48146424766009055,decelerating,accelerating,0.0,0.3368492465507744,False,True
2022-06-30,2022Q2,4,2023Q2,growth_qoq,abstain,False,,-0.09597893774455635,no call,decelerating,,,False,True
2022-06-30,2022Q2,4,2023Q2,inflation_yoy,call,True,-1.3168450689293731,-1.683390145160213,decelerating,decelerating,1.0,1.3168450689293731,False,True
2022-06-30,2022Q2,4,2023Q2,inflation_qoq,call,True,-0.0018980322753714418,-0.18110641881545764,decelerating,decelerating,1.0,0.0018980322753714418,False,True
2022-07-31,2022Q3,0,2022Q3,growth_yoy,call,True,-0.7261468296850815,-0.10481966623026029,decelerating,decelerating,1.0,0.7261468296850815,False,False
2022-07-31,2022Q3,0,2022Q3,growth_qoq,split,True,0.13479165639193874,0.5653525523656278,accelerating,accelerating,1.0,0.13479165639193874,False,False
2022-07-31,2022Q3,0,2022Q3,inflation_yoy,call,True,-0.061817798788911915,-0.29067342238344906,decelerating,decelerating,1.0,0.061817798788911915,False,False
2022-07-31,2022Q3,0,2022Q3,inflation_qoq,call,True,-0.817834219014002,-1.032061112174576,decelerating,decelerating,1.0,0.817834219014002,False,False
2022-07-31,2022Q3,1,2022Q4,growth_yoy,call,True,-1.121612130392391,-1.0318989819385838,decelerating,decelerating,1.0,1.121612130392391,False,False
2022-07-31,2022Q3,1,2022Q4,growth_qoq,lean,True,-0.6217650478097192,-0.03165916584768613,decelerating,decelerating,1.0,0.6217650478097192,False,False
2022-07-31,2022Q3,1,2022Q4,inflation_yoy,call,True,-1.340998451601826,-1.1969973285968667,decelerating,decelerating,1.0,1.340998451601826,False,False
2022-07-31,2022Q3,1,2022Q4,inflation_qoq,call,True,-0.6207700320419729,-0.27407712721885247,decelerating,decelerating,1.0,0.6207700320419729,False,False
2022-07-31,2022Q3,2,2023Q1,growth_yoy,call,True,0.8089686423844,0.9940719464583747,accelerating,accelerating,1.0,0.8089686423844,False,False
2022-07-31,2022Q3,2,2023Q1,growth_qoq,abstain,False,,0.03361050777510588,no call,accelerating,,,False,False
2022-07-31,2022Q3,2,2023Q1,inflation_yoy,call,True,-1.34611605072672,-1.3611840658656655,decelerating,decelerating,1.0,1.34611605072672,False,False
2022-07-31,2022Q3,2,2023Q1,inflation_qoq,call,True,0.002699139012118934,-0.14480020047547004,accelerating,decelerating,0.0,0.002699139012118934,False,False
2022-07-31,2022Q3,3,2023Q2,growth_yoy,call,True,0.6300877039704611,0.48146424766009055,accelerating,accelerating,1.0,0.6300877039704611,False,False
2022-07-31,2022Q3,3,2023Q2,growth_qoq,abstain,False,,-0.09597893774455635,no call,decelerating,,,False,False
2022-07-31,2022Q3,3,2023Q2,inflation_yoy,call,True,-1.4906924910499244,-1.683390145160213,decelerating,decelerating,1.0,1.4906924910499244,False,False
2022-07-31,2022Q3,3,2023Q2,inflation_qoq,call,True,-0.00795281160319572,-0.18110641881545764,decelerating,decelerating,1.0,0.00795281160319572,False,False
2022-07-31,2022Q3,4,2023Q3,growth_yoy,call,True,0.7225557024713058,0.4405818064199707,accelerating,accelerating,1.0,0.7225557024713058,False,False
2022-07-31,2022Q3,4,2023Q3,growth_qoq,abstain,False,,0.5257340798355159,no call,accelerating,,,False,False
2022-07-31,2022Q3,4,2023Q3,inflation_yoy,call,True,-0.6575985825477693,-0.4850291578178889,decelerating,decelerating,1.0,0.6575985825477693,False,False
2022-07-31,2022Q3,4,2023Q3,inflation_qoq,call,True,-0.007935228419375662,0.13461084827905978,decelerating,accelerating,0.0,0.007935228419375662,False,False
2022-08-31,2022Q3,0,2022Q3,growth_yoy,call,True,-0.339891324051278,-0.10481966623026029,decelerating,decelerating,1.0,0.339891324051278,False,False
2022-08-31,2022Q3,0,2022Q3,growth_qoq,split,True,0.13479165639193874,0.5653525523656278,accelerating,accelerating,1.0,0.13479165639193874,False,False
2022-08-31,2022Q3,0,2022Q3,inflation_yoy,call,True,-0.38425702406516393,-0.29067342238344906,decelerating,decelerating,1.0,0.38425702406516393,False,False
2022-08-31,2022Q3,0,2022Q3,inflation_qoq,call,True,-1.1198313837428753,-1.032061112174576,decelerating,decelerating,1.0,1.1198313837428753,False,False
2022-08-31,2022Q3,1,2022Q4,growth_yoy,call,True,-1.125871541150092,-1.0318989819385838,decelerating,decelerating,1.0,1.125871541150092,False,False
2022-08-31,2022Q3,1,2022Q4,growth_qoq,lean,True,-0.6217650478097192,-0.03165916584768613,decelerating,decelerating,1.0,0.6217650478097192,False,False
2022-08-31,2022Q3,1,2022Q4,inflation_yoy,call,True,-1.3309566681078682,-1.1969973285968667,decelerating,decelerating,1.0,1.3309566681078682,False,False
2022-08-31,2022Q3,1,2022Q4,inflation_qoq,call,True,-0.31249578729144467,-0.27407712721885247,decelerating,decelerating,1.0,0.31249578729144467,False,False
2022-08-31,2022Q3,2,2023Q1,growth_yoy,call,True,0.8120407647738359,0.9940719464583747,accelerating,accelerating,1.0,0.8120407647738359,False,False
2022-08-31,2022Q3,2,2023Q1,growth_qoq,abstain,False,,0.03361050777510588,no call,accelerating,,,False,False
2022-08-31,2022Q3,2,2023Q1,inflation_yoy,call,True,-1.1940849914257328,-1.3611840658656655,decelerating,decelerating,1.0,1.1940849914257328,False,False
2022-08-31,2022Q3,2,2023Q1,inflation_qoq,call,True,0.1381047187191342,-0.14480020047547004,accelerating,decelerating,0.0,0.1381047187191342,False,False
2022-08-31,2022Q3,3,2023Q2,growth_yoy,call,True,0.6324805118510746,0.48146424766009055,accelerating,accelerating,1.0,0.6324805118510746,False,False
2022-08-31,2022Q3,3,2023Q2,growth_qoq,abstain,False,,-0.09597893774455635,no call,decelerating,,,False,False
2022-08-31,2022Q3,3,2023Q2,inflation_yoy,call,True,-1.3455847917104231,-1.683390145160213,decelerating,decelerating,1.0,1.3455847917104231,False,False
2022-08-31,2022Q3,3,2023Q2,inflation_qoq,call,True,-0.011244434170154527,-0.18110641881545764,decelerating,decelerating,1.0,0.011244434170154527,False,False
2022-08-31,2022Q3,4,2023Q3,growth_yoy,call,True,0.33509467732515397,0.4405818064199707,accelerating,accelerating,1.0,0.33509467732515397,False,False
2022-08-31,2022Q3,4,2023Q3,growth_qoq,abstain,False,,0.5257340798355159,no call,accelerating,,,False,False
2022-08-31,2022Q3,4,2023Q3,inflation_yoy,call,True,-0.2302016937417859,-0.4850291578178889,decelerating,decelerating,1.0,0.2302016937417859,False,False
2022-08-31,2022Q3,4,2023Q3,inflation_qoq,call,True,-0.03200219065913057,0.13461084827905978,decelerating,accelerating,0.0,0.03200219065913057,False,False
2022-09-30,2022Q3,0,2022Q3,growth_yoy,call,True,-0.2561513937427762,-0.10481966623026029,decelerating,decelerating,1.0,0.2561513937427762,False,False
2022-09-30,2022Q3,0,2022Q3,growth_qoq,split,True,0.13479165639193874,0.5653525523656278,accelerating,accelerating,1.0,0.13479165639193874,False,False
2022-09-30,2022Q3,0,2022Q3,inflation_yoy,call,True,-0.373540841488218,-0.29067342238344906,decelerating,decelerating,1.0,0.373540841488218,False,False
2022-09-30,2022Q3,0,2022Q3,inflation_qoq,call,True,-1.1098999311959012,-1.032061112174576,decelerating,decelerating,1.0,1.1098999311959012,False,False
2022-09-30,2022Q3,1,2022Q4,growth_yoy,call,True,-1.1267949784986797,-1.0318989819385838,decelerating,decelerating,1.0,1.1267949784986797,False,False
2022-09-30,2022Q3,1,2022Q4,growth_qoq,lean,True,-0.6217650478097192,-0.03165916584768613,decelerating,decelerating,1.0,0.6217650478097192,False,False
2022-09-30,2022Q3,1,2022Q4,inflation_yoy,call,True,-1.3453921373221593,-1.1969973285968667,decelerating,decelerating,1.0,1.3453921373221593,False,False
2022-09-30,2022Q3,1,2022Q4,inflation_qoq,call,True,-0.33569198773866216,-0.27407712721885247,decelerating,decelerating,1.0,0.33569198773866216,False,False
2022-09-30,2022Q3,2,2023Q1,growth_yoy,call,True,0.8127067988135561,0.9940719464583747,accelerating,accelerating,1.0,0.8127067988135561,False,False
2022-09-30,2022Q3,2,2023Q1,growth_qoq,abstain,False,,0.03361050777510588,no call,accelerating,,,False,False
2022-09-30,2022Q3,2,2023Q1,inflation_yoy,call,True,-1.104575695365054,-1.3611840658656655,decelerating,decelerating,1.0,1.104575695365054,False,False
2022-09-30,2022Q3,2,2023Q1,inflation_qoq,call,True,0.2369502445206395,-0.14480020047547004,accelerating,decelerating,0.0,0.2369502445206395,False,False
2022-09-30,2022Q3,3,2023Q2,growth_yoy,call,True,0.6329992709683818,0.48146424766009055,accelerating,accelerating,1.0,0.6329992709683818,False,False
2022-09-30,2022Q3,3,2023Q2,growth_qoq,abstain,False,,-0.09597893774455635,no call,decelerating,,,False,False
2022-09-30,2022Q3,3,2023Q2,inflation_yoy,call,True,-1.2656909496259345,-1.683390145160213,decelerating,decelerating,1.0,1.2656909496259345,False,False
2022-09-30,2022Q3,3,2023Q2,inflation_qoq,call,True,-0.018441144659231412,-0.18110641881545764,decelerating,decelerating,1.0,0.018441144659231412,False,False
2022-09-30,2022Q3,4,2023Q3,growth_yoy,call,True,0.2510933912082125,0.4405818064199707,accelerating,accelerating,1.0,0.2510933912082125,False,False
2022-09-30,2022Q3,4,2023Q3,growth_qoq,abstain,False,,0.5257340798355159,no call,accelerating,,,False,False
2022-09-30,2022Q3,4,2023Q3,inflation_yoy,call,True,-0.18672103151581698,-0.4850291578178889,decelerating,decelerating,1.0,0.18672103151581698,False,False
2022-09-30,2022Q3,4,2023Q3,inflation_qoq,call,True,-0.058104730431263185,0.13461084827905978,decelerating,accelerating,0.0,0.058104730431263185,False,False
2022-10-31,2022Q4,0,2022Q4,growth_yoy,call,True,-1.3698831226847563,-1.0318989819385838,decelerating,decelerating,1.0,1.3698831226847563,False,False
2022-10-31,2022Q4,0,2022Q4,growth_qoq,call,True,0.25601051128713626,-0.03165916584768613,accelerating,decelerating,0.0,0.25601051128713626,False,False
2022-10-31,2022Q4,0,2022Q4,inflation_yoy,call,True,-0.9906399766694083,-1.1969973285968667,decelerating,decelerating,1.0,0.9906399766694083,False,False
2022-10-31,2022Q4,0,2022Q4,inflation_qoq,call,True,-0.07811535681221393,-0.27407712721885247,decelerating,decelerating,1.0,0.07811535681221393,False,False
2022-10-31,2022Q4,1,2023Q1,growth_yoy,call,True,0.8183550743804391,0.9940719464583747,accelerating,accelerating,1.0,0.8183550743804391,False,False
2022-10-31,2022Q4,1,2023Q1,growth_qoq,lean,True,-0.474663354114635,0.03361050777510588,decelerating,accelerating,0.0,0.474663354114635,False,False
2022-10-31,2022Q4,1,2023Q1,inflation_yoy,call,True,-1.0888822289796183,-1.3611840658656655,decelerating,decelerating,1.0,1.0888822289796183,False,False
2022-10-31,2022Q4,1,2023Q1,inflation_qoq,call,True,-0.07920621525394633,-0.14480020047547004,decelerating,decelerating,1.0,0.07920621525394633,False,False
2022-10-31,2022Q4,2,2023Q2,growth_yoy,call,True,0.5694098556371596,0.48146424766009055,accelerating,accelerating,1.0,0.5694098556371596,False,False
2022-10-31,2022Q4,2,2023Q2,growth_qoq,abstain,False,,-0.09597893774455635,no call,decelerating,,,False,False
2022-10-31,2022Q4,2,2023Q2,inflation_yoy,call,True,-1.2546816108747425,-1.683390145160213,decelerating,decelerating,1.0,1.2546816108747425,False,False
2022-10-31,2022Q4,2,2023Q2,inflation_qoq,call,True,-0.021868820211645712,-0.18110641881545764,decelerating,decelerating,1.0,0.021868820211645712,False,False
2022-10-31,2022Q4,3,2023Q3,growth_yoy,call,True,0.48282557001830817,0.4405818064199707,accelerating,accelerating,1.0,0.48282557001830817,False,False
2022-10-31,2022Q4,3,2023Q3,growth_qoq,abstain,False,,0.5257340798355159,no call,accelerating,,,False,False
2022-10-31,2022Q4,3,2023Q3,inflation_yoy,call,True,-0.26391591632413824,-0.4850291578178889,decelerating,decelerating,1.0,0.26391591632413824,False,False
2022-10-31,2022Q4,3,2023Q3,inflation_qoq,call,True,-0.07008224686313458,0.13461084827905978,decelerating,accelerating,0.0,0.07008224686313458,False,False
2022-10-31,2022Q4,4,2023Q4,growth_yoy,call,True,0.24684244502621855,0.15770143045117369,accelerating,accelerating,1.0,0.24684244502621855,False,False
2022-10-31,2022Q4,4,2023Q4,growth_qoq,abstain,False,,-0.3095488919933942,no call,decelerating,,,False,False
2022-10-31,2022Q4,4,2023Q4,inflation_yoy,call,True,-0.24263380075981722,-0.33231286096339385,decelerating,decelerating,1.0,0.24263380075981722,False,False
2022-10-31,2022Q4,4,2023Q4,inflation_qoq,call,True,-0.0636859002819401,-0.1331636201733044,decelerating,decelerating,1.0,0.0636859002819401,False,False
2022-11-30,2022Q4,0,2022Q4,growth_yoy,call,True,-1.0632466206371705,-1.0318989819385838,decelerating,decelerating,1.0,1.0632466206371705,False,False
2022-11-30,2022Q4,0,2022Q4,growth_qoq,call,True,0.25601051128713626,-0.03165916584768613,accelerating,decelerating,0.0,0.25601051128713626,False,False
2022-11-30,2022Q4,0,2022Q4,inflation_yoy,call,True,-0.9974486671726392,-1.1969973285968667,decelerating,decelerating,1.0,0.9974486671726392,False,False
2022-11-30,2022Q4,0,2022Q4,inflation_qoq,call,True,-0.08461422938452756,-0.27407712721885247,decelerating,decelerating,1.0,0.08461422938452756,False,False
2022-11-30,2022Q4,1,2023Q1,growth_yoy,call,True,0.8208516950772848,0.9940719464583747,accelerating,accelerating,1.0,0.8208516950772848,False,False
2022-11-30,2022Q4,1,2023Q1,growth_qoq,lean,True,-0.474663354114635,0.03361050777510588,decelerating,accelerating,0.0,0.474663354114635,False,False
2022-11-30,2022Q4,1,2023Q1,inflation_yoy,call,True,-1.0955912316193759,-1.3611840658656655,decelerating,decelerating,1.0,1.0955912316193759,False,False
2022-11-30,2022Q4,1,2023Q1,inflation_qoq,call,True,-0.07907903087742696,-0.14480020047547004,decelerating,decelerating,1.0,0.07907903087742696,False,False
2022-11-30,2022Q4,2,2023Q2,growth_yoy,call,True,0.5711469994211793,0.48146424766009055,accelerating,accelerating,1.0,0.5711469994211793,False,False
2022-11-30,2022Q4,2,2023Q2,growth_qoq,abstain,False,,-0.09597893774455635,no call,decelerating,,,False,False
2022-11-30,2022Q4,2,2023Q2,inflation_yoy,call,True,-1.2483040281817823,-1.683390145160213,decelerating,decelerating,1.0,1.2483040281817823,False,False
2022-11-30,2022Q4,2,2023Q2,inflation_qoq,call,True,-0.0094945217970821,-0.18110641881545764,decelerating,decelerating,1.0,0.0094945217970821,False,False
2022-11-30,2022Q4,3,2023Q3,growth_yoy,call,True,0.48429856425860063,0.4405818064199707,accelerating,accelerating,1.0,0.48429856425860063,False,False
2022-11-30,2022Q4,3,2023Q3,growth_qoq,abstain,False,,0.5257340798355159,no call,accelerating,,,False,False
2022-11-30,2022Q4,3,2023Q3,inflation_yoy,call,True,-0.25582086289375194,-0.4850291578178889,decelerating,decelerating,1.0,0.25582086289375194,False,False
2022-11-30,2022Q4,3,2023Q3,inflation_qoq,call,True,-0.06830244025897159,0.13461084827905978,decelerating,accelerating,0.0,0.06830244025897159,False,False
2022-11-30,2022Q4,4,2023Q4,growth_yoy,call,True,-0.0655008157425252,0.15770143045117369,decelerating,accelerating,0.0,0.0655008157425252,False,False
2022-11-30,2022Q4,4,2023Q4,growth_qoq,abstain,False,,-0.3095488919933942,no call,decelerating,,,False,False
2022-11-30,2022Q4,4,2023Q4,inflation_yoy,call,True,-0.25214812915008,-0.33231286096339385,decelerating,decelerating,1.0,0.25214812915008,False,False
2022-11-30,2022Q4,4,2023Q4,inflation_qoq,call,True,-0.08713715865704685,-0.1331636201733044,decelerating,decelerating,1.0,0.08713715865704685,False,False
2022-12-31,2022Q4,0,2022Q4,growth_yoy,call,True,-1.1789101657371237,-1.0318989819385838,decelerating,decelerating,1.0,1.1789101657371237,False,False
2022-12-31,2022Q4,0,2022Q4,growth_qoq,call,True,0.25601051128713626,-0.03165916584768613,accelerating,decelerating,0.0,0.25601051128713626,False,False
2022-12-31,2022Q4,0,2022Q4,inflation_yoy,call,True,-1.194431191819537,-1.1969973285968667,decelerating,decelerating,1.0,1.194431191819537,False,False
2022-12-31,2022Q4,0,2022Q4,inflation_qoq,call,True,-0.271637867224106,-0.27407712721885247,decelerating,decelerating,1.0,0.271637867224106,False,False
2022-12-31,2022Q4,1,2023Q1,growth_yoy,call,True,0.8199099676617916,0.9940719464583747,accelerating,accelerating,1.0,0.8199099676617916,False,False
2022-12-31,2022Q4,1,2023Q1,growth_qoq,lean,True,-0.474663354114635,0.03361050777510588,decelerating,accelerating,0.0,0.474663354114635,False,False
2022-12-31,2022Q4,1,2023Q1,inflation_yoy,call,True,-1.385643083185184,-1.3611840658656655,decelerating,decelerating,1.0,1.385643083185184,False,False
2022-12-31,2022Q4,1,2023Q1,inflation_qoq,call,True,-0.16959428005809407,-0.14480020047547004,decelerating,decelerating,1.0,0.16959428005809407,False,False
2022-12-31,2022Q4,2,2023Q2,growth_yoy,call,True,0.570491747332591,0.48146424766009055,accelerating,accelerating,1.0,0.570491747332591,False,False
2022-12-31,2022Q4,2,2023Q2,growth_qoq,abstain,False,,-0.09597893774455635,no call,decelerating,,,False,False
2022-12-31,2022Q4,2,2023Q2,inflation_yoy,call,True,-1.241165528036274,-1.683390145160213,decelerating,decelerating,1.0,1.241165528036274,False,False
2022-12-31,2022Q4,2,2023Q2,inflation_qoq,call,True,0.2694201594173995,-0.18110641881545764,accelerating,decelerating,0.0,0.2694201594173995,False,False
2022-12-31,2022Q4,3,2023Q3,growth_yoy,call,True,0.4837429495988754,0.4405818064199707,accelerating,accelerating,1.0,0.4837429495988754,False,False
2022-12-31,2022Q4,3,2023Q3,growth_qoq,abstain,False,,0.5257340798355159,no call,accelerating,,,False,False
2022-12-31,2022Q4,3,2023Q3,inflation_yoy,call,True,-0.25002104549708015,-0.4850291578178889,decelerating,decelerating,1.0,0.25002104549708015,False,False
2022-12-31,2022Q4,3,2023Q3,inflation_qoq,call,True,-0.06519202797876655,0.13461084827905978,decelerating,accelerating,0.0,0.06519202797876655,False,False
2022-12-31,2022Q4,4,2023Q4,growth_yoy,call,True,0.05231532352127921,0.15770143045117369,accelerating,accelerating,1.0,0.05231532352127921,False,False
2022-12-31,2022Q4,4,2023Q4,growth_qoq,abstain,False,,-0.3095488919933942,no call,decelerating,,,False,False
2022-12-31,2022Q4,4,2023Q4,inflation_yoy,call,True,-0.06206989786785577,-0.33231286096339385,decelerating,decelerating,1.0,0.06206989786785577,False,False
2022-12-31,2022Q4,4,2023Q4,inflation_qoq,call,True,-0.09476414341458295,-0.1331636201733044,decelerating,decelerating,1.0,0.09476414341458295,False,False
2023-01-31,2023Q1,0,2023Q1,growth_yoy,call,True,0.2958333567603333,0.9940719464583747,accelerating,accelerating,1.0,0.2958333567603333,False,False
2023-01-31,2023Q1,0,2023Q1,growth_qoq,call,True,0.3061582957208564,0.03361050777510588,accelerating,accelerating,1.0,0.3061582957208564,False,False
2023-01-31,2023Q1,0,2023Q1,inflation_yoy,call,True,-1.2666267464809708,-1.3611840658656655,decelerating,decelerating,1.0,1.2666267464809708,False,False
2023-01-31,2023Q1,0,2023Q1,inflation_qoq,call,True,-0.053593579197186436,-0.14480020047547004,decelerating,decelerating,1.0,0.053593579197186436,False,False
2023-01-31,2023Q1,1,2023Q2,growth_yoy,call,True,0.5490012407679989,0.48146424766009055,accelerating,accelerating,1.0,0.5490012407679989,False,False
2023-01-31,2023Q1,1,2023Q2,growth_qoq,lean,True,-0.24396217577218327,-0.09597893774455635,decelerating,decelerating,1.0,0.24396217577218327,False,False
2023-01-31,2023Q1,1,2023Q2,inflation_yoy,call,True,-1.2421912710243026,-1.683390145160213,decelerating,decelerating,1.0,1.2421912710243026,False,False
2023-01-31,2023Q1,1,2023Q2,inflation_qoq,call,True,0.15619195128362406,-0.18110641881545764,accelerating,decelerating,0.0,0.15619195128362406,False,False
2023-01-31,2023Q1,2,2023Q3,growth_yoy,call,True,0.31696683896045297,0.4405818064199707,accelerating,accelerating,1.0,0.31696683896045297,False,False
2023-01-31,2023Q1,2,2023Q3,growth_qoq,abstain,False,,0.5257340798355159,no call,accelerating,,,False,False
2023-01-31,2023Q1,2,2023Q3,inflation_yoy,call,True,-0.24794752634247352,-0.4850291578178889,decelerating,decelerating,1.0,0.24794752634247352,False,False
2023-01-31,2023Q1,2,2023Q3,inflation_qoq,call,True,-0.06324893004463483,0.13461084827905978,decelerating,accelerating,0.0,0.06324893004463483,False,False
2023-01-31,2023Q1,3,2023Q4,growth_yoy,call,True,0.24741464057462803,0.15770143045117369,accelerating,accelerating,1.0,0.24741464057462803,False,False
2023-01-31,2023Q1,3,2023Q4,growth_qoq,abstain,False,,-0.3095488919933942,no call,decelerating,,,False,False
2023-01-31,2023Q1,3,2023Q4,inflation_yoy,call,True,-0.058745845235767646,-0.33231286096339385,decelerating,decelerating,1.0,0.058745845235767646,False,False
2023-01-31,2023Q1,3,2023Q4,inflation_qoq,call,True,-0.09619694764844144,-0.1331636201733044,decelerating,decelerating,1.0,0.09619694764844144,False,False
2023-01-31,2023Q1,4,2024Q1,growth_yoy,call,True,0.5605913827784192,-0.5275993604509477,accelerating,decelerating,0.0,0.5605913827784192,False,False
2023-01-31,2023Q1,4,2024Q1,growth_qoq,abstain,False,,-0.6341958037865636,no call,decelerating,,,False,False
2023-01-31,2023Q1,4,2024Q1,inflation_yoy,call,True,-0.040694948821136556,0.010576637685089096,decelerating,accelerating,0.0,0.040694948821136556,False,False
2023-01-31,2023Q1,4,2024Q1,inflation_qoq,call,True,-0.03646608975245158,0.19027867940801801,decelerating,accelerating,0.0,0.03646608975245158,False,False
2023-02-28,2023Q1,0,2023Q1,growth_yoy,call,True,1.2066646541356807,0.9940719464583747,accelerating,accelerating,1.0,1.2066646541356807,False,False
2023-02-28,2023Q1,0,2023Q1,growth_qoq,call,True,0.3061582957208564,0.03361050777510588,accelerating,accelerating,1.0,0.3061582957208564,False,False
2023-02-28,2023Q1,0,2023Q1,inflation_yoy,call,True,-1.2270441333573032,-1.3611840658656655,decelerating,decelerating,1.0,1.2270441333573032,False,False
2023-02-28,2023Q1,0,2023Q1,inflation_qoq,call,True,-0.01577741270406552,-0.14480020047547004,decelerating,decelerating,1.0,0.01577741270406552,False,False
2023-02-28,2023Q1,1,2023Q2,growth_yoy,call,True,0.5539539656005621,0.48146424766009055,accelerating,accelerating,1.0,0.5539539656005621,False,False
2023-02-28,2023Q1,1,2023Q2,growth_qoq,lean,True,-0.24396217577218327,-0.09597893774455635,decelerating,decelerating,1.0,0.24396217577218327,False,False
2023-02-28,2023Q1,1,2023Q2,inflation_yoy,call,True,-1.2441683026177683,-1.683390145160213,decelerating,decelerating,1.0,1.2441683026177683,False,False
2023-02-28,2023Q1,1,2023Q2,inflation_qoq,call,True,0.11684766313311279,-0.18110641881545764,accelerating,decelerating,0.0,0.11684766313311279,False,False
2023-02-28,2023Q1,2,2023Q3,growth_yoy,call,True,0.319826303416737,0.4405818064199707,accelerating,accelerating,1.0,0.319826303416737,False,False
2023-02-28,2023Q1,2,2023Q3,growth_qoq,abstain,False,,0.5257340798355159,no call,accelerating,,,False,False
2023-02-28,2023Q1,2,2023Q3,inflation_yoy,call,True,-0.2597005206772973,-0.4850291578178889,decelerating,decelerating,1.0,0.2597005206772973,False,False
2023-02-28,2023Q1,2,2023Q3,inflation_qoq,call,True,-0.07300104806182706,0.13461084827905978,decelerating,accelerating,0.0,0.07300104806182706,False,False
2023-02-28,2023Q1,3,2023Q4,growth_yoy,call,True,0.24964665125750685,0.15770143045117369,accelerating,accelerating,1.0,0.24964665125750685,False,False
2023-02-28,2023Q1,3,2023Q4,growth_qoq,abstain,False,,-0.3095488919933942,no call,decelerating,,,False,False
2023-02-28,2023Q1,3,2023Q4,inflation_yoy,call,True,-0.07464260709100223,-0.33231286096339385,decelerating,decelerating,1.0,0.07464260709100223,False,False
2023-02-28,2023Q1,3,2023Q4,inflation_qoq,call,True,-0.10029165261731254,-0.1331636201733044,decelerating,decelerating,1.0,0.10029165261731254,False,False
2023-02-28,2023Q1,4,2024Q1,growth_yoy,call,True,-0.36028411456863196,-0.5275993604509477,decelerating,decelerating,1.0,0.36028411456863196,False,False
2023-02-28,2023Q1,4,2024Q1,growth_qoq,abstain,False,,-0.6341958037865636,no call,decelerating,,,False,False
2023-02-28,2023Q1,4,2024Q1,inflation_yoy,call,True,-0.10984322075512765,0.010576637685089096,decelerating,accelerating,0.0,0.10984322075512765,False,False
2023-02-28,2023Q1,4,2024Q1,inflation_qoq,call,True,-0.0503228380952736,0.19027867940801801,decelerating,accelerating,0.0,0.0503228380952736,False,False
2023-03-31,2023Q1,0,2023Q1,growth_yoy,call,True,1.1839900947622661,0.9940719464583747,accelerating,accelerating,1.0,1.1839900947622661,False,False
2023-03-31,2023Q1,0,2023Q1,growth_qoq,call,True,0.3061582957208564,0.03361050777510588,accelerating,accelerating,1.0,0.3061582957208564,False,False
2023-03-31,2023Q1,0,2023Q1,inflation_yoy,call,True,-1.328236881243913,-1.3611840658656655,decelerating,decelerating,1.0,1.328236881243913,False,False
2023-03-31,2023Q1,0,2023Q1,inflation_qoq,call,True,-0.11305237614427366,-0.14480020047547004,decelerating,decelerating,1.0,0.11305237614427366,False,False
2023-03-31,2023Q1,1,2023Q2,growth_yoy,call,True,0.5538306707010499,0.48146424766009055,accelerating,accelerating,1.0,0.5538306707010499,False,False
2023-03-31,2023Q1,1,2023Q2,growth_qoq,lean,True,-0.24396217577218327,-0.09597893774455635,decelerating,decelerating,1.0,0.24396217577218327,False,False
2023-03-31,2023Q1,1,2023Q2,inflation_yoy,call,True,-1.3806680662667254,-1.683390145160213,decelerating,decelerating,1.0,1.3806680662667254,False,False
2023-03-31,2023Q1,1,2023Q2,inflation_qoq,call,True,0.08158383564091931,-0.18110641881545764,accelerating,decelerating,0.0,0.08158383564091931,False,False
2023-03-31,2023Q1,2,2023Q3,growth_yoy,call,True,0.3197551188880654,0.4405818064199707,accelerating,accelerating,1.0,0.3197551188880654,False,False
2023-03-31,2023Q1,2,2023Q3,growth_qoq,abstain,False,,0.5257340798355159,no call,accelerating,,,False,False
2023-03-31,2023Q1,2,2023Q3,inflation_yoy,call,True,-0.2638007971172671,-0.4850291578178889,decelerating,decelerating,1.0,0.2638007971172671,False,False
2023-03-31,2023Q1,2,2023Q3,inflation_qoq,call,True,0.05498848318903349,0.13461084827905978,accelerating,accelerating,1.0,0.05498848318903349,False,False
2023-03-31,2023Q1,3,2023Q4,growth_yoy,call,True,0.24959108678701547,0.15770143045117369,accelerating,accelerating,1.0,0.24959108678701547,False,False
2023-03-31,2023Q1,3,2023Q4,growth_qoq,abstain,False,,-0.3095488919933942,no call,decelerating,,,False,False
2023-03-31,2023Q1,3,2023Q4,inflation_yoy,call,True,-0.08313800060818899,-0.33231286096339385,decelerating,decelerating,1.0,0.08313800060818899,False,False
2023-03-31,2023Q1,3,2023Q4,inflation_qoq,call,True,-0.10415390109941303,-0.1331636201733044,decelerating,decelerating,1.0,0.10415390109941303,False,False
2023-03-31,2023Q1,4,2024Q1,growth_yoy,call,True,-0.3373595112965866,-0.5275993604509477,decelerating,decelerating,1.0,0.3373595112965866,False,False
2023-03-31,2023Q1,4,2024Q1,growth_qoq,abstain,False,,-0.6341958037865636,no call,decelerating,,,False,False
2023-03-31,2023Q1,4,2024Q1,inflation_yoy,call,True,-0.026584817448786602,0.010576637685089096,decelerating,accelerating,0.0,0.026584817448786602,False,False
2023-03-31,2023Q1,4,2024Q1,inflation_qoq,call,True,-0.05831147310573215,0.19027867940801801,decelerating,accelerating,0.0,0.05831147310573215,False,False
2023-04-30,2023Q2,0,2023Q2,growth_yoy,call,True,0.029174555527289314,0.48146424766009055,accelerating,accelerating,1.0,0.029174555527289314,False,False
2023-04-30,2023Q2,0,2023Q2,growth_qoq,call,True,-0.29950408087737673,-0.09597893774455635,decelerating,decelerating,1.0,0.29950408087737673,False,False
2023-04-30,2023Q2,0,2023Q2,inflation_yoy,call,True,-1.391520345543337,-1.683390145160213,decelerating,decelerating,1.0,1.391520345543337,False,False
2023-04-30,2023Q2,0,2023Q2,inflation_qoq,call,True,0.10265496108872174,-0.18110641881545764,accelerating,decelerating,0.0,0.10265496108872174,False,False
2023-04-30,2023Q2,1,2023Q3,growth_yoy,call,True,0.2793207513891005,0.4405818064199707,accelerating,accelerating,1.0,0.2793207513891005,False,False
2023-04-30,2023Q2,1,2023Q3,growth_qoq,lean,True,0.08774539875880949,0.5257340798355159,accelerating,accelerating,1.0,0.08774539875880949,False,False
2023-04-30,2023Q2,1,2023Q3,inflation_yoy,call,True,-0.29064505116735173,-0.4850291578178889,decelerating,decelerating,1.0,0.29064505116735173,False,False
2023-04-30,2023Q2,1,2023Q3,inflation_qoq,call,True,0.03953756126384711,0.13461084827905978,accelerating,accelerating,1.0,0.03953756126384711,False,False
2023-04-30,2023Q2,2,2023Q4,growth_yoy,call,True,0.24026987448968473,0.15770143045117369,accelerating,accelerating,1.0,0.24026987448968473,False,False
2023-04-30,2023Q2,2,2023Q4,growth_qoq,abstain,False,,-0.3095488919933942,no call,decelerating,,,False,False
2023-04-30,2023Q2,2,2023Q4,inflation_yoy,call,True,-0.11089324990548999,-0.33231286096339385,decelerating,decelerating,1.0,0.11089324990548999,False,False
2023-04-30,2023Q2,2,2023Q4,inflation_qoq,call,True,-0.10502795278823918,-0.1331636201733044,decelerating,decelerating,1.0,0.10502795278823918,False,False
2023-04-30,2023Q2,3,2024Q1,growth_yoy,call,True,-0.08916574110215958,-0.5275993604509477,decelerating,decelerating,1.0,0.08916574110215958,False,False
2023-04-30,2023Q2,3,2024Q1,growth_qoq,abstain,False,,-0.6341958037865636,no call,decelerating,,,False,False
2023-04-30,2023Q2,3,2024Q1,inflation_yoy,call,True,-0.022376925916149037,0.010576637685089096,decelerating,accelerating,0.0,0.022376925916149037,False,False
2023-04-30,2023Q2,3,2024Q1,inflation_qoq,call,True,-0.058945655602360425,0.19027867940801801,decelerating,accelerating,0.0,0.058945655602360425,False,False
2023-04-30,2023Q2,4,2024Q2,growth_yoy,call,True,0.5906952098061025,0.26333717124937817,accelerating,accelerating,1.0,0.5906952098061025,False,False
2023-04-30,2023Q2,4,2024Q2,growth_qoq,abstain,False,,0.6756249507487544,no call,accelerating,,,False,False
2023-04-30,2023Q2,4,2024Q2,inflation_yoy,call,True,-0.14298982145274008,-0.05230679378268288,decelerating,decelerating,1.0,0.14298982145274008,False,False
2023-04-30,2023Q2,4,2024Q2,inflation_qoq,call,True,-0.014780698358718425,-0.24327394708325567,decelerating,decelerating,1.0,0.014780698358718425,False,False
2023-05-31,2023Q2,0,2023Q2,growth_yoy,call,True,0.5396885918323768,0.48146424766009055,accelerating,accelerating,1.0,0.5396885918323768,False,False
2023-05-31,2023Q2,0,2023Q2,growth_qoq,call,True,-0.29950408087737673,-0.09597893774455635,decelerating,decelerating,1.0,0.29950408087737673,False,False
2023-05-31,2023Q2,0,2023Q2,inflation_yoy,call,True,-1.6094256193358145,-1.683390145160213,decelerating,decelerating,1.0,1.6094256193358145,False,False
2023-05-31,2023Q2,0,2023Q2,inflation_qoq,call,True,-0.10886583885352241,-0.18110641881545764,decelerating,decelerating,1.0,0.10886583885352241,False,False
2023-05-31,2023Q2,1,2023Q3,growth_yoy,call,True,0.2807197256336158,0.4405818064199707,accelerating,accelerating,1.0,0.2807197256336158,False,False
2023-05-31,2023Q2,1,2023Q3,growth_qoq,lean,True,0.08774539875880949,0.5257340798355159,accelerating,accelerating,1.0,0.08774539875880949,False,False
2023-05-31,2023Q2,1,2023Q3,inflation_yoy,call,True,-0.36467440463109657,-0.4850291578178889,decelerating,decelerating,1.0,0.36467440463109657,False,False
2023-05-31,2023Q2,1,2023Q3,inflation_qoq,call,True,0.17900786744764474,0.13461084827905978,accelerating,accelerating,1.0,0.17900786744764474,False,False
2023-05-31,2023Q2,2,2023Q4,growth_yoy,call,True,0.24147326293990634,0.15770143045117369,accelerating,accelerating,1.0,0.24147326293990634,False,False
2023-05-31,2023Q2,2,2023Q4,growth_qoq,abstain,False,,-0.3095488919933942,no call,decelerating,,,False,False
2023-05-31,2023Q2,2,2023Q4,inflation_yoy,call,True,-0.1337760283495264,-0.33231286096339385,decelerating,decelerating,1.0,0.1337760283495264,False,False
2023-05-31,2023Q2,2,2023Q4,inflation_qoq,call,True,-0.05556021647519227,-0.1331636201733044,decelerating,decelerating,1.0,0.05556021647519227,False,False
2023-05-31,2023Q2,3,2024Q1,growth_yoy,call,True,-0.08961232652293649,-0.5275993604509477,decelerating,decelerating,1.0,0.08961232652293649,False,False
2023-05-31,2023Q2,3,2024Q1,growth_qoq,abstain,False,,-0.6341958037865636,no call,decelerating,,,False,False
2023-05-31,2023Q2,3,2024Q1,inflation_yoy,call,True,-0.04735637171513529,0.010576637685089096,decelerating,accelerating,0.0,0.04735637171513529,False,False
2023-05-31,2023Q2,3,2024Q1,inflation_qoq,call,True,-0.06075693724372222,0.19027867940801801,decelerating,accelerating,0.0,0.06075693724372222,False,False
2023-05-31,2023Q2,4,2024Q2,growth_yoy,call,True,0.07802539622705496,0.26333717124937817,accelerating,accelerating,1.0,0.07802539622705496,False,False
2023-05-31,2023Q2,4,2024Q2,growth_qoq,abstain,False,,0.6756249507487544,no call,accelerating,,,False,False
2023-05-31,2023Q2,4,2024Q2,inflation_yoy,call,True,0.035071025926459054,-0.05230679378268288,accelerating,decelerating,0.0,0.035071025926459054,False,False
2023-05-31,2023Q2,4,2024Q2,inflation_qoq,call,True,-0.028630622579806086,-0.24327394708325567,decelerating,decelerating,1.0,0.028630622579806086,False,False
2023-06-30,2023Q2,0,2023Q2,growth_yoy,call,True,0.4143662039858498,0.48146424766009055,accelerating,accelerating,1.0,0.4143662039858498,False,False
2023-06-30,2023Q2,0,2023Q2,growth_qoq,call,True,-0.29950408087737673,-0.09597893774455635,decelerating,decelerating,1.0,0.29950408087737673,False,False
2023-06-30,2023Q2,0,2023Q2,inflation_yoy,call,True,-1.6291878292175053,-1.683390145160213,decelerating,decelerating,1.0,1.6291878292175053,False,False
2023-06-30,2023Q2,0,2023Q2,inflation_qoq,call,True,-0.12803290418430535,-0.18110641881545764,decelerating,decelerating,1.0,0.12803290418430535,False,False
2023-06-30,2023Q2,1,2023Q3,growth_yoy,call,True,0.2803763015935212,0.4405818064199707,accelerating,accelerating,1.0,0.2803763015935212,False,False
2023-06-30,2023Q2,1,2023Q3,growth_qoq,lean,True,0.08774539875880949,0.5257340798355159,accelerating,accelerating,1.0,0.08774539875880949,False,False
2023-06-30,2023Q2,1,2023Q3,inflation_yoy,call,True,-0.38097355391254784,-0.4850291578178889,decelerating,decelerating,1.0,0.38097355391254784,False,False
2023-06-30,2023Q2,1,2023Q3,inflation_qoq,call,True,0.18226342837228682,0.13461084827905978,accelerating,accelerating,1.0,0.18226342837228682,False,False
2023-06-30,2023Q2,2,2023Q4,growth_yoy,call,True,0.24117785183785934,0.15770143045117369,accelerating,accelerating,1.0,0.24117785183785934,False,False
2023-06-30,2023Q2,2,2023Q4,growth_qoq,abstain,False,,-0.3095488919933942,no call,decelerating,,,False,False
2023-06-30,2023Q2,2,2023Q4,inflation_yoy,call,True,-0.16804129825944747,-0.33231286096339385,decelerating,decelerating,1.0,0.16804129825944747,False,False
2023-06-30,2023Q2,2,2023Q4,inflation_qoq,call,True,-0.0730671671107963,-0.1331636201733044,decelerating,decelerating,1.0,0.0730671671107963,False,False
2023-06-30,2023Q2,3,2024Q1,growth_yoy,call,True,-0.08950269750724882,-0.5275993604509477,decelerating,decelerating,1.0,0.08950269750724882,False,False
2023-06-30,2023Q2,3,2024Q1,growth_qoq,abstain,False,,-0.6341958037865636,no call,decelerating,,,False,False
2023-06-30,2023Q2,3,2024Q1,inflation_yoy,call,True,-0.0823783570408132,0.010576637685089096,decelerating,accelerating,0.0,0.0823783570408132,False,False
2023-06-30,2023Q2,3,2024Q1,inflation_qoq,call,True,-0.06150102900093213,0.19027867940801801,decelerating,accelerating,0.0,0.06150102900093213,False,False
2023-06-30,2023Q2,4,2024Q2,growth_yoy,call,True,0.2038769902000137,0.26333717124937817,accelerating,accelerating,1.0,0.2038769902000137,False,False
2023-06-30,2023Q2,4,2024Q2,growth_qoq,abstain,False,,0.6756249507487544,no call,accelerating,,,False,False
2023-06-30,2023Q2,4,2024Q2,inflation_yoy,call,True,0.013056489904092139,-0.05230679378268288,accelerating,decelerating,0.0,0.013056489904092139,False,False
2023-06-30,2023Q2,4,2024Q2,inflation_qoq,call,True,-0.035063464986984094,-0.24327394708325567,decelerating,decelerating,1.0,0.035063464986984094,False,False
2023-07-31,2023Q3,0,2023Q3,growth_yoy,call,True,-0.34850441757756645,0.4405818064199707,decelerating,accelerating,0.0,0.34850441757756645,False,False
2023-07-31,2023Q3,0,2023Q3,growth_qoq,call,True,0.24166046981396744,0.5257340798355159,accelerating,accelerating,1.0,0.24166046981396744,False,False
2023-07-31,2023Q3,0,2023Q3,inflation_yoy,call,True,-0.4521238435299799,-0.4850291578178889,decelerating,decelerating,1.0,0.4521238435299799,False,False
2023-07-31,2023Q3,0,2023Q3,inflation_qoq,call,True,0.16645382545563692,0.13461084827905978,accelerating,accelerating,1.0,0.16645382545563692,False,False
2023-07-31,2023Q3,1,2023Q4,growth_yoy,call,True,0.18516258597545132,0.15770143045117369,accelerating,accelerating,1.0,0.18516258597545132,False,False
2023-07-31,2023Q3,1,2023Q4,growth_qoq,lean,True,-0.3748035960922991,-0.3095488919933942,decelerating,decelerating,1.0,0.3748035960922991,False,False
2023-07-31,2023Q3,1,2023Q4,inflation_yoy,call,True,-0.18775780583419177,-0.33231286096339385,decelerating,decelerating,1.0,0.18775780583419177,False,False
2023-07-31,2023Q3,1,2023Q4,inflation_qoq,call,True,-0.023608334961489064,-0.1331636201733044,decelerating,decelerating,1.0,0.023608334961489064,False,False
2023-07-31,2023Q3,2,2024Q1,growth_yoy,call,True,-0.05486888254193634,-0.5275993604509477,decelerating,decelerating,1.0,0.05486888254193634,False,False
2023-07-31,2023Q3,2,2024Q1,growth_qoq,abstain,False,,-0.6341958037865636,no call,decelerating,,,False,False
2023-07-31,2023Q3,2,2024Q1,inflation_yoy,call,True,-0.10166099603565693,0.010576637685089096,decelerating,accelerating,0.0,0.10166099603565693,False,False
2023-07-31,2023Q3,2,2024Q1,inflation_qoq,call,True,-0.06100743097674499,0.19027867940801801,decelerating,accelerating,0.0,0.06100743097674499,False,False
2023-07-31,2023Q3,3,2024Q2,growth_yoy,call,True,0.3810653242347639,0.26333717124937817,accelerating,accelerating,1.0,0.3810653242347639,False,False
2023-07-31,2023Q3,3,2024Q2,growth_qoq,abstain,False,,0.6756249507487544,no call,accelerating,,,False,False
2023-07-31,2023Q3,3,2024Q2,inflation_yoy,call,True,0.04554727725131569,-0.05230679378268288,accelerating,decelerating,0.0,0.04554727725131569,False,False
2023-07-31,2023Q3,3,2024Q2,inflation_qoq,call,True,-0.037385173173154485,-0.24327394708325567,decelerating,decelerating,1.0,0.037385173173154485,False,False
2023-07-31,2023Q3,4,2024Q3,growth_yoy,call,True,0.5552415291140145,-0.3352418866658935,accelerating,decelerating,0.0,0.5552415291140145,False,False
2023-07-31,2023Q3,4,2024Q3,growth_qoq,abstain,False,,-0.060708271847698114,no call,decelerating,,,False,False
2023-07-31,2023Q3,4,2024Q3,inflation_yoy,call,True,-0.16734575171076393,-0.5334094476926228,decelerating,decelerating,1.0,0.16734575171076393,False,False
2023-07-31,2023Q3,4,2024Q3,inflation_qoq,call,True,-0.0415431331526106,-0.33565645220838825,decelerating,decelerating,1.0,0.0415431331526106,False,False
2023-08-31,2023Q3,0,2023Q3,growth_yoy,call,True,0.03831338693676134,0.4405818064199707,accelerating,accelerating,1.0,0.03831338693676134,False,False
2023-08-31,2023Q3,0,2023Q3,growth_qoq,call,True,0.24166046981396744,0.5257340798355159,accelerating,accelerating,1.0,0.24166046981396744,False,False
2023-08-31,2023Q3,0,2023Q3,inflation_yoy,call,True,-0.44433790057943545,-0.4850291578178889,decelerating,decelerating,1.0,0.44433790057943545,False,False
2023-08-31,2023Q3,0,2023Q3,inflation_qoq,call,True,0.17420034634905157,0.13461084827905978,accelerating,accelerating,1.0,0.17420034634905157,False,False
2023-08-31,2023Q3,1,2023Q4,growth_yoy,call,True,0.18586542611229717,0.15770143045117369,accelerating,accelerating,1.0,0.18586542611229717,False,False
2023-08-31,2023Q3,1,2023Q4,growth_qoq,lean,True,-0.3748035960922991,-0.3095488919933942,decelerating,decelerating,1.0,0.3748035960922991,False,False
2023-08-31,2023Q3,1,2023Q4,inflation_yoy,call,True,-0.11418562335159965,-0.33231286096339385,decelerating,decelerating,1.0,0.11418562335159965,False,False
2023-08-31,2023Q3,1,2023Q4,inflation_qoq,call,True,0.04023969382007664,-0.1331636201733044,accelerating,decelerating,0.0,0.04023969382007664,False,False
2023-08-31,2023Q3,2,2024Q1,growth_yoy,call,True,-0.055077153844207416,-0.5275993604509477,decelerating,decelerating,1.0,0.055077153844207416,False,False
2023-08-31,2023Q3,2,2024Q1,growth_qoq,abstain,False,,-0.6341958037865636,no call,decelerating,,,False,False
2023-08-31,2023Q3,2,2024Q1,inflation_yoy,call,True,-0.13065356457184762,0.010576637685089096,decelerating,accelerating,0.0,0.13065356457184762,False,False
2023-08-31,2023Q3,2,2024Q1,inflation_qoq,call,True,-0.1607979554833161,0.19027867940801801,decelerating,accelerating,0.0,0.1607979554833161,False,False
2023-08-31,2023Q3,3,2024Q2,growth_yoy,call,True,0.38251177197807795,0.26333717124937817,accelerating,accelerating,1.0,0.38251177197807795,False,False
2023-08-31,2023Q3,3,2024Q2,growth_qoq,abstain,False,,0.6756249507487544,no call,accelerating,,,False,False
2023-08-31,2023Q3,3,2024Q2,inflation_yoy,call,True,0.013343761482039085,-0.05230679378268288,accelerating,decelerating,0.0,0.013343761482039085,False,False
2023-08-31,2023Q3,3,2024Q2,inflation_qoq,call,True,-0.04059057853140757,-0.24327394708325567,decelerating,decelerating,1.0,0.04059057853140757,False,False
2023-08-31,2023Q3,4,2024Q3,growth_yoy,call,True,0.16648270802179788,-0.3352418866658935,accelerating,decelerating,0.0,0.16648270802179788,False,False
2023-08-31,2023Q3,4,2024Q3,growth_qoq,abstain,False,,-0.060708271847698114,no call,decelerating,,,False,False
2023-08-31,2023Q3,4,2024Q3,inflation_yoy,call,True,-0.22221152935109068,-0.5334094476926228,decelerating,decelerating,1.0,0.22221152935109068,False,False
2023-08-31,2023Q3,4,2024Q3,inflation_qoq,call,True,-0.05647698620203645,-0.33565645220838825,decelerating,decelerating,1.0,0.05647698620203645,False,False
2023-09-30,2023Q3,0,2023Q3,growth_yoy,call,True,0.22669410454072558,0.4405818064199707,accelerating,accelerating,1.0,0.22669410454072558,False,False
2023-09-30,2023Q3,0,2023Q3,growth_qoq,call,True,0.24166046981396744,0.5257340798355159,accelerating,accelerating,1.0,0.24166046981396744,False,False
2023-09-30,2023Q3,0,2023Q3,inflation_yoy,call,True,-0.5035476814476403,-0.4850291578178889,decelerating,decelerating,1.0,0.5035476814476403,False,False
2023-09-30,2023Q3,0,2023Q3,inflation_qoq,call,True,0.11652255505174569,0.13461084827905978,accelerating,accelerating,1.0,0.11652255505174569,False,False
2023-09-30,2023Q3,1,2023Q4,growth_yoy,call,True,0.18620771007076264,0.15770143045117369,accelerating,accelerating,1.0,0.18620771007076264,False,False
2023-09-30,2023Q3,1,2023Q4,growth_qoq,lean,True,-0.3748035960922991,-0.3095488919933942,decelerating,decelerating,1.0,0.3748035960922991,False,False
2023-09-30,2023Q3,1,2023Q4,inflation_yoy,call,True,-0.13422914439066602,-0.33231286096339385,decelerating,decelerating,1.0,0.13422914439066602,False,False
2023-09-30,2023Q3,1,2023Q4,inflation_qoq,call,True,0.07830586237176362,-0.1331636201733044,accelerating,decelerating,0.0,0.07830586237176362,False,False
2023-09-30,2023Q3,2,2024Q1,growth_yoy,call,True,-0.0551785822089812,-0.5275993604509477,decelerating,decelerating,1.0,0.0551785822089812,False,False
2023-09-30,2023Q3,2,2024Q1,growth_qoq,abstain,False,,-0.6341958037865636,no call,decelerating,,,False,False
2023-09-30,2023Q3,2,2024Q1,inflation_yoy,call,True,-0.1556492763819195,0.010576637685089096,decelerating,accelerating,0.0,0.1556492763819195,False,False
2023-09-30,2023Q3,2,2024Q1,inflation_qoq,call,True,-0.16567859514979855,0.19027867940801801,decelerating,accelerating,0.0,0.16567859514979855,False,False
2023-09-30,2023Q3,3,2024Q2,growth_yoy,call,True,0.3832161936998313,0.26333717124937817,accelerating,accelerating,1.0,0.3832161936998313,False,False
2023-09-30,2023Q3,3,2024Q2,growth_qoq,abstain,False,,0.6756249507487544,no call,accelerating,,,False,False
2023-09-30,2023Q3,3,2024Q2,inflation_yoy,call,True,-0.01492284105086128,-0.05230679378268288,decelerating,decelerating,1.0,0.01492284105086128,False,False
2023-09-30,2023Q3,3,2024Q2,inflation_qoq,call,True,-0.04365620353818933,-0.24327394708325567,decelerating,decelerating,1.0,0.04365620353818933,False,False
2023-09-30,2023Q3,4,2024Q3,growth_yoy,call,True,-0.022843286897611392,-0.3352418866658935,decelerating,decelerating,1.0,0.022843286897611392,False,False
2023-09-30,2023Q3,4,2024Q3,growth_qoq,abstain,False,,-0.060708271847698114,no call,decelerating,,,False,False
2023-09-30,2023Q3,4,2024Q3,inflation_yoy,call,True,-0.19805164832757205,-0.5334094476926228,decelerating,decelerating,1.0,0.19805164832757205,False,False
2023-09-30,2023Q3,4,2024Q3,inflation_qoq,call,True,-0.0630107792771728,-0.33565645220838825,decelerating,decelerating,1.0,0.0630107792771728,False,False
2023-10-31,2023Q4,0,2023Q4,growth_yoy,call,True,0.12072254633683777,0.15770143045117369,accelerating,accelerating,1.0,0.12072254633683777,False,False
2023-10-31,2023Q4,0,2023Q4,growth_qoq,call,True,-0.43399581596291803,-0.3095488919933942,decelerating,decelerating,1.0,0.43399581596291803,False,False
2023-10-31,2023Q4,0,2023Q4,inflation_yoy,call,True,-0.2397094955978396,-0.33231286096339385,decelerating,decelerating,1.0,0.2397094955978396,False,False
2023-10-31,2023Q4,0,2023Q4,inflation_qoq,call,True,-0.0427323393368928,-0.1331636201733044,decelerating,decelerating,1.0,0.0427323393368928,False,False
2023-10-31,2023Q4,1,2024Q1,growth_yoy,call,True,-0.04517130364318778,-0.5275993604509477,decelerating,decelerating,1.0,0.04517130364318778,False,False
2023-10-31,2023Q4,1,2024Q1,growth_qoq,lean,True,0.9533331232779663,-0.6341958037865636,accelerating,decelerating,0.0,0.9533331232779663,False,False
2023-10-31,2023Q4,1,2024Q1,inflation_yoy,call,True,-0.17504699428410753,0.010576637685089096,decelerating,accelerating,0.0,0.17504699428410753,False,False
2023-10-31,2023Q4,1,2024Q1,inflation_qoq,call,True,-0.08180367022889712,0.19027867940801801,decelerating,accelerating,0.0,0.08180367022889712,False,False
2023-10-31,2023Q4,2,2024Q2,growth_yoy,call,True,0.29412561620287825,0.26333717124937817,accelerating,accelerating,1.0,0.29412561620287825,False,False
2023-10-31,2023Q4,2,2024Q2,growth_qoq,abstain,False,,0.6756249507487544,no call,accelerating,,,False,False
2023-10-31,2023Q4,2,2024Q2,inflation_yoy,call,True,-0.0374686934475843,-0.05230679378268288,decelerating,decelerating,1.0,0.0374686934475843,False,False
2023-10-31,2023Q4,2,2024Q2,inflation_qoq,call,True,-0.04661038531972306,-0.24327394708325567,decelerating,decelerating,1.0,0.04661038531972306,False,False
2023-10-31,2023Q4,3,2024Q3,growth_yoy,call,True,-0.9741000228367325,-0.3352418866658935,decelerating,decelerating,1.0,0.9741000228367325,False,False
2023-10-31,2023Q4,3,2024Q3,growth_qoq,abstain,False,,-0.060708271847698114,no call,decelerating,,,False,False
2023-10-31,2023Q4,3,2024Q3,inflation_yoy,call,True,-0.24229004676393373,-0.5334094476926228,decelerating,decelerating,1.0,0.24229004676393373,False,False
2023-10-31,2023Q4,3,2024Q3,inflation_qoq,call,True,-0.06656336958683617,-0.33565645220838825,decelerating,decelerating,1.0,0.06656336958683617,False,False
2023-10-31,2023Q4,4,2024Q4,growth_yoy,call,True,0.014991073103987063,-0.39160115272274254,accelerating,decelerating,0.0,0.014991073103987063,False,False
2023-10-31,2023Q4,4,2024Q4,growth_qoq,abstain,False,,-0.3649033359526932,no call,decelerating,,,False,False
2023-10-31,2023Q4,4,2024Q4,inflation_yoy,call,True,-0.22870286666949458,0.06463472229138256,decelerating,accelerating,0.0,0.22870286666949458,False,False
2023-10-31,2023Q4,4,2024Q4,inflation_qoq,call,True,-0.02853651972878346,0.4529708035187374,decelerating,accelerating,0.0,0.02853651972878346,False,False
2023-11-30,2023Q4,0,2023Q4,growth_yoy,call,True,0.09871845362958709,0.15770143045117369,accelerating,accelerating,1.0,0.09871845362958709,False,False
2023-11-30,2023Q4,0,2023Q4,growth_qoq,call,True,-0.43399581596291803,-0.3095488919933942,decelerating,decelerating,1.0,0.43399581596291803,False,False
2023-11-30,2023Q4,0,2023Q4,inflation_yoy,call,True,-0.3690337801269372,-0.33231286096339385,decelerating,decelerating,1.0,0.3690337801269372,False,False
2023-11-30,2023Q4,0,2023Q4,inflation_qoq,call,True,-0.1690216211533535,-0.1331636201733044,decelerating,decelerating,1.0,0.1690216211533535,False,False
2023-11-30,2023Q4,1,2024Q1,growth_yoy,call,True,-0.04516171367161537,-0.5275993604509477,decelerating,decelerating,1.0,0.04516171367161537,False,False
2023-11-30,2023Q4,1,2024Q1,growth_qoq,lean,True,0.9533331232779663,-0.6341958037865636,accelerating,decelerating,0.0,0.9533331232779663,False,False
2023-11-30,2023Q4,1,2024Q1,inflation_yoy,call,True,-0.25146771790351163,0.010576637685089096,decelerating,accelerating,0.0,0.25146771790351163,False,False
2023-11-30,2023Q4,1,2024Q1,inflation_qoq,call,True,-0.03034353149751201,0.19027867940801801,decelerating,accelerating,0.0,0.03034353149751201,False,False
2023-11-30,2023Q4,2,2024Q2,growth_yoy,call,True,0.29406317265843196,0.26333717124937817,accelerating,accelerating,1.0,0.29406317265843196,False,False
2023-11-30,2023Q4,2,2024Q2,growth_qoq,abstain,False,,0.6756249507487544,no call,accelerating,,,False,False
2023-11-30,2023Q4,2,2024Q2,inflation_yoy,call,True,-0.05052251636378635,-0.05230679378268288,decelerating,decelerating,1.0,0.05052251636378635,False,False
2023-11-30,2023Q4,2,2024Q2,inflation_qoq,call,True,0.015376527210064772,-0.24327394708325567,accelerating,decelerating,0.0,0.015376527210064772,False,False
2023-11-30,2023Q4,3,2024Q3,growth_yoy,call,True,-0.9738932191625915,-0.3352418866658935,decelerating,decelerating,1.0,0.9738932191625915,False,False
2023-11-30,2023Q4,3,2024Q3,growth_qoq,abstain,False,,-0.060708271847698114,no call,decelerating,,,False,False
2023-11-30,2023Q4,3,2024Q3,inflation_yoy,call,True,-0.2521436219156641,-0.5334094476926228,decelerating,decelerating,1.0,0.2521436219156641,False,False
2023-11-30,2023Q4,3,2024Q3,inflation_qoq,call,True,-0.06388683105569282,-0.33565645220838825,decelerating,decelerating,1.0,0.06388683105569282,False,False
2023-11-30,2023Q4,4,2024Q4,growth_yoy,call,True,0.03684121570994847,-0.39160115272274254,accelerating,decelerating,0.0,0.03684121570994847,False,False
2023-11-30,2023Q4,4,2024Q4,growth_qoq,abstain,False,,-0.3649033359526932,no call,decelerating,,,False,False
2023-11-30,2023Q4,4,2024Q4,inflation_yoy,call,True,-0.10626379890348314,0.06463472229138256,decelerating,accelerating,0.0,0.10626379890348314,False,False
2023-11-30,2023Q4,4,2024Q4,inflation_qoq,call,True,-0.02465032151741653,0.4529708035187374,decelerating,accelerating,0.0,0.02465032151741653,False,False
2023-12-31,2023Q4,0,2023Q4,growth_yoy,call,True,-0.06525885570918266,0.15770143045117369,decelerating,accelerating,0.0,0.06525885570918266,False,False
2023-12-31,2023Q4,0,2023Q4,growth_qoq,call,True,-0.43399581596291803,-0.3095488919933942,decelerating,decelerating,1.0,0.43399581596291803,False,False
2023-12-31,2023Q4,0,2023Q4,inflation_yoy,call,True,-0.35554307362337667,-0.33231286096339385,decelerating,decelerating,1.0,0.35554307362337667,False,False
2023-12-31,2023Q4,0,2023Q4,inflation_qoq,call,True,-0.15585048443838012,-0.1331636201733044,decelerating,decelerating,1.0,0.15585048443838012,False,False
2023-12-31,2023Q4,1,2024Q1,growth_yoy,call,True,-0.04509024797829664,-0.5275993604509477,decelerating,decelerating,1.0,0.04509024797829664,False,False
2023-12-31,2023Q4,1,2024Q1,growth_qoq,lean,True,0.9533331232779663,-0.6341958037865636,accelerating,decelerating,0.0,0.9533331232779663,False,False
2023-12-31,2023Q4,1,2024Q1,inflation_yoy,call,True,-0.31311289712749124,0.010576637685089096,decelerating,accelerating,0.0,0.31311289712749124,False,False
2023-12-31,2023Q4,1,2024Q1,inflation_qoq,call,True,-0.10376325162599898,0.19027867940801801,decelerating,accelerating,0.0,0.10376325162599898,False,False
2023-12-31,2023Q4,2,2024Q2,growth_yoy,call,True,0.2935978353894253,0.26333717124937817,accelerating,accelerating,1.0,0.2935978353894253,False,False
2023-12-31,2023Q4,2,2024Q2,growth_qoq,abstain,False,,0.6756249507487544,no call,accelerating,,,False,False
2023-12-31,2023Q4,2,2024Q2,inflation_yoy,call,True,-0.06235526983910944,-0.05230679378268288,decelerating,decelerating,1.0,0.06235526983910944,False,False
2023-12-31,2023Q4,2,2024Q2,inflation_qoq,call,True,0.06402129057632155,-0.24327394708325567,accelerating,decelerating,0.0,0.06402129057632155,False,False
2023-12-31,2023Q4,3,2024Q3,growth_yoy,call,True,-0.9723520917687578,-0.3352418866658935,decelerating,decelerating,1.0,0.9723520917687578,False,False
2023-12-31,2023Q4,3,2024Q3,growth_qoq,abstain,False,,-0.060708271847698114,no call,decelerating,,,False,False
2023-12-31,2023Q4,3,2024Q3,inflation_yoy,call,True,-0.26223642717475526,-0.5334094476926228,decelerating,decelerating,1.0,0.26223642717475526,False,False
2023-12-31,2023Q4,3,2024Q3,inflation_qoq,call,True,-0.062329930327376104,-0.33565645220838825,decelerating,decelerating,1.0,0.062329930327376104,False,False
2023-12-31,2023Q4,4,2024Q4,growth_yoy,call,True,0.19967126923059464,-0.39160115272274254,accelerating,decelerating,0.0,0.19967126923059464,False,False
2023-12-31,2023Q4,4,2024Q4,growth_qoq,abstain,False,,-0.3649033359526932,no call,decelerating,,,False,False
2023-12-31,2023Q4,4,2024Q4,inflation_yoy,call,True,-0.12755922819039567,0.06463472229138256,decelerating,accelerating,0.0,0.12755922819039567,False,False
2023-12-31,2023Q4,4,2024Q4,inflation_qoq,call,True,-0.022387112020916256,0.4529708035187374,decelerating,accelerating,0.0,0.022387112020916256,False,False
2024-01-31,2024Q1,0,2024Q1,growth_yoy,call,True,0.40588926621807353,-0.5275993604509477,accelerating,decelerating,0.0,0.40588926621807353,False,False
2024-01-31,2024Q1,0,2024Q1,growth_qoq,call,True,-0.08971623321237049,-0.6341958037865636,decelerating,decelerating,1.0,0.08971623321237049,False,False
2024-01-31,2024Q1,0,2024Q1,inflation_yoy,call,True,-0.34890722845413924,0.010576637685089096,decelerating,accelerating,0.0,0.34890722845413924,False,False
2024-01-31,2024Q1,0,2024Q1,inflation_qoq,call,True,-0.16139160175179246,0.19027867940801801,decelerating,accelerating,0.0,0.16139160175179246,False,False
2024-01-31,2024Q1,1,2024Q2,growth_yoy,call,True,0.22989790345893102,0.26333717124937817,accelerating,accelerating,1.0,0.22989790345893102,False,False
2024-01-31,2024Q1,1,2024Q2,growth_qoq,lean,True,0.07772033459717553,0.6756249507487544,accelerating,accelerating,1.0,0.07772033459717553,False,False
2024-01-31,2024Q1,1,2024Q2,inflation_yoy,call,True,-0.068437259177756,-0.05230679378268288,decelerating,decelerating,1.0,0.068437259177756,False,False
2024-01-31,2024Q1,1,2024Q2,inflation_qoq,call,True,0.09300158564051753,-0.24327394708325567,accelerating,decelerating,0.0,0.09300158564051753,False,False
2024-01-31,2024Q1,2,2024Q3,growth_yoy,call,True,-0.8241398227173846,-0.3352418866658935,decelerating,decelerating,1.0,0.8241398227173846,False,False
2024-01-31,2024Q1,2,2024Q3,growth_qoq,abstain,False,,-0.060708271847698114,no call,decelerating,,,False,False
2024-01-31,2024Q1,2,2024Q3,inflation_yoy,call,True,-0.2690339844530154,-0.5334094476926228,decelerating,decelerating,1.0,0.2690339844530154,False,False
2024-01-31,2024Q1,2,2024Q3,inflation_qoq,call,True,-0.06308729642623412,-0.33565645220838825,decelerating,decelerating,1.0,0.06308729642623412,False,False
2024-01-31,2024Q1,3,2024Q4,growth_yoy,call,True,-0.07974902654583893,-0.39160115272274254,decelerating,decelerating,1.0,0.07974902654583893,False,False
2024-01-31,2024Q1,3,2024Q4,growth_qoq,abstain,False,,-0.3649033359526932,no call,decelerating,,,False,False
2024-01-31,2024Q1,3,2024Q4,inflation_yoy,call,True,-0.1578968653461743,0.06463472229138256,decelerating,accelerating,0.0,0.1578968653461743,False,False
2024-01-31,2024Q1,3,2024Q4,inflation_qoq,call,True,-0.022860925264645005,0.4529708035187374,decelerating,accelerating,0.0,0.022860925264645005,False,False
2024-01-31,2024Q1,4,2025Q1,growth_yoy,call,True,-0.4411026167233434,-0.380515470679077,decelerating,decelerating,1.0,0.4411026167233434,False,False
2024-01-31,2024Q1,4,2025Q1,growth_qoq,abstain,False,,-0.6223910902059093,no call,decelerating,,,False,False
2024-01-31,2024Q1,4,2025Q1,inflation_yoy,call,True,0.007642603183703134,0.0018452452668960007,accelerating,accelerating,1.0,0.007642603183703134,False,False
2024-01-31,2024Q1,4,2025Q1,inflation_qoq,call,True,0.00037765813145629323,0.12675696543200665,accelerating,accelerating,1.0,0.00037765813145629323,False,False
2024-02-29,2024Q1,0,2024Q1,growth_yoy,call,True,-0.7378912696556661,-0.5275993604509477,decelerating,decelerating,1.0,0.7378912696556661,False,False
2024-02-29,2024Q1,0,2024Q1,growth_qoq,call,True,-0.08971623321237049,-0.6341958037865636,decelerating,decelerating,1.0,0.08971623321237049,False,False
2024-02-29,2024Q1,0,2024Q1,inflation_yoy,call,True,-0.11598393669673968,0.010576637685089096,decelerating,accelerating,0.0,0.11598393669673968,False,False
2024-02-29,2024Q1,0,2024Q1,inflation_qoq,call,True,0.06636687821852671,0.19027867940801801,accelerating,accelerating,1.0,0.06636687821852671,False,False
2024-02-29,2024Q1,1,2024Q2,growth_yoy,call,True,0.22737004442896502,0.26333717124937817,accelerating,accelerating,1.0,0.22737004442896502,False,False
2024-02-29,2024Q1,1,2024Q2,growth_qoq,lean,True,0.07772033459717553,0.6756249507487544,accelerating,accelerating,1.0,0.07772033459717553,False,False
2024-02-29,2024Q1,1,2024Q2,inflation_yoy,call,True,-0.02646636167698757,-0.05230679378268288,decelerating,decelerating,1.0,0.02646636167698757,False,False
2024-02-29,2024Q1,1,2024Q2,inflation_qoq,call,True,-0.09370738292282521,-0.24327394708325567,decelerating,decelerating,1.0,0.09370738292282521,False,False
2024-02-29,2024Q1,2,2024Q3,growth_yoy,call,True,-0.8150779336725034,-0.3352418866658935,decelerating,decelerating,1.0,0.8150779336725034,False,False
2024-02-29,2024Q1,2,2024Q3,growth_qoq,abstain,False,,-0.060708271847698114,no call,decelerating,,,False,False
2024-02-29,2024Q1,2,2024Q3,inflation_yoy,call,True,-0.2651486193111503,-0.5334094476926228,decelerating,decelerating,1.0,0.2651486193111503,False,False
2024-02-29,2024Q1,2,2024Q3,inflation_qoq,call,True,-0.09963074943686312,-0.33565645220838825,decelerating,decelerating,1.0,0.09963074943686312,False,False
2024-02-29,2024Q1,3,2024Q4,growth_yoy,call,True,-0.07887214035484647,-0.39160115272274254,decelerating,decelerating,1.0,0.07887214035484647,False,False
2024-02-29,2024Q1,3,2024Q4,growth_qoq,abstain,False,,-0.3649033359526932,no call,decelerating,,,False,False
2024-02-29,2024Q1,3,2024Q4,inflation_yoy,call,True,-0.1549884169024245,0.06463472229138256,decelerating,accelerating,0.0,0.1549884169024245,False,False
2024-02-29,2024Q1,3,2024Q4,inflation_qoq,call,True,-0.024100079763611504,0.4529708035187374,decelerating,accelerating,0.0,0.024100079763611504,False,False
2024-02-29,2024Q1,4,2025Q1,growth_yoy,call,True,0.6952670029445107,-0.380515470679077,accelerating,decelerating,0.0,0.6952670029445107,False,False
2024-02-29,2024Q1,4,2025Q1,growth_qoq,abstain,False,,-0.6223910902059093,no call,decelerating,,,False,False
2024-02-29,2024Q1,4,2025Q1,inflation_yoy,call,True,-0.22030520767283646,0.0018452452668960007,decelerating,accelerating,0.0,0.22030520767283646,False,False
2024-02-29,2024Q1,4,2025Q1,inflation_qoq,call,True,0.000978587837741074,0.12675696543200665,accelerating,accelerating,1.0,0.000978587837741074,False,False
2024-03-31,2024Q1,0,2024Q1,growth_yoy,call,True,-0.3299080399756571,-0.5275993604509477,decelerating,decelerating,1.0,0.3299080399756571,False,False
2024-03-31,2024Q1,0,2024Q1,growth_qoq,call,True,-0.08971623321237049,-0.6341958037865636,decelerating,decelerating,1.0,0.08971623321237049,False,False
2024-03-31,2024Q1,0,2024Q1,inflation_yoy,call,True,-0.04785980126313216,0.010576637685089096,decelerating,accelerating,0.0,0.04785980126313216,False,False
2024-03-31,2024Q1,0,2024Q1,inflation_qoq,call,True,0.13305080601684338,0.19027867940801801,accelerating,accelerating,1.0,0.13305080601684338,False,False
2024-03-31,2024Q1,1,2024Q2,growth_yoy,call,True,0.2282717244793453,0.26333717124937817,accelerating,accelerating,1.0,0.2282717244793453,False,False
2024-03-31,2024Q1,1,2024Q2,growth_qoq,lean,True,0.07772033459717553,0.6756249507487544,accelerating,accelerating,1.0,0.07772033459717553,False,False
2024-03-31,2024Q1,1,2024Q2,inflation_yoy,call,True,0.020844047414581013,-0.05230679378268288,accelerating,decelerating,0.0,0.020844047414581013,False,False
2024-03-31,2024Q1,1,2024Q2,inflation_qoq,call,True,-0.1143004706337658,-0.24327394708325567,decelerating,decelerating,1.0,0.1143004706337658,False,False
2024-03-31,2024Q1,2,2024Q3,growth_yoy,call,True,-0.8183102834490308,-0.3352418866658935,decelerating,decelerating,1.0,0.8183102834490308,False,False
2024-03-31,2024Q1,2,2024Q3,growth_qoq,abstain,False,,-0.060708271847698114,no call,decelerating,,,False,False
2024-03-31,2024Q1,2,2024Q3,inflation_yoy,call,True,-0.28141274698785246,-0.5334094476926228,decelerating,decelerating,1.0,0.28141274698785246,False,False
2024-03-31,2024Q1,2,2024Q3,inflation_qoq,call,True,-0.16133288888400266,-0.33565645220838825,decelerating,decelerating,1.0,0.16133288888400266,False,False
2024-03-31,2024Q1,3,2024Q4,growth_yoy,call,True,-0.07918492313883085,-0.39160115272274254,decelerating,decelerating,1.0,0.07918492313883085,False,False
2024-03-31,2024Q1,3,2024Q4,growth_qoq,abstain,False,,-0.3649033359526932,no call,decelerating,,,False,False
2024-03-31,2024Q1,3,2024Q4,inflation_yoy,call,True,-0.17051831657948924,0.06463472229138256,decelerating,accelerating,0.0,0.17051831657948924,False,False
2024-03-31,2024Q1,3,2024Q4,inflation_qoq,call,True,-0.02353063623083962,0.4529708035187374,decelerating,accelerating,0.0,0.02353063623083962,False,False
2024-03-31,2024Q1,4,2025Q1,growth_yoy,call,True,0.28992722577461105,-0.380515470679077,accelerating,decelerating,0.0,0.28992722577461105,False,False
2024-03-31,2024Q1,4,2025Q1,growth_qoq,abstain,False,,-0.6223910902059093,no call,decelerating,,,False,False
2024-03-31,2024Q1,4,2025Q1,inflation_yoy,call,True,-0.30248627865976374,0.0018452452668960007,decelerating,accelerating,0.0,0.30248627865976374,False,False
2024-03-31,2024Q1,4,2025Q1,inflation_qoq,call,True,0.0018916166428573078,0.12675696543200665,accelerating,accelerating,1.0,0.0018916166428573078,False,False
2024-04-30,2024Q2,0,2024Q2,growth_yoy,call,True,-0.12447419791770109,0.26333717124937817,decelerating,accelerating,0.0,0.12447419791770109,False,False
2024-04-30,2024Q2,0,2024Q2,growth_qoq,call,True,0.2629407871478945,0.6756249507487544,accelerating,accelerating,1.0,0.2629407871478945,False,False
2024-04-30,2024Q2,0,2024Q2,inflation_yoy,call,True,0.21022061471117226,-0.05230679378268288,accelerating,decelerating,0.0,0.21022061471117226,False,False
2024-04-30,2024Q2,0,2024Q2,inflation_qoq,call,True,0.013095187112122098,-0.24327394708325567,accelerating,decelerating,0.0,0.013095187112122098,False,False
2024-04-30,2024Q2,1,2024Q3,growth_yoy,call,True,-0.7523200734214974,-0.3352418866658935,decelerating,decelerating,1.0,0.7523200734214974,False,False
2024-04-30,2024Q2,1,2024Q3,growth_qoq,lean,True,-0.4197946740039038,-0.060708271847698114,decelerating,decelerating,1.0,0.4197946740039038,False,False
2024-04-30,2024Q2,1,2024Q3,inflation_yoy,call,True,-0.2794705286159065,-0.5334094476926228,decelerating,decelerating,1.0,0.2794705286159065,False,False
2024-04-30,2024Q2,1,2024Q3,inflation_qoq,call,True,-0.34340363246940786,-0.33565645220838825,decelerating,decelerating,1.0,0.34340363246940786,False,False
2024-04-30,2024Q2,2,2024Q4,growth_yoy,call,True,-0.14297484336731614,-0.39160115272274254,decelerating,decelerating,1.0,0.14297484336731614,False,False
2024-04-30,2024Q2,2,2024Q4,growth_qoq,abstain,False,,-0.3649033359526932,no call,decelerating,,,False,False
2024-04-30,2024Q2,2,2024Q4,inflation_yoy,call,True,-0.17028900272186132,0.06463472229138256,decelerating,accelerating,0.0,0.17028900272186132,False,False
2024-04-30,2024Q2,2,2024Q4,inflation_qoq,call,True,-0.025457772037684734,0.4529708035187374,decelerating,accelerating,0.0,0.025457772037684734,False,False
2024-04-30,2024Q2,3,2025Q1,growth_yoy,call,True,0.4272010838704876,-0.380515470679077,accelerating,decelerating,0.0,0.4272010838704876,False,False
2024-04-30,2024Q2,3,2025Q1,growth_qoq,abstain,False,,-0.6223910902059093,no call,decelerating,,,False,False
2024-04-30,2024Q2,3,2025Q1,inflation_yoy,call,True,-0.3630768747777826,0.0018452452668960007,decelerating,accelerating,0.0,0.3630768747777826,False,False
2024-04-30,2024Q2,3,2025Q1,inflation_qoq,call,True,-0.0006375127431512695,0.12675696543200665,decelerating,accelerating,0.0,0.0006375127431512695,False,False
2024-04-30,2024Q2,4,2025Q2,growth_yoy,call,True,0.2602619000875217,0.06119349487541115,accelerating,accelerating,1.0,0.2602619000875217,False,False
2024-04-30,2024Q2,4,2025Q2,growth_qoq,abstain,False,,1.1085161216577988,no call,accelerating,,,False,False
2024-04-30,2024Q2,4,2025Q2,inflation_yoy,call,True,-0.37938072727293415,-0.2638120049769004,decelerating,decelerating,1.0,0.37938072727293415,False,False
2024-04-30,2024Q2,4,2025Q2,inflation_qoq,call,True,-0.0028740190221254736,-0.5017605876683318,decelerating,decelerating,1.0,0.0028740190221254736,False,False
2024-05-31,2024Q2,0,2024Q2,growth_yoy,call,True,0.3935479373664341,0.26333717124937817,accelerating,accelerating,1.0,0.3935479373664341,False,False
2024-05-31,2024Q2,0,2024Q2,growth_qoq,call,True,0.2629407871478945,0.6756249507487544,accelerating,accelerating,1.0,0.2629407871478945,False,False
2024-05-31,2024Q2,0,2024Q2,inflation_yoy,call,True,0.06407346346137022,-0.05230679378268288,accelerating,decelerating,0.0,0.06407346346137022,False,False
2024-05-31,2024Q2,0,2024Q2,inflation_qoq,call,True,-0.1295463729220403,-0.24327394708325567,decelerating,decelerating,1.0,0.1295463729220403,False,False
2024-05-31,2024Q2,1,2024Q3,growth_yoy,call,True,-0.7561069101639228,-0.3352418866658935,decelerating,decelerating,1.0,0.7561069101639228,False,False
2024-05-31,2024Q2,1,2024Q3,growth_qoq,lean,True,-0.4197946740039038,-0.060708271847698114,decelerating,decelerating,1.0,0.4197946740039038,False,False
2024-05-31,2024Q2,1,2024Q3,inflation_yoy,call,True,-0.31962095695431003,-0.5334094476926228,decelerating,decelerating,1.0,0.31962095695431003,False,False
2024-05-31,2024Q2,1,2024Q3,inflation_qoq,call,True,-0.240278067962163,-0.33565645220838825,decelerating,decelerating,1.0,0.240278067962163,False,False
2024-05-31,2024Q2,2,2024Q4,growth_yoy,call,True,-0.1436945136369605,-0.39160115272274254,decelerating,decelerating,1.0,0.1436945136369605,False,False
2024-05-31,2024Q2,2,2024Q4,growth_qoq,abstain,False,,-0.3649033359526932,no call,decelerating,,,False,False
2024-05-31,2024Q2,2,2024Q4,inflation_yoy,call,True,-0.17246764951230853,0.06463472229138256,decelerating,accelerating,0.0,0.17246764951230853,False,False
2024-05-31,2024Q2,2,2024Q4,inflation_qoq,call,True,0.011628503968874604,0.4529708035187374,accelerating,accelerating,1.0,0.011628503968874604,False,False
2024-05-31,2024Q2,3,2025Q1,growth_yoy,call,True,0.4293514196357817,-0.380515470679077,accelerating,decelerating,0.0,0.4293514196357817,False,False
2024-05-31,2024Q2,3,2025Q1,growth_qoq,abstain,False,,-0.6223910902059093,no call,decelerating,,,False,False
2024-05-31,2024Q2,3,2025Q1,inflation_yoy,call,True,-0.36448502981675635,0.0018452452668960007,decelerating,accelerating,0.0,0.36448502981675635,False,False
2024-05-31,2024Q2,3,2025Q1,inflation_qoq,call,True,-0.00024280056651893034,0.12675696543200665,decelerating,accelerating,0.0,0.00024280056651893034,False,False
2024-05-31,2024Q2,4,2025Q2,growth_yoy,call,True,-0.2554040639497934,0.06119349487541115,decelerating,accelerating,0.0,0.2554040639497934,False,False
2024-05-31,2024Q2,4,2025Q2,growth_qoq,abstain,False,,1.1085161216577988,no call,accelerating,,,False,False
2024-05-31,2024Q2,4,2025Q2,inflation_yoy,call,True,-0.2369115924346854,-0.2638120049769004,decelerating,decelerating,1.0,0.2369115924346854,False,False
2024-05-31,2024Q2,4,2025Q2,inflation_qoq,call,True,-0.003438437213088008,-0.5017605876683318,decelerating,decelerating,1.0,0.003438437213088008,False,False
2024-06-30,2024Q2,0,2024Q2,growth_yoy,call,True,0.4249656397631085,0.26333717124937817,accelerating,accelerating,1.0,0.4249656397631085,False,False
2024-06-30,2024Q2,0,2024Q2,growth_qoq,call,True,0.2629407871478945,0.6756249507487544,accelerating,accelerating,1.0,0.2629407871478945,False,False
2024-06-30,2024Q2,0,2024Q2,inflation_yoy,call,True,-0.0073983347554111845,-0.05230679378268288,decelerating,decelerating,1.0,0.0073983347554111845,False,False
2024-06-30,2024Q2,0,2024Q2,inflation_qoq,call,True,-0.19937473829860775,-0.24327394708325567,decelerating,decelerating,1.0,0.19937473829860775,False,False
2024-06-30,2024Q2,1,2024Q3,growth_yoy,call,True,-0.7563365793261223,-0.3352418866658935,decelerating,decelerating,1.0,0.7563365793261223,False,False
2024-06-30,2024Q2,1,2024Q3,growth_qoq,lean,True,-0.4197946740039038,-0.060708271847698114,decelerating,decelerating,1.0,0.4197946740039038,False,False
2024-06-30,2024Q2,1,2024Q3,inflation_yoy,call,True,-0.40798308903690517,-0.5334094476926228,decelerating,decelerating,1.0,0.40798308903690517,False,False
2024-06-30,2024Q2,1,2024Q3,inflation_qoq,call,True,-0.25687981148840855,-0.33565645220838825,decelerating,decelerating,1.0,0.25687981148840855,False,False
2024-06-30,2024Q2,2,2024Q4,growth_yoy,call,True,-0.1437381611663069,-0.39160115272274254,decelerating,decelerating,1.0,0.1437381611663069,False,False
2024-06-30,2024Q2,2,2024Q4,growth_qoq,abstain,False,,-0.3649033359526932,no call,decelerating,,,False,False
2024-06-30,2024Q2,2,2024Q4,inflation_yoy,call,True,-0.16894632665356246,0.06463472229138256,decelerating,accelerating,0.0,0.16894632665356246,False,False
2024-06-30,2024Q2,2,2024Q4,inflation_qoq,call,True,0.10124233409261052,0.4529708035187374,accelerating,accelerating,1.0,0.10124233409261052,False,False
2024-06-30,2024Q2,3,2025Q1,growth_yoy,call,True,0.4294818360881303,-0.380515470679077,accelerating,decelerating,0.0,0.4294818360881303,False,False
2024-06-30,2024Q2,3,2025Q1,growth_qoq,abstain,False,,-0.6223910902059093,no call,decelerating,,,False,False
2024-06-30,2024Q2,3,2025Q1,inflation_yoy,call,True,-0.36336301991365794,0.0018452452668960007,decelerating,accelerating,0.0,0.36336301991365794,False,False
2024-06-30,2024Q2,3,2025Q1,inflation_qoq,call,True,-0.0028695771437270423,0.12675696543200665,decelerating,accelerating,0.0,0.0028695771437270423,False,False
2024-06-30,2024Q2,4,2025Q2,growth_yoy,call,True,-0.28667886610729276,0.06119349487541115,decelerating,accelerating,0.0,0.28667886610729276,False,False
2024-06-30,2024Q2,4,2025Q2,growth_qoq,abstain,False,,1.1085161216577988,no call,accelerating,,,False,False
2024-06-30,2024Q2,4,2025Q2,inflation_yoy,call,True,-0.16828169059514364,-0.2638120049769004,decelerating,decelerating,1.0,0.16828169059514364,False,False
2024-06-30,2024Q2,4,2025Q2,inflation_qoq,call,True,-0.0064260079398303915,-0.5017605876683318,decelerating,decelerating,1.0,0.0064260079398303915,False,False
2024-07-31,2024Q3,0,2024Q3,growth_yoy,call,True,-0.9750646931635965,-0.3352418866658935,decelerating,decelerating,1.0,0.9750646931635965,False,False
2024-07-31,2024Q3,0,2024Q3,growth_qoq,call,True,-0.26617904587754615,-0.060708271847698114,decelerating,decelerating,1.0,0.26617904587754615,False,False
2024-07-31,2024Q3,0,2024Q3,inflation_yoy,call,True,-0.44751046959568663,-0.5334094476926228,decelerating,decelerating,1.0,0.44751046959568663,False,False
2024-07-31,2024Q3,0,2024Q3,inflation_qoq,call,True,-0.25169827878135376,-0.33565645220838825,decelerating,decelerating,1.0,0.25169827878135376,False,False
2024-07-31,2024Q3,1,2024Q4,growth_yoy,call,True,-0.11187832015091548,-0.39160115272274254,decelerating,decelerating,1.0,0.11187832015091548,False,False
2024-07-31,2024Q3,1,2024Q4,growth_qoq,lean,True,0.28891186014436965,-0.3649033359526932,accelerating,decelerating,0.0,0.28891186014436965,False,False
2024-07-31,2024Q3,1,2024Q4,inflation_yoy,call,True,-0.17006336920015785,0.06463472229138256,decelerating,accelerating,0.0,0.17006336920015785,False,False
2024-07-31,2024Q3,1,2024Q4,inflation_qoq,call,True,0.13872987197378617,0.4529708035187374,accelerating,accelerating,1.0,0.13872987197378617,False,False
2024-07-31,2024Q3,2,2025Q1,growth_yoy,call,True,0.4827233549138388,-0.380515470679077,accelerating,decelerating,0.0,0.4827233549138388,False,False
2024-07-31,2024Q3,2,2025Q1,growth_qoq,abstain,False,,-0.6223910902059093,no call,decelerating,,,False,False
2024-07-31,2024Q3,2,2025Q1,inflation_yoy,call,True,-0.3639109513555874,0.0018452452668960007,decelerating,accelerating,0.0,0.3639109513555874,False,False
2024-07-31,2024Q3,2,2025Q1,inflation_qoq,call,True,-0.0024765783848579304,0.12675696543200665,decelerating,accelerating,0.0,0.0024765783848579304,False,False
2024-07-31,2024Q3,3,2025Q2,growth_yoy,call,True,-0.29414258343694044,0.06119349487541115,decelerating,accelerating,0.0,0.29414258343694044,False,False
2024-07-31,2024Q3,3,2025Q2,growth_qoq,abstain,False,,1.1085161216577988,no call,accelerating,,,False,False
2024-07-31,2024Q3,3,2025Q2,inflation_yoy,call,True,-0.12341518047529476,-0.2638120049769004,decelerating,decelerating,1.0,0.12341518047529476,False,False
2024-07-31,2024Q3,3,2025Q2,inflation_qoq,call,True,-0.0054164492665043085,-0.5017605876683318,decelerating,decelerating,1.0,0.0054164492665043085,False,False
2024-07-31,2024Q3,4,2025Q3,growth_yoy,call,True,0.3392831456569434,0.25470126338165144,accelerating,accelerating,1.0,0.3392831456569434,False,False
2024-07-31,2024Q3,4,2025Q3,growth_qoq,abstain,False,,0.13034649595387027,no call,accelerating,,,False,False
2024-07-31,2024Q3,4,2025Q3,inflation_yoy,call,True,0.1344916131131857,0.4402247254586453,accelerating,accelerating,1.0,0.1344916131131857,False,False
2024-07-31,2024Q3,4,2025Q3,inflation_qoq,call,True,0.0014505881998250203,0.35328560169962664,accelerating,accelerating,1.0,0.0014505881998250203,False,False
2024-08-31,2024Q3,0,2024Q3,growth_yoy,call,True,-0.8044048514969537,-0.3352418866658935,decelerating,decelerating,1.0,0.8044048514969537,False,False
2024-08-31,2024Q3,0,2024Q3,growth_qoq,call,True,-0.26617904587754615,-0.060708271847698114,decelerating,decelerating,1.0,0.26617904587754615,False,False
2024-08-31,2024Q3,0,2024Q3,inflation_yoy,call,True,-0.5414489277567007,-0.5334094476926228,decelerating,decelerating,1.0,0.5414489277567007,False,False
2024-08-31,2024Q3,0,2024Q3,inflation_qoq,call,True,-0.34355124412326354,-0.33565645220838825,decelerating,decelerating,1.0,0.34355124412326354,False,False
2024-08-31,2024Q3,1,2024Q4,growth_yoy,call,True,-0.11206467212721005,-0.39160115272274254,decelerating,decelerating,1.0,0.11206467212721005,False,False
2024-08-31,2024Q3,1,2024Q4,growth_qoq,lean,True,0.28891186014436965,-0.3649033359526932,accelerating,decelerating,0.0,0.28891186014436965,False,False
2024-08-31,2024Q3,1,2024Q4,inflation_yoy,call,True,-0.18524447810510658,0.06463472229138256,decelerating,accelerating,0.0,0.18524447810510658,False,False
2024-08-31,2024Q3,1,2024Q4,inflation_qoq,call,True,0.21557497858240016,0.4529708035187374,accelerating,accelerating,1.0,0.21557497858240016,False,False
2024-08-31,2024Q3,2,2025Q1,growth_yoy,call,True,0.4835274110621679,-0.380515470679077,accelerating,decelerating,0.0,0.4835274110621679,False,False
2024-08-31,2024Q3,2,2025Q1,growth_qoq,abstain,False,,-0.6223910902059093,no call,decelerating,,,False,False
2024-08-31,2024Q3,2,2025Q1,inflation_yoy,call,True,-0.3698927550918496,0.0018452452668960007,decelerating,accelerating,0.0,0.3698927550918496,False,False
2024-08-31,2024Q3,2,2025Q1,inflation_qoq,call,True,0.0062562978592639595,0.12675696543200665,accelerating,accelerating,1.0,0.0062562978592639595,False,False
2024-08-31,2024Q3,3,2025Q2,growth_yoy,call,True,-0.2946325269010286,0.06119349487541115,decelerating,accelerating,0.0,0.2946325269010286,False,False
2024-08-31,2024Q3,3,2025Q2,growth_qoq,abstain,False,,1.1085161216577988,no call,accelerating,,,False,False
2024-08-31,2024Q3,3,2025Q2,inflation_yoy,call,True,-0.12851624964727004,-0.2638120049769004,decelerating,decelerating,1.0,0.12851624964727004,False,False
2024-08-31,2024Q3,3,2025Q2,inflation_qoq,call,True,-0.0043031519212810565,-0.5017605876683318,decelerating,decelerating,1.0,0.0043031519212810565,False,False
2024-08-31,2024Q3,4,2025Q3,growth_yoy,call,True,0.16849554328235428,0.25470126338165144,accelerating,accelerating,1.0,0.16849554328235428,False,False
2024-08-31,2024Q3,4,2025Q3,growth_qoq,abstain,False,,0.13034649595387027,no call,accelerating,,,False,False
2024-08-31,2024Q3,4,2025Q3,inflation_yoy,call,True,0.22123406509300847,0.4402247254586453,accelerating,accelerating,1.0,0.22123406509300847,False,False
2024-08-31,2024Q3,4,2025Q3,inflation_qoq,call,True,0.0001532994777342367,0.35328560169962664,accelerating,accelerating,1.0,0.0001532994777342367,False,False
2024-09-30,2024Q3,0,2024Q3,growth_yoy,call,True,-0.7762876159799648,-0.3352418866658935,decelerating,decelerating,1.0,0.7762876159799648,False,False
2024-09-30,2024Q3,0,2024Q3,growth_qoq,call,True,-0.26617904587754615,-0.060708271847698114,decelerating,decelerating,1.0,0.26617904587754615,False,False
2024-09-30,2024Q3,0,2024Q3,inflation_yoy,call,True,-0.5781061132060779,-0.5334094476926228,decelerating,decelerating,1.0,0.5781061132060779,False,False
2024-09-30,2024Q3,0,2024Q3,inflation_qoq,call,True,-0.3795244199706449,-0.33565645220838825,decelerating,decelerating,1.0,0.3795244199706449,False,False
2024-09-30,2024Q3,1,2024Q4,growth_yoy,call,True,-0.11209537473628739,-0.39160115272274254,decelerating,decelerating,1.0,0.11209537473628739,False,False
2024-09-30,2024Q3,1,2024Q4,growth_qoq,lean,True,0.28891186014436965,-0.3649033359526932,accelerating,decelerating,0.0,0.28891186014436965,False,False
2024-09-30,2024Q3,1,2024Q4,inflation_yoy,call,True,-0.24943864793303128,0.06463472229138256,decelerating,accelerating,0.0,0.24943864793303128,False,False
2024-09-30,2024Q3,1,2024Q4,inflation_qoq,call,True,0.1886227640988114,0.4529708035187374,accelerating,accelerating,1.0,0.1886227640988114,False,False
2024-09-30,2024Q3,2,2025Q1,growth_yoy,call,True,0.4836598841493789,-0.380515470679077,accelerating,decelerating,0.0,0.4836598841493789,False,False
2024-09-30,2024Q3,2,2025Q1,growth_qoq,abstain,False,,-0.6223910902059093,no call,decelerating,,,False,False
2024-09-30,2024Q3,2,2025Q1,inflation_yoy,call,True,-0.36043893235115165,0.0018452452668960007,decelerating,accelerating,0.0,0.36043893235115165,False,False
2024-09-30,2024Q3,2,2025Q1,inflation_qoq,call,True,0.07814805842749628,0.12675696543200665,accelerating,accelerating,1.0,0.07814805842749628,False,False
2024-09-30,2024Q3,3,2025Q2,growth_yoy,call,True,-0.29471324803396204,0.06119349487541115,decelerating,accelerating,0.0,0.29471324803396204,False,False
2024-09-30,2024Q3,3,2025Q2,growth_qoq,abstain,False,,1.1085161216577988,no call,accelerating,,,False,False
2024-09-30,2024Q3,3,2025Q2,inflation_yoy,call,True,-0.11822642214542145,-0.2638120049769004,decelerating,decelerating,1.0,0.11822642214542145,False,False
2024-09-30,2024Q3,3,2025Q2,inflation_qoq,call,True,-0.0032368248390701737,-0.5017605876683318,decelerating,decelerating,1.0,0.0032368248390701737,False,False
2024-09-30,2024Q3,4,2025Q3,growth_yoy,call,True,0.1403572584201651,0.25470126338165144,accelerating,accelerating,1.0,0.1403572584201651,False,False
2024-09-30,2024Q3,4,2025Q3,growth_qoq,abstain,False,,0.13034649595387027,no call,accelerating,,,False,False
2024-09-30,2024Q3,4,2025Q3,inflation_yoy,call,True,0.2677551800875848,0.4402247254586453,accelerating,accelerating,1.0,0.2677551800875848,False,False
2024-09-30,2024Q3,4,2025Q3,inflation_qoq,call,True,7.239182890916851e-05,0.35328560169962664,accelerating,accelerating,1.0,7.239182890916851e-05,False,False
2024-10-31,2024Q4,0,2024Q4,growth_yoy,call,True,-0.2883451032599682,-0.39160115272274254,decelerating,decelerating,1.0,0.2883451032599682,False,False
2024-10-31,2024Q4,0,2024Q4,growth_qoq,call,True,-0.1143998413146981,-0.3649033359526932,decelerating,decelerating,1.0,0.1143998413146981,False,False
2024-10-31,2024Q4,0,2024Q4,inflation_yoy,call,True,-0.16462967742418844,0.06463472229138256,decelerating,accelerating,0.0,0.16462967742418844,False,False
2024-10-31,2024Q4,0,2024Q4,inflation_qoq,call,True,0.22788955649499787,0.4529708035187374,accelerating,accelerating,1.0,0.22788955649499787,False,False
2024-10-31,2024Q4,1,2025Q1,growth_yoy,call,True,0.49351056947781746,-0.380515470679077,accelerating,decelerating,0.0,0.49351056947781746,False,False
2024-10-31,2024Q4,1,2025Q1,growth_qoq,lean,True,-0.0878862212451037,-0.6223910902059093,decelerating,decelerating,1.0,0.0878862212451037,False,False
2024-10-31,2024Q4,1,2025Q1,inflation_yoy,call,True,-0.35227922977632,0.0018452452668960007,decelerating,accelerating,0.0,0.35227922977632,False,False
2024-10-31,2024Q4,1,2025Q1,inflation_qoq,call,True,0.0034999956423087397,0.12675696543200665,accelerating,accelerating,1.0,0.0034999956423087397,False,False
2024-10-31,2024Q4,2,2025Q2,growth_yoy,call,True,-0.2575345497515036,0.06119349487541115,decelerating,accelerating,0.0,0.2575345497515036,False,False
2024-10-31,2024Q4,2,2025Q2,growth_qoq,abstain,False,,1.1085161216577988,no call,accelerating,,,False,False
2024-10-31,2024Q4,2,2025Q2,inflation_yoy,call,True,-0.11194826171434524,-0.2638120049769004,decelerating,decelerating,1.0,0.11194826171434524,False,False
2024-10-31,2024Q4,2,2025Q2,inflation_qoq,call,True,-0.005386192884770935,-0.5017605876683318,decelerating,decelerating,1.0,0.005386192884770935,False,False
2024-10-31,2024Q4,3,2025Q3,growth_yoy,call,True,0.08962882055965071,0.25470126338165144,accelerating,accelerating,1.0,0.08962882055965071,False,False
2024-10-31,2024Q4,3,2025Q3,growth_qoq,abstain,False,,0.13034649595387027,no call,accelerating,,,False,False
2024-10-31,2024Q4,3,2025Q3,inflation_yoy,call,True,0.22755102125951643,0.4402247254586453,accelerating,accelerating,1.0,0.22755102125951643,False,False
2024-10-31,2024Q4,3,2025Q3,inflation_qoq,call,True,-0.002239827833383501,0.35328560169962664,decelerating,accelerating,0.0,0.002239827833383501,False,False
2024-10-31,2024Q4,4,2025Q4,growth_yoy,call,True,0.17163792877237238,-0.34586811134476037,accelerating,decelerating,0.0,0.17163792877237238,False,False
2024-10-31,2024Q4,4,2025Q4,growth_qoq,abstain,False,,-0.9560016017673645,no call,decelerating,,,False,False
2024-10-31,2024Q4,4,2025Q4,inflation_yoy,call,True,-0.004805538714751201,-0.1651323464324661,decelerating,decelerating,1.0,0.004805538714751201,False,False
2024-10-31,2024Q4,4,2025Q4,inflation_qoq,call,True,-0.0006014888562999587,-0.14038936550824221,decelerating,decelerating,1.0,0.0006014888562999587,False,False
2024-11-30,2024Q4,0,2024Q4,growth_yoy,call,True,-0.2787489094244755,-0.39160115272274254,decelerating,decelerating,1.0,0.2787489094244755,False,False
2024-11-30,2024Q4,0,2024Q4,growth_qoq,call,True,-0.1143998413146981,-0.3649033359526932,decelerating,decelerating,1.0,0.1143998413146981,False,False
2024-11-30,2024Q4,0,2024Q4,inflation_yoy,call,True,-0.04565718451112,0.06463472229138256,decelerating,accelerating,0.0,0.04565718451112,False,False
2024-11-30,2024Q4,0,2024Q4,inflation_qoq,call,True,0.344623466780547,0.4529708035187374,accelerating,accelerating,1.0,0.344623466780547,False,False
2024-11-30,2024Q4,1,2025Q1,growth_yoy,call,True,0.4935568249944122,-0.380515470679077,accelerating,decelerating,0.0,0.4935568249944122,False,False
2024-11-30,2024Q4,1,2025Q1,growth_qoq,lean,True,-0.0878862212451037,-0.6223910902059093,decelerating,decelerating,1.0,0.0878862212451037,False,False
2024-11-30,2024Q4,1,2025Q1,inflation_yoy,call,True,-0.3469518078066911,0.0018452452668960007,decelerating,accelerating,0.0,0.3469518078066911,False,False
2024-11-30,2024Q4,1,2025Q1,inflation_qoq,call,True,-0.10759718365753734,0.12675696543200665,decelerating,accelerating,0.0,0.10759718365753734,False,False
2024-11-30,2024Q4,2,2025Q2,growth_yoy,call,True,-0.2575586878234448,0.06119349487541115,decelerating,accelerating,0.0,0.2575586878234448,False,False
2024-11-30,2024Q4,2,2025Q2,growth_qoq,abstain,False,,1.1085161216577988,no call,accelerating,,,False,False
2024-11-30,2024Q4,2,2025Q2,inflation_yoy,call,True,-0.11197265638340026,-0.2638120049769004,decelerating,decelerating,1.0,0.11197265638340026,False,False
2024-11-30,2024Q4,2,2025Q2,inflation_qoq,call,True,-0.010914241847226336,-0.5017605876683318,decelerating,decelerating,1.0,0.010914241847226336,False,False
2024-11-30,2024Q4,3,2025Q3,growth_yoy,call,True,0.08963722124575302,0.25470126338165144,accelerating,accelerating,1.0,0.08963722124575302,False,False
2024-11-30,2024Q4,3,2025Q3,growth_qoq,abstain,False,,0.13034649595387027,no call,accelerating,,,False,False
2024-11-30,2024Q4,3,2025Q3,inflation_yoy,call,True,0.22407623286911527,0.4402247254586453,accelerating,accelerating,1.0,0.22407623286911527,False,False
2024-11-30,2024Q4,3,2025Q3,inflation_qoq,call,True,-0.00603589909184965,0.35328560169962664,decelerating,accelerating,0.0,0.00603589909184965,False,False
2024-11-30,2024Q4,4,2025Q4,growth_yoy,call,True,0.16201121680612385,-0.34586811134476037,accelerating,decelerating,0.0,0.16201121680612385,False,False
2024-11-30,2024Q4,4,2025Q4,growth_qoq,abstain,False,,-0.9560016017673645,no call,decelerating,,,False,False
2024-11-30,2024Q4,4,2025Q4,inflation_yoy,call,True,-0.12991235701465698,-0.1651323464324661,decelerating,decelerating,1.0,0.12991235701465698,False,False
2024-11-30,2024Q4,4,2025Q4,inflation_qoq,call,True,-0.003216338700129384,-0.14038936550824221,decelerating,decelerating,1.0,0.003216338700129384,False,False
2024-12-31,2024Q4,0,2024Q4,growth_yoy,call,True,-0.1832340539490218,-0.39160115272274254,decelerating,decelerating,1.0,0.1832340539490218,False,False
2024-12-31,2024Q4,0,2024Q4,growth_qoq,call,True,-0.1143998413146981,-0.3649033359526932,decelerating,decelerating,1.0,0.1143998413146981,False,False
2024-12-31,2024Q4,0,2024Q4,inflation_yoy,call,True,0.04164453999184037,0.06463472229138256,accelerating,accelerating,1.0,0.04164453999184037,False,False
2024-12-31,2024Q4,0,2024Q4,inflation_qoq,call,True,0.43037437770403475,0.4529708035187374,accelerating,accelerating,1.0,0.43037437770403475,False,False
2024-12-31,2024Q4,1,2025Q1,growth_yoy,call,True,0.4940172251340247,-0.380515470679077,accelerating,decelerating,0.0,0.4940172251340247,False,False
2024-12-31,2024Q4,1,2025Q1,growth_qoq,lean,True,-0.0878862212451037,-0.6223910902059093,decelerating,decelerating,1.0,0.0878862212451037,False,False
2024-12-31,2024Q4,1,2025Q1,inflation_yoy,call,True,-0.25202236310765525,0.0018452452668960007,decelerating,accelerating,0.0,0.25202236310765525,False,False
2024-12-31,2024Q4,1,2025Q1,inflation_qoq,call,True,-0.0998661362078046,0.12675696543200665,decelerating,accelerating,0.0,0.0998661362078046,False,False
2024-12-31,2024Q4,2,2025Q2,growth_yoy,call,True,-0.2577989439597861,0.06119349487541115,decelerating,accelerating,0.0,0.2577989439597861,False,False
2024-12-31,2024Q4,2,2025Q2,growth_qoq,abstain,False,,1.1085161216577988,no call,accelerating,,,False,False
2024-12-31,2024Q4,2,2025Q2,inflation_yoy,call,True,-0.09916077970893644,-0.2638120049769004,decelerating,decelerating,1.0,0.09916077970893644,False,False
2024-12-31,2024Q4,2,2025Q2,inflation_qoq,call,True,-0.09162327269796045,-0.5017605876683318,decelerating,decelerating,1.0,0.09162327269796045,False,False
2024-12-31,2024Q4,3,2025Q3,growth_yoy,call,True,0.08972083672242892,0.25470126338165144,accelerating,accelerating,1.0,0.08972083672242892,False,False
2024-12-31,2024Q4,3,2025Q3,growth_qoq,abstain,False,,0.13034649595387027,no call,accelerating,,,False,False
2024-12-31,2024Q4,3,2025Q3,inflation_yoy,call,True,0.23573360430588064,0.4402247254586453,accelerating,accelerating,1.0,0.23573360430588064,False,False
2024-12-31,2024Q4,3,2025Q3,inflation_qoq,call,True,-0.0077964523598428315,0.35328560169962664,decelerating,accelerating,0.0,0.0077964523598428315,False,False
2024-12-31,2024Q4,4,2025Q4,growth_yoy,call,True,0.06619260185072307,-0.34586811134476037,accelerating,decelerating,0.0,0.06619260185072307,False,False
2024-12-31,2024Q4,4,2025Q4,growth_qoq,abstain,False,,-0.9560016017673645,no call,decelerating,,,False,False
2024-12-31,2024Q4,4,2025Q4,inflation_yoy,call,True,-0.20617198050486962,-0.1651323464324661,decelerating,decelerating,1.0,0.20617198050486962,False,False
2024-12-31,2024Q4,4,2025Q4,inflation_qoq,call,True,-0.0033945773618926367,-0.14038936550824221,decelerating,decelerating,1.0,0.0033945773618926367,False,False
2025-01-31,2025Q1,0,2025Q1,growth_yoy,call,True,0.6131434764562904,-0.380515470679077,accelerating,decelerating,0.0,0.6131434764562904,False,False
2025-01-31,2025Q1,0,2025Q1,growth_qoq,split,True,0.031890275534461665,-0.6223910902059093,accelerating,decelerating,0.0,0.031890275534461665,False,False
2025-01-31,2025Q1,0,2025Q1,inflation_yoy,call,True,-0.15878391658223157,0.0018452452668960007,decelerating,accelerating,0.0,0.15878391658223157,False,False
2025-01-31,2025Q1,0,2025Q1,inflation_qoq,call,True,-0.030851807730680747,0.12675696543200665,decelerating,accelerating,0.0,0.030851807730680747,False,False
2025-01-31,2025Q1,1,2025Q2,growth_yoy,call,True,-0.2298383220649569,0.06119349487541115,decelerating,accelerating,0.0,0.2298383220649569,False,False
2025-01-31,2025Q1,1,2025Q2,growth_qoq,lean,True,-0.4054628236398794,1.1085161216577988,decelerating,accelerating,0.0,0.4054628236398794,False,False
2025-01-31,2025Q1,1,2025Q2,inflation_yoy,call,True,-0.09773105376746916,-0.2638120049769004,decelerating,decelerating,1.0,0.09773105376746916,False,False
2025-01-31,2025Q1,1,2025Q2,inflation_qoq,call,True,-0.1817223168059101,-0.5017605876683318,decelerating,decelerating,1.0,0.1817223168059101,False,False
2025-01-31,2025Q1,2,2025Q3,growth_yoy,call,True,0.031525710339730395,0.25470126338165144,accelerating,accelerating,1.0,0.031525710339730395,False,False
2025-01-31,2025Q1,2,2025Q3,growth_qoq,abstain,False,,0.13034649595387027,no call,accelerating,,,False,False
2025-01-31,2025Q1,2,2025Q3,inflation_yoy,call,True,0.23591945585480856,0.4402247254586453,accelerating,accelerating,1.0,0.23591945585480856,False,False
2025-01-31,2025Q1,2,2025Q3,inflation_qoq,call,True,-0.009391829232141546,0.35328560169962664,decelerating,accelerating,0.0,0.009391829232141546,False,False
2025-01-31,2025Q1,3,2025Q4,growth_yoy,call,True,0.41468084742162237,-0.34586811134476037,accelerating,decelerating,0.0,0.41468084742162237,False,False
2025-01-31,2025Q1,3,2025Q4,growth_qoq,abstain,False,,-0.9560016017673645,no call,decelerating,,,False,False
2025-01-31,2025Q1,3,2025Q4,inflation_yoy,call,True,-0.230911240665721,-0.1651323464324661,decelerating,decelerating,1.0,0.230911240665721,False,False
2025-01-31,2025Q1,3,2025Q4,inflation_qoq,call,True,-0.004898246791507077,-0.14038936550824221,decelerating,decelerating,1.0,0.004898246791507077,False,False
2025-01-31,2025Q1,4,2026Q1,growth_yoy,call,True,-0.11170019778792284,0.695443680627883,decelerating,accelerating,0.0,0.11170019778792284,False,False
2025-01-31,2025Q1,4,2026Q1,growth_qoq,abstain,False,,0.3979098815656279,no call,accelerating,,,False,False
2025-01-31,2025Q1,4,2026Q1,inflation_yoy,call,True,-0.19719022919012108,-0.03240701507541566,decelerating,decelerating,1.0,0.19719022919012108,False,False
2025-01-31,2025Q1,4,2026Q1,inflation_qoq,call,True,0.0023837798037718017,0.25753170019378047,accelerating,accelerating,1.0,0.0023837798037718017,False,False
2025-02-28,2025Q1,0,2025Q1,growth_yoy,call,True,0.5180452454720319,-0.380515470679077,accelerating,decelerating,0.0,0.5180452454720319,False,False
2025-02-28,2025Q1,0,2025Q1,growth_qoq,split,True,0.031890275534461665,-0.6223910902059093,accelerating,decelerating,0.0,0.031890275534461665,False,False
2025-02-28,2025Q1,0,2025Q1,inflation_yoy,call,True,0.023481568657095053,0.0018452452668960007,accelerating,accelerating,1.0,0.023481568657095053,False,False
2025-02-28,2025Q1,0,2025Q1,inflation_qoq,call,True,0.14817378278526583,0.12675696543200665,accelerating,accelerating,1.0,0.14817378278526583,False,False
2025-02-28,2025Q1,1,2025Q2,growth_yoy,call,True,-0.2296256806181285,0.06119349487541115,decelerating,accelerating,0.0,0.2296256806181285,False,False
2025-02-28,2025Q1,1,2025Q2,growth_qoq,lean,True,-0.4054628236398794,1.1085161216577988,decelerating,accelerating,0.0,0.4054628236398794,False,False
2025-02-28,2025Q1,1,2025Q2,inflation_yoy,call,True,-0.10510246266398271,-0.2638120049769004,decelerating,decelerating,1.0,0.10510246266398271,False,False
2025-02-28,2025Q1,1,2025Q2,inflation_qoq,call,True,-0.3677764688893914,-0.5017605876683318,decelerating,decelerating,1.0,0.3677764688893914,False,False
2025-02-28,2025Q1,2,2025Q3,growth_yoy,call,True,0.03149654343406194,0.25470126338165144,accelerating,accelerating,1.0,0.03149654343406194,False,False
2025-02-28,2025Q1,2,2025Q3,growth_qoq,abstain,False,,0.13034649595387027,no call,accelerating,,,False,False
2025-02-28,2025Q1,2,2025Q3,inflation_yoy,call,True,0.23538852597884885,0.4402247254586453,accelerating,accelerating,1.0,0.23538852597884885,False,False
2025-02-28,2025Q1,2,2025Q3,inflation_qoq,call,True,-0.0032758282704881125,0.35328560169962664,decelerating,accelerating,0.0,0.0032758282704881125,False,False
2025-02-28,2025Q1,3,2025Q4,growth_yoy,call,True,0.41429719366634643,-0.34586811134476037,accelerating,decelerating,0.0,0.41429719366634643,False,False
2025-02-28,2025Q1,3,2025Q4,growth_qoq,abstain,False,,-0.9560016017673645,no call,decelerating,,,False,False
2025-02-28,2025Q1,3,2025Q4,inflation_yoy,call,True,-0.23086186395053065,-0.1651323464324661,decelerating,decelerating,1.0,0.23086186395053065,False,False
2025-02-28,2025Q1,3,2025Q4,inflation_qoq,call,True,-0.003552492553016151,-0.14038936550824221,decelerating,decelerating,1.0,0.003552492553016151,False,False
2025-02-28,2025Q1,4,2026Q1,growth_yoy,call,True,-0.016401787589548356,0.695443680627883,decelerating,accelerating,0.0,0.016401787589548356,False,False
2025-02-28,2025Q1,4,2026Q1,growth_qoq,abstain,False,,0.3979098815656279,no call,accelerating,,,False,False
2025-02-28,2025Q1,4,2026Q1,inflation_yoy,call,True,-0.3764483528768383,-0.03240701507541566,decelerating,decelerating,1.0,0.3764483528768383,False,False
2025-02-28,2025Q1,4,2026Q1,inflation_qoq,call,True,0.004705589213860328,0.25753170019378047,accelerating,accelerating,1.0,0.004705589213860328,False,False
2025-03-31,2025Q1,0,2025Q1,growth_yoy,call,True,0.5023487014369055,-0.380515470679077,accelerating,decelerating,0.0,0.5023487014369055,False,False
2025-03-31,2025Q1,0,2025Q1,growth_qoq,split,True,0.031890275534461665,-0.6223910902059093,accelerating,decelerating,0.0,0.031890275534461665,False,False
2025-03-31,2025Q1,0,2025Q1,inflation_yoy,call,True,0.0022224426680175213,0.0018452452668960007,accelerating,accelerating,1.0,0.0022224426680175213,False,False
2025-03-31,2025Q1,0,2025Q1,inflation_qoq,call,True,0.12712910792098686,0.12675696543200665,accelerating,accelerating,1.0,0.12712910792098686,False,False
2025-03-31,2025Q1,1,2025Q2,growth_yoy,call,True,-0.22959058284817147,0.06119349487541115,decelerating,accelerating,0.0,0.22959058284817147,False,False
2025-03-31,2025Q1,1,2025Q2,growth_qoq,lean,True,-0.4054628236398794,1.1085161216577988,decelerating,accelerating,0.0,0.4054628236398794,False,False
2025-03-31,2025Q1,1,2025Q2,inflation_yoy,call,True,-0.1897951764943122,-0.2638120049769004,decelerating,decelerating,1.0,0.1897951764943122,False,False
2025-03-31,2025Q1,1,2025Q2,inflation_qoq,call,True,-0.4295901912468647,-0.5017605876683318,decelerating,decelerating,1.0,0.4295901912468647,False,False
2025-03-31,2025Q1,2,2025Q3,growth_yoy,call,True,0.031491729258070755,0.25470126338165144,accelerating,accelerating,1.0,0.031491729258070755,False,False
2025-03-31,2025Q1,2,2025Q3,growth_qoq,abstain,False,,0.13034649595387027,no call,accelerating,,,False,False
2025-03-31,2025Q1,2,2025Q3,inflation_yoy,call,True,0.24617363968727846,0.4402247254586453,accelerating,accelerating,1.0,0.24617363968727846,False,False
2025-03-31,2025Q1,2,2025Q3,inflation_qoq,call,True,0.09037858018379197,0.35328560169962664,accelerating,accelerating,1.0,0.09037858018379197,False,False
2025-03-31,2025Q1,3,2025Q4,growth_yoy,call,True,0.41423386927008643,-0.34586811134476037,accelerating,decelerating,0.0,0.41423386927008643,False,False
2025-03-31,2025Q1,3,2025Q4,growth_qoq,abstain,False,,-0.9560016017673645,no call,decelerating,,,False,False
2025-03-31,2025Q1,3,2025Q4,inflation_yoy,call,True,-0.21732086955212138,-0.1651323464324661,decelerating,decelerating,1.0,0.21732086955212138,False,False
2025-03-31,2025Q1,3,2025Q4,inflation_qoq,call,True,-0.0012751379358855175,-0.14038936550824221,decelerating,decelerating,1.0,0.0012751379358855175,False,False
2025-03-31,2025Q1,4,2026Q1,growth_yoy,call,True,-0.0006722027521499641,0.695443680627883,decelerating,accelerating,0.0,0.0006722027521499641,False,False
2025-03-31,2025Q1,4,2026Q1,growth_qoq,abstain,False,,0.3979098815656279,no call,accelerating,,,False,False
2025-03-31,2025Q1,4,2026Q1,inflation_yoy,call,True,-0.33963225191407576,-0.03240701507541566,decelerating,decelerating,1.0,0.33963225191407576,False,False
2025-03-31,2025Q1,4,2026Q1,inflation_qoq,call,True,0.006614043039565587,0.25753170019378047,accelerating,accelerating,1.0,0.006614043039565587,False,False
2025-04-30,2025Q2,0,2025Q2,growth_yoy,call,True,0.01699439333300301,0.06119349487541115,accelerating,accelerating,1.0,0.01699439333300301,False,False
2025-04-30,2025Q2,0,2025Q2,growth_qoq,call,True,0.46521245121092064,1.1085161216577988,accelerating,accelerating,1.0,0.46521245121092064,False,False
2025-04-30,2025Q2,0,2025Q2,inflation_yoy,call,True,-0.20813628597592748,-0.2638120049769004,decelerating,decelerating,1.0,0.20813628597592748,False,False
2025-04-30,2025Q2,0,2025Q2,inflation_qoq,call,True,-0.4471910247972888,-0.5017605876683318,decelerating,decelerating,1.0,0.4471910247972888,False,False
2025-04-30,2025Q2,1,2025Q3,growth_yoy,call,True,0.0012575675647941154,0.25470126338165144,accelerating,accelerating,1.0,0.0012575675647941154,False,False
2025-04-30,2025Q2,1,2025Q3,growth_qoq,lean,True,-0.49257977205979797,0.13034649595387027,decelerating,accelerating,0.0,0.49257977205979797,False,False
2025-04-30,2025Q2,1,2025Q3,inflation_yoy,call,True,0.2640343209074616,0.4402247254586453,accelerating,accelerating,1.0,0.2640343209074616,False,False
2025-04-30,2025Q2,1,2025Q3,inflation_qoq,call,True,0.12588295630378,0.35328560169962664,accelerating,accelerating,1.0,0.12588295630378,False,False
2025-04-30,2025Q2,2,2025Q4,growth_yoy,call,True,0.3800116950383403,-0.34586811134476037,accelerating,decelerating,0.0,0.3800116950383403,False,False
2025-04-30,2025Q2,2,2025Q4,growth_qoq,abstain,False,,-0.9560016017673645,no call,decelerating,,,False,False
2025-04-30,2025Q2,2,2025Q4,inflation_yoy,call,True,-0.19673473912694295,-0.1651323464324661,decelerating,decelerating,1.0,0.19673473912694295,False,False
2025-04-30,2025Q2,2,2025Q4,inflation_qoq,call,True,0.0013853588833656616,-0.14038936550824221,accelerating,decelerating,0.0,0.0013853588833656616,False,False
2025-04-30,2025Q2,3,2026Q1,growth_yoy,call,True,0.5044829006778606,0.695443680627883,accelerating,accelerating,1.0,0.5044829006778606,False,False
2025-04-30,2025Q2,3,2026Q1,growth_qoq,abstain,False,,0.3979098815656279,no call,accelerating,,,False,False
2025-04-30,2025Q2,3,2026Q1,inflation_yoy,call,True,-0.31600538890502383,-0.03240701507541566,decelerating,decelerating,1.0,0.31600538890502383,False,False
2025-04-30,2025Q2,3,2026Q1,inflation_qoq,call,True,0.009349510987366472,0.25753170019378047,accelerating,accelerating,1.0,0.009349510987366472,False,False
2025-04-30,2025Q2,4,2026Q2,growth_yoy,call,True,-0.21810091689531408,-0.5870717944099546,decelerating,decelerating,1.0,0.21810091689531408,False,False
2025-04-30,2025Q2,4,2026Q2,growth_qoq,abstain,False,,-0.14938578143057768,no call,decelerating,,,False,False
2025-04-30,2025Q2,4,2026Q2,inflation_yoy,call,True,0.15103714710693605,1.099409318262727,accelerating,accelerating,1.0,0.15103714710693605,False,False
2025-04-30,2025Q2,4,2026Q2,inflation_qoq,call,True,0.011725139722562616,0.6038621672189493,accelerating,accelerating,1.0,0.011725139722562616,False,False
2025-05-31,2025Q2,0,2025Q2,growth_yoy,call,True,-0.003916815372972948,0.06119349487541115,decelerating,accelerating,0.0,0.003916815372972948,False,False
2025-05-31,2025Q2,0,2025Q2,growth_qoq,call,True,0.46521245121092064,1.1085161216577988,accelerating,accelerating,1.0,0.46521245121092064,False,False
2025-05-31,2025Q2,0,2025Q2,inflation_yoy,call,True,-0.29450700262073237,-0.2638120049769004,decelerating,decelerating,1.0,0.29450700262073237,False,False
2025-05-31,2025Q2,0,2025Q2,inflation_qoq,call,True,-0.5318396835334305,-0.5017605876683318,decelerating,decelerating,1.0,0.5318396835334305,False,False
2025-05-31,2025Q2,1,2025Q3,growth_yoy,call,True,0.0012573104451130135,0.25470126338165144,accelerating,accelerating,1.0,0.0012573104451130135,False,False
2025-05-31,2025Q2,1,2025Q3,growth_qoq,lean,True,-0.49257977205979797,0.13034649595387027,decelerating,accelerating,0.0,0.49257977205979797,False,False
2025-05-31,2025Q2,1,2025Q3,inflation_yoy,call,True,0.21323192254557188,0.4402247254586453,accelerating,accelerating,1.0,0.21323192254557188,False,False
2025-05-31,2025Q2,1,2025Q3,inflation_qoq,call,True,0.16098902102206214,0.35328560169962664,accelerating,accelerating,1.0,0.16098902102206214,False,False
2025-05-31,2025Q2,2,2025Q4,growth_yoy,call,True,0.37993399863078814,-0.34586811134476037,accelerating,decelerating,0.0,0.37993399863078814,False,False
2025-05-31,2025Q2,2,2025Q4,growth_qoq,abstain,False,,-0.9560016017673645,no call,decelerating,,,False,False
2025-05-31,2025Q2,2,2025Q4,inflation_yoy,call,True,-0.2087475025839427,-0.1651323464324661,decelerating,decelerating,1.0,0.2087475025839427,False,False
2025-05-31,2025Q2,2,2025Q4,inflation_qoq,call,True,0.03887312872883353,-0.14038936550824221,accelerating,decelerating,0.0,0.03887312872883353,False,False
2025-05-31,2025Q2,3,2026Q1,growth_yoy,call,True,0.5043797551442353,0.695443680627883,accelerating,accelerating,1.0,0.5043797551442353,False,False
2025-05-31,2025Q2,3,2026Q1,growth_qoq,abstain,False,,0.3979098815656279,no call,accelerating,,,False,False
2025-05-31,2025Q2,3,2026Q1,inflation_yoy,call,True,-0.3252920427194348,-0.03240701507541566,decelerating,decelerating,1.0,0.3252920427194348,False,False
2025-05-31,2025Q2,3,2026Q1,inflation_qoq,call,True,0.011807712014877403,0.25753170019378047,accelerating,accelerating,1.0,0.011807712014877403,False,False
2025-05-31,2025Q2,4,2026Q2,growth_yoy,call,True,-0.1970086091284573,-0.5870717944099546,decelerating,decelerating,1.0,0.1970086091284573,False,False
2025-05-31,2025Q2,4,2026Q2,growth_qoq,abstain,False,,-0.14938578143057768,no call,decelerating,,,False,False
2025-05-31,2025Q2,4,2026Q2,inflation_yoy,call,True,0.2268003031799859,1.099409318262727,accelerating,accelerating,1.0,0.2268003031799859,False,False
2025-05-31,2025Q2,4,2026Q2,inflation_qoq,call,True,0.01130169949385973,0.6038621672189493,accelerating,accelerating,1.0,0.01130169949385973,False,False
2025-06-30,2025Q2,0,2025Q2,growth_yoy,call,True,-0.34209992604252726,0.06119349487541115,decelerating,accelerating,0.0,0.34209992604252726,False,False
2025-06-30,2025Q2,0,2025Q2,growth_qoq,call,True,0.46521245121092064,1.1085161216577988,accelerating,accelerating,1.0,0.46521245121092064,False,False
2025-06-30,2025Q2,0,2025Q2,inflation_yoy,call,True,-0.27832426966577106,-0.2638120049769004,decelerating,decelerating,1.0,0.27832426966577106,False,False
2025-06-30,2025Q2,0,2025Q2,inflation_qoq,call,True,-0.51598072191128,-0.5017605876683318,decelerating,decelerating,1.0,0.51598072191128,False,False
2025-06-30,2025Q2,1,2025Q3,growth_yoy,call,True,0.0012531522191716604,0.25470126338165144,accelerating,accelerating,1.0,0.0012531522191716604,False,False
2025-06-30,2025Q2,1,2025Q3,growth_qoq,lean,True,-0.49257977205979797,0.13034649595387027,decelerating,accelerating,0.0,0.49257977205979797,False,False
2025-06-30,2025Q2,1,2025Q3,inflation_yoy,call,True,0.23663050248064676,0.4402247254586453,accelerating,accelerating,1.0,0.23663050248064676,False,False
2025-06-30,2025Q2,1,2025Q3,inflation_qoq,call,True,0.16801618040216404,0.35328560169962664,accelerating,accelerating,1.0,0.16801618040216404,False,False
2025-06-30,2025Q2,2,2025Q4,growth_yoy,call,True,0.3786774661569847,-0.34586811134476037,accelerating,decelerating,0.0,0.3786774661569847,False,False
2025-06-30,2025Q2,2,2025Q4,growth_qoq,abstain,False,,-0.9560016017673645,no call,decelerating,,,False,False
2025-06-30,2025Q2,2,2025Q4,inflation_yoy,call,True,-0.19925707814490634,-0.1651323464324661,decelerating,decelerating,1.0,0.19925707814490634,False,False
2025-06-30,2025Q2,2,2025Q4,inflation_qoq,call,True,0.025384799930305846,-0.14038936550824221,accelerating,decelerating,0.0,0.025384799930305846,False,False
2025-06-30,2025Q2,3,2026Q1,growth_yoy,call,True,0.5027116508320439,0.695443680627883,accelerating,accelerating,1.0,0.5027116508320439,False,False
2025-06-30,2025Q2,3,2026Q1,growth_qoq,abstain,False,,0.3979098815656279,no call,accelerating,,,False,False
2025-06-30,2025Q2,3,2026Q1,inflation_yoy,call,True,-0.3134686816276564,-0.03240701507541566,decelerating,decelerating,1.0,0.3134686816276564,False,False
2025-06-30,2025Q2,3,2026Q1,inflation_qoq,call,True,0.014201677798664214,0.25753170019378047,accelerating,accelerating,1.0,0.014201677798664214,False,False
2025-06-30,2025Q2,4,2026Q2,growth_yoy,call,True,0.1441032965530109,-0.5870717944099546,accelerating,decelerating,0.0,0.1441032965530109,False,False
2025-06-30,2025Q2,4,2026Q2,growth_qoq,abstain,False,,-0.14938578143057768,no call,decelerating,,,False,False
2025-06-30,2025Q2,4,2026Q2,inflation_yoy,call,True,0.22246370966091034,1.099409318262727,accelerating,accelerating,1.0,0.22246370966091034,False,False
2025-06-30,2025Q2,4,2026Q2,inflation_qoq,call,True,0.01099818068461822,0.6038621672189493,accelerating,accelerating,1.0,0.01099818068461822,False,False
2025-07-31,2025Q3,0,2025Q3,growth_yoy,call,True,-0.3575272853389544,0.25470126338165144,decelerating,accelerating,0.0,0.3575272853389544,False,False
2025-07-31,2025Q3,0,2025Q3,growth_qoq,split,True,-0.15816444631352244,0.13034649595387027,decelerating,accelerating,0.0,0.15816444631352244,False,False
2025-07-31,2025Q3,0,2025Q3,inflation_yoy,call,True,0.25944154399362107,0.4402247254586453,accelerating,accelerating,1.0,0.25944154399362107,False,False
2025-07-31,2025Q3,0,2025Q3,inflation_qoq,call,True,0.17610192618113807,0.35328560169962664,accelerating,accelerating,1.0,0.17610192618113807,False,False
2025-07-31,2025Q3,1,2025Q4,growth_yoy,call,True,0.36141478334559274,-0.34586811134476037,accelerating,decelerating,0.0,0.36141478334559274,False,False
2025-07-31,2025Q3,1,2025Q4,growth_qoq,lean,True,0.4403703666794878,-0.9560016017673645,accelerating,decelerating,0.0,0.4403703666794878,False,False
2025-07-31,2025Q3,1,2025Q4,inflation_yoy,call,True,-0.19929033395174756,-0.1651323464324661,decelerating,decelerating,1.0,0.19929033395174756,False,False
2025-07-31,2025Q3,1,2025Q4,inflation_qoq,call,True,0.003117542225550274,-0.14038936550824221,accelerating,decelerating,0.0,0.003117542225550274,False,False
2025-07-31,2025Q3,2,2026Q1,growth_yoy,call,True,0.6405336125804295,0.695443680627883,accelerating,accelerating,1.0,0.6405336125804295,False,False
2025-07-31,2025Q3,2,2026Q1,growth_qoq,abstain,False,,0.3979098815656279,no call,accelerating,,,False,False
2025-07-31,2025Q3,2,2026Q1,inflation_yoy,call,True,-0.31294308129084714,-0.03240701507541566,decelerating,decelerating,1.0,0.31294308129084714,False,False
2025-07-31,2025Q3,2,2026Q1,inflation_qoq,call,True,0.014792817494480026,0.25753170019378047,accelerating,accelerating,1.0,0.014792817494480026,False,False
2025-07-31,2025Q3,3,2026Q2,growth_yoy,call,True,-0.44873705523778007,-0.5870717944099546,decelerating,decelerating,1.0,0.44873705523778007,False,False
2025-07-31,2025Q3,3,2026Q2,growth_qoq,abstain,False,,-0.14938578143057768,no call,decelerating,,,False,False
2025-07-31,2025Q3,3,2026Q2,inflation_yoy,call,True,0.20840048738980022,1.099409318262727,accelerating,accelerating,1.0,0.20840048738980022,False,False
2025-07-31,2025Q3,3,2026Q2,inflation_qoq,call,True,0.010696832827883362,0.6038621672189493,accelerating,accelerating,1.0,0.010696832827883362,False,False
2025-07-31,2025Q3,4,2026Q3,inflation_yoy,call,True,0.025461576322475477,-0.474694229994562,accelerating,decelerating,0.0,0.025461576322475477,False,False
2025-07-31,2025Q3,4,2026Q3,inflation_qoq,call,True,-0.0036075576401728426,-1.3381934285332964,decelerating,decelerating,1.0,0.0036075576401728426,False,False
2025-08-31,2025Q3,0,2025Q3,growth_yoy,call,True,0.14287647661417324,0.25470126338165144,accelerating,accelerating,1.0,0.14287647661417324,False,False
2025-08-31,2025Q3,0,2025Q3,growth_qoq,split,True,-0.15816444631352244,0.13034649595387027,decelerating,accelerating,0.0,0.15816444631352244,False,False
2025-08-31,2025Q3,0,2025Q3,inflation_yoy,call,True,0.34746991590196163,0.4402247254586453,accelerating,accelerating,1.0,0.34746991590196163,False,False
2025-08-31,2025Q3,0,2025Q3,inflation_qoq,call,True,0.26234220335532576,0.35328560169962664,accelerating,accelerating,1.0,0.26234220335532576,False,False
2025-08-31,2025Q3,1,2025Q4,growth_yoy,call,True,0.36318607155036986,-0.34586811134476037,accelerating,decelerating,0.0,0.36318607155036986,False,False
2025-08-31,2025Q3,1,2025Q4,growth_qoq,lean,True,0.4403703666794878,-0.9560016017673645,accelerating,decelerating,0.0,0.4403703666794878,False,False
2025-08-31,2025Q3,1,2025Q4,inflation_yoy,call,True,-0.1753264036381541,-0.1651323464324661,decelerating,decelerating,1.0,0.1753264036381541,False,False
2025-08-31,2025Q3,1,2025Q4,inflation_qoq,call,True,-0.05950351295382905,-0.14038936550824221,decelerating,decelerating,1.0,0.05950351295382905,False,False
2025-08-31,2025Q3,2,2026Q1,growth_yoy,call,True,0.6436728578050444,0.695443680627883,accelerating,accelerating,1.0,0.6436728578050444,False,False
2025-08-31,2025Q3,2,2026Q1,growth_qoq,abstain,False,,0.3979098815656279,no call,accelerating,,,False,False
2025-08-31,2025Q3,2,2026Q1,inflation_yoy,call,True,-0.31310081780215127,-0.03240701507541566,decelerating,decelerating,1.0,0.31310081780215127,False,False
2025-08-31,2025Q3,2,2026Q1,inflation_qoq,call,True,-0.008645742518331723,0.25753170019378047,decelerating,accelerating,0.0,0.008645742518331723,False,False
2025-08-31,2025Q3,3,2026Q2,growth_yoy,call,True,-0.4509363085323903,-0.5870717944099546,decelerating,decelerating,1.0,0.4509363085323903,False,False
2025-08-31,2025Q3,3,2026Q2,growth_qoq,abstain,False,,-0.14938578143057768,no call,decelerating,,,False,False
2025-08-31,2025Q3,3,2026Q2,inflation_yoy,call,True,0.20818409534154236,1.099409318262727,accelerating,accelerating,1.0,0.20818409534154236,False,False
2025-08-31,2025Q3,3,2026Q2,inflation_qoq,call,True,0.010079830727094397,0.6038621672189493,accelerating,accelerating,1.0,0.010079830727094397,False,False
2025-08-31,2025Q3,4,2026Q3,inflation_yoy,call,True,-0.06854980359383145,-0.474694229994562,decelerating,decelerating,1.0,0.06854980359383145,False,False
2025-08-31,2025Q3,4,2026Q3,inflation_qoq,call,True,-0.009304356849737516,-1.3381934285332964,decelerating,decelerating,1.0,0.009304356849737516,False,False
2025-09-30,2025Q3,0,2025Q3,growth_yoy,call,True,-0.015570008681198289,0.25470126338165144,decelerating,accelerating,0.0,0.015570008681198289,False,False
2025-09-30,2025Q3,0,2025Q3,growth_qoq,split,True,-0.15816444631352244,0.13034649595387027,decelerating,accelerating,0.0,0.15816444631352244,False,False
2025-09-30,2025Q3,0,2025Q3,inflation_yoy,call,True,0.43856330676806543,0.4402247254586453,accelerating,accelerating,1.0,0.43856330676806543,False,False
2025-09-30,2025Q3,0,2025Q3,inflation_qoq,call,True,0.35165553626448354,0.35328560169962664,accelerating,accelerating,1.0,0.35165553626448354,False,False
2025-09-30,2025Q3,1,2025Q4,growth_yoy,call,True,0.36262521567391737,-0.34586811134476037,accelerating,decelerating,0.0,0.36262521567391737,False,False
2025-09-30,2025Q3,1,2025Q4,growth_qoq,lean,True,0.4403703666794878,-0.9560016017673645,accelerating,decelerating,0.0,0.4403703666794878,False,False
2025-09-30,2025Q3,1,2025Q4,inflation_yoy,call,True,-0.07356551931844546,-0.1651323464324661,decelerating,decelerating,1.0,0.07356551931844546,False,False
2025-09-30,2025Q3,1,2025Q4,inflation_qoq,call,True,-0.04909965774932967,-0.14038936550824221,decelerating,decelerating,1.0,0.04909965774932967,False,False
2025-09-30,2025Q3,2,2026Q1,growth_yoy,call,True,0.6426788557408303,0.695443680627883,accelerating,accelerating,1.0,0.6426788557408303,False,False
2025-09-30,2025Q3,2,2026Q1,growth_qoq,abstain,False,,0.3979098815656279,no call,accelerating,,,False,False
2025-09-30,2025Q3,2,2026Q1,inflation_yoy,call,True,-0.3020017948045215,-0.03240701507541566,decelerating,decelerating,1.0,0.3020017948045215,False,False
2025-09-30,2025Q3,2,2026Q1,inflation_qoq,call,True,-0.09689750378445439,0.25753170019378047,decelerating,accelerating,0.0,0.09689750378445439,False,False
2025-09-30,2025Q3,3,2026Q2,growth_yoy,call,True,-0.4502399429546333,-0.5870717944099546,decelerating,decelerating,1.0,0.4502399429546333,False,False
2025-09-30,2025Q3,3,2026Q2,growth_qoq,abstain,False,,-0.14938578143057768,no call,decelerating,,,False,False
2025-09-30,2025Q3,3,2026Q2,inflation_yoy,call,True,0.22106540355834436,1.099409318262727,accelerating,accelerating,1.0,0.22106540355834436,False,False
2025-09-30,2025Q3,3,2026Q2,inflation_qoq,call,True,0.01082529712070901,0.6038621672189493,accelerating,accelerating,1.0,0.01082529712070901,False,False
2025-09-30,2025Q3,4,2026Q3,inflation_yoy,call,True,-0.14784019924558622,-0.474694229994562,decelerating,decelerating,1.0,0.14784019924558622,False,False
2025-09-30,2025Q3,4,2026Q3,inflation_qoq,call,True,-0.010087595154595341,-1.3381934285332964,decelerating,decelerating,1.0,0.010087595154595341,False,False
2025-10-31,2025Q4,0,2025Q4,growth_yoy,call,True,0.16287350640844522,-0.34586811134476037,accelerating,decelerating,0.0,0.16287350640844522,False,False
2025-10-31,2025Q4,0,2025Q4,growth_qoq,call,True,-0.09934552543333797,-0.9560016017673645,decelerating,decelerating,1.0,0.09934552543333797,False,False
2025-10-31,2025Q4,0,2025Q4,inflation_yoy,call,True,-0.11054399988740649,-0.1651323464324661,decelerating,decelerating,1.0,0.11054399988740649,False,False
2025-10-31,2025Q4,0,2025Q4,inflation_qoq,call,True,-0.0869541314251876,-0.14038936550824221,decelerating,decelerating,1.0,0.0869541314251876,False,False
2025-10-31,2025Q4,1,2026Q1,growth_yoy,call,True,0.7152616970818482,0.695443680627883,accelerating,accelerating,1.0,0.7152616970818482,False,False
2025-10-31,2025Q4,1,2026Q1,growth_qoq,lean,True,0.004250985080622716,0.3979098815656279,accelerating,accelerating,1.0,0.004250985080622716,False,False
2025-10-31,2025Q4,1,2026Q1,inflation_yoy,call,True,-0.3088558231688632,-0.03240701507541566,decelerating,decelerating,1.0,0.3088558231688632,False,False
2025-10-31,2025Q4,1,2026Q1,inflation_qoq,call,True,-0.06750123656638074,0.25753170019378047,decelerating,accelerating,0.0,0.06750123656638074,False,False
2025-10-31,2025Q4,2,2026Q2,growth_yoy,call,True,-0.38843853620875723,-0.5870717944099546,decelerating,decelerating,1.0,0.38843853620875723,False,False
2025-10-31,2025Q4,2,2026Q2,growth_qoq,abstain,False,,-0.14938578143057768,no call,decelerating,,,False,False
2025-10-31,2025Q4,2,2026Q2,inflation_yoy,call,True,0.21309880747993537,1.099409318262727,accelerating,accelerating,1.0,0.21309880747993537,False,False
2025-10-31,2025Q4,2,2026Q2,inflation_qoq,call,True,0.009935825131379694,0.6038621672189493,accelerating,accelerating,1.0,0.009935825131379694,False,False
2025-10-31,2025Q4,3,2026Q3,inflation_yoy,call,True,-0.15827095098420374,-0.474694229994562,decelerating,decelerating,1.0,0.15827095098420374,False,False
2025-10-31,2025Q4,3,2026Q3,inflation_qoq,call,True,-0.011057885899390385,-1.3381934285332964,decelerating,decelerating,1.0,0.011057885899390385,False,False
2025-11-30,2025Q4,0,2025Q4,growth_yoy,call,True,0.09990591012372096,-0.34586811134476037,accelerating,decelerating,0.0,0.09990591012372096,False,False
2025-11-30,2025Q4,0,2025Q4,growth_qoq,call,True,-0.09934552543333797,-0.9560016017673645,decelerating,decelerating,1.0,0.09934552543333797,False,False
2025-11-30,2025Q4,0,2025Q4,inflation_yoy,call,True,-0.09155796837467856,-0.1651323464324661,decelerating,decelerating,1.0,0.09155796837467856,False,False
2025-11-30,2025Q4,0,2025Q4,inflation_qoq,call,True,-0.06827507807187772,-0.14038936550824221,decelerating,decelerating,1.0,0.06827507807187772,False,False
2025-11-30,2025Q4,1,2026Q1,growth_yoy,call,True,0.7148221564551971,0.695443680627883,accelerating,accelerating,1.0,0.7148221564551971,False,False
2025-11-30,2025Q4,1,2026Q1,growth_qoq,lean,True,0.004250985080622716,0.3979098815656279,accelerating,accelerating,1.0,0.004250985080622716,False,False
2025-11-30,2025Q4,1,2026Q1,inflation_yoy,call,True,-0.2837209135030383,-0.03240701507541566,decelerating,decelerating,1.0,0.2837209135030383,False,False
2025-11-30,2025Q4,1,2026Q1,inflation_qoq,call,True,-0.06153788428406859,0.25753170019378047,decelerating,accelerating,0.0,0.06153788428406859,False,False
2025-11-30,2025Q4,2,2026Q2,growth_yoy,call,True,-0.3881998340409698,-0.5870717944099546,decelerating,decelerating,1.0,0.3881998340409698,False,False
2025-11-30,2025Q4,2,2026Q2,growth_qoq,abstain,False,,-0.14938578143057768,no call,decelerating,,,False,False
2025-11-30,2025Q4,2,2026Q2,inflation_yoy,call,True,0.20874058888650637,1.099409318262727,accelerating,accelerating,1.0,0.20874058888650637,False,False
2025-11-30,2025Q4,2,2026Q2,inflation_qoq,call,True,-0.019065515340210837,0.6038621672189493,decelerating,accelerating,0.0,0.019065515340210837,False,False
2025-11-30,2025Q4,3,2026Q3,inflation_yoy,call,True,-0.16367467144965042,-0.474694229994562,decelerating,decelerating,1.0,0.16367467144965042,False,False
2025-11-30,2025Q4,3,2026Q3,inflation_qoq,call,True,-0.011941002596826955,-1.3381934285332964,decelerating,decelerating,1.0,0.011941002596826955,False,False
2025-12-31,2025Q4,0,2025Q4,growth_yoy,call,True,0.174613245031896,-0.34586811134476037,accelerating,decelerating,0.0,0.174613245031896,False,False
2025-12-31,2025Q4,0,2025Q4,growth_qoq,call,True,-0.09934552543333797,-0.9560016017673645,decelerating,decelerating,1.0,0.09934552543333797,False,False
2025-12-31,2025Q4,0,2025Q4,inflation_yoy,call,True,-0.2128638596254162,-0.1651323464324661,decelerating,decelerating,1.0,0.2128638596254162,False,False
2025-12-31,2025Q4,0,2025Q4,inflation_qoq,call,True,-0.18728935937071256,-0.14038936550824221,decelerating,decelerating,1.0,0.18728935937071256,False,False
2025-12-31,2025Q4,1,2026Q1,growth_yoy,call,True,0.7153436454549356,0.695443680627883,accelerating,accelerating,1.0,0.7153436454549356,False,False
2025-12-31,2025Q4,1,2026Q1,growth_qoq,lean,True,0.004250985080622716,0.3979098815656279,accelerating,accelerating,1.0,0.004250985080622716,False,False
2025-12-31,2025Q4,1,2026Q1,inflation_yoy,call,True,-0.3722654584251912,-0.03240701507541566,decelerating,decelerating,1.0,0.3722654584251912,False,False
2025-12-31,2025Q4,1,2026Q1,inflation_qoq,call,True,-0.02966533995611975,0.25753170019378047,decelerating,accelerating,0.0,0.02966533995611975,False,False
2025-12-31,2025Q4,2,2026Q2,growth_yoy,call,True,-0.38848304006828815,-0.5870717944099546,decelerating,decelerating,1.0,0.38848304006828815,False,False
2025-12-31,2025Q4,2,2026Q2,growth_qoq,abstain,False,,-0.14938578143057768,no call,decelerating,,,False,False
2025-12-31,2025Q4,2,2026Q2,inflation_yoy,call,True,0.19857332399983996,1.099409318262727,accelerating,accelerating,1.0,0.19857332399983996,False,False
2025-12-31,2025Q4,2,2026Q2,inflation_qoq,call,True,0.058517178361694455,0.6038621672189493,accelerating,accelerating,1.0,0.058517178361694455,False,False
2025-12-31,2025Q4,3,2026Q3,inflation_yoy,call,True,-0.1713749005982792,-0.474694229994562,decelerating,decelerating,1.0,0.1713749005982792,False,False
2025-12-31,2025Q4,3,2026Q3,inflation_qoq,call,True,-0.010296912168916705,-1.3381934285332964,decelerating,decelerating,1.0,0.010296912168916705,False,False
2026-01-31,2026Q1,0,2026Q1,growth_yoy,call,True,0.7825350460109126,0.695443680627883,accelerating,accelerating,1.0,0.7825350460109126,False,False
2026-01-31,2026Q1,0,2026Q1,growth_qoq,call,True,0.2327575082977641,0.3979098815656279,accelerating,accelerating,1.0,0.2327575082977641,False,False
2026-01-31,2026Q1,0,2026Q1,inflation_yoy,call,True,-0.38558065889844295,-0.03240701507541566,decelerating,decelerating,1.0,0.38558065889844295,False,False
2026-01-31,2026Q1,0,2026Q1,inflation_qoq,call,True,-0.08962235011238384,0.25753170019378047,decelerating,accelerating,0.0,0.08962235011238384,False,False
2026-01-31,2026Q1,1,2026Q2,growth_yoy,call,True,-0.3092470377146217,-0.5870717944099546,decelerating,decelerating,1.0,0.3092470377146217,False,False
2026-01-31,2026Q1,1,2026Q2,growth_qoq,lean,True,-0.3998071913525192,-0.14938578143057768,decelerating,decelerating,1.0,0.3998071913525192,False,False
2026-01-31,2026Q1,1,2026Q2,inflation_yoy,call,True,0.2061116239594707,1.099409318262727,accelerating,accelerating,1.0,0.2061116239594707,False,False
2026-01-31,2026Q1,1,2026Q2,inflation_qoq,call,True,0.07890505739418519,0.6038621672189493,accelerating,accelerating,1.0,0.07890505739418519,False,False
2026-01-31,2026Q1,2,2026Q3,inflation_yoy,call,True,-0.1627953180551276,-0.474694229994562,decelerating,decelerating,1.0,0.1627953180551276,False,False
2026-01-31,2026Q1,2,2026Q3,inflation_qoq,call,True,-0.009125865893655494,-1.3381934285332964,decelerating,decelerating,1.0,0.009125865893655494,False,False
2026-02-28,2026Q1,0,2026Q1,growth_yoy,call,True,0.6044068139116954,0.695443680627883,accelerating,accelerating,1.0,0.6044068139116954,False,False
2026-02-28,2026Q1,0,2026Q1,growth_qoq,call,True,0.2327575082977641,0.3979098815656279,accelerating,accelerating,1.0,0.2327575082977641,False,False
2026-02-28,2026Q1,0,2026Q1,inflation_yoy,call,True,-0.27770880643565743,-0.03240701507541566,decelerating,decelerating,1.0,0.27770880643565743,False,False
2026-02-28,2026Q1,0,2026Q1,inflation_qoq,call,True,0.016354103596571967,0.25753170019378047,accelerating,accelerating,1.0,0.016354103596571967,False,False
2026-02-28,2026Q1,1,2026Q2,growth_yoy,call,True,-0.3087123786847945,-0.5870717944099546,decelerating,decelerating,1.0,0.3087123786847945,False,False
2026-02-28,2026Q1,1,2026Q2,growth_qoq,lean,True,-0.3998071913525192,-0.14938578143057768,decelerating,decelerating,1.0,0.3998071913525192,False,False
2026-02-28,2026Q1,1,2026Q2,inflation_yoy,call,True,0.21373228764105523,1.099409318262727,accelerating,accelerating,1.0,0.21373228764105523,False,False
2026-02-28,2026Q1,1,2026Q2,inflation_qoq,call,True,-0.019837731849969842,0.6038621672189493,decelerating,accelerating,0.0,0.019837731849969842,False,False
2026-02-28,2026Q1,2,2026Q3,inflation_yoy,call,True,-0.16786034298196606,-0.474694229994562,decelerating,decelerating,1.0,0.16786034298196606,False,False
2026-02-28,2026Q1,2,2026Q3,inflation_qoq,call,True,-0.021150816207549106,-1.3381934285332964,decelerating,decelerating,1.0,0.021150816207549106,False,False
2026-03-31,2026Q1,0,2026Q1,growth_yoy,call,True,0.9007093849560555,0.695443680627883,accelerating,accelerating,1.0,0.9007093849560555,False,False
2026-03-31,2026Q1,0,2026Q1,growth_qoq,call,True,0.2327575082977641,0.3979098815656279,accelerating,accelerating,1.0,0.2327575082977641,False,False
2026-03-31,2026Q1,0,2026Q1,inflation_yoy,call,True,-0.027499356118099172,-0.03240701507541566,decelerating,decelerating,1.0,0.027499356118099172,False,False
2026-03-31,2026Q1,0,2026Q1,inflation_qoq,call,True,0.2623569095737688,0.25753170019378047,accelerating,accelerating,1.0,0.2623569095737688,False,False
2026-03-31,2026Q1,1,2026Q2,growth_yoy,call,True,-0.30960174273058083,-0.5870717944099546,decelerating,decelerating,1.0,0.30960174273058083,False,False
2026-03-31,2026Q1,1,2026Q2,growth_qoq,lean,True,-0.3998071913525192,-0.14938578143057768,decelerating,decelerating,1.0,0.3998071913525192,False,False
2026-03-31,2026Q1,1,2026Q2,inflation_yoy,call,True,0.6918038547155376,1.099409318262727,accelerating,accelerating,1.0,0.6918038547155376,False,False
2026-03-31,2026Q1,1,2026Q2,inflation_qoq,call,True,0.2007895657355263,0.6038621672189493,accelerating,accelerating,1.0,0.2007895657355263,False,False
2026-03-31,2026Q1,2,2026Q3,inflation_yoy,call,True,-0.16254412553677122,-0.474694229994562,decelerating,decelerating,1.0,0.16254412553677122,False,False
2026-03-31,2026Q1,2,2026Q3,inflation_qoq,call,True,-0.4814392088048347,-1.3381934285332964,decelerating,decelerating,1.0,0.4814392088048347,False,False
2026-04-30,2026Q2,0,2026Q2,growth_yoy,call,True,-0.0385747768361977,-0.5870717944099546,decelerating,decelerating,1.0,0.0385747768361977,False,False
2026-04-30,2026Q2,0,2026Q2,growth_qoq,split,True,0.22177829988161213,-0.14938578143057768,accelerating,decelerating,0.0,0.22177829988161213,False,False
2026-04-30,2026Q2,0,2026Q2,inflation_yoy,call,True,0.9779100839378532,1.099409318262727,accelerating,accelerating,1.0,0.9779100839378532,False,False
2026-04-30,2026Q2,0,2026Q2,inflation_qoq,call,True,0.4853594566489372,0.6038621672189493,accelerating,accelerating,1.0,0.4853594566489372,False,False
2026-04-30,2026Q2,1,2026Q3,inflation_yoy,call,True,-0.1853602715984337,-0.474694229994562,decelerating,decelerating,1.0,0.1853602715984337,False,False
2026-04-30,2026Q2,1,2026Q3,inflation_qoq,call,True,-0.7829348823023219,-1.3381934285332964,decelerating,decelerating,1.0,0.7829348823023219,False,False
2026-05-31,2026Q2,0,2026Q2,growth_yoy,call,True,0.09265407764778022,-0.5870717944099546,accelerating,decelerating,0.0,0.09265407764778022,False,False
2026-05-31,2026Q2,0,2026Q2,growth_qoq,split,True,0.22177829988161213,-0.14938578143057768,accelerating,decelerating,0.0,0.22177829988161213,False,False
2026-05-31,2026Q2,0,2026Q2,inflation_yoy,call,True,1.2750775012494073,1.099409318262727,accelerating,accelerating,1.0,1.2750775012494073,False,False
2026-05-31,2026Q2,0,2026Q2,inflation_qoq,call,True,0.7760051652912159,0.6038621672189493,accelerating,accelerating,1.0,0.7760051652912159,False,False
2026-05-31,2026Q2,1,2026Q3,inflation_yoy,call,True,-0.09248125451617462,-0.474694229994562,decelerating,decelerating,1.0,0.09248125451617462,False,False
2026-05-31,2026Q2,1,2026Q3,inflation_qoq,call,True,-0.9831584858001063,-1.3381934285332964,decelerating,decelerating,1.0,0.9831584858001063,False,False
2026-06-30,2026Q2,0,2026Q2,growth_yoy,call,True,-0.04107353079920717,-0.5870717944099546,decelerating,decelerating,1.0,0.04107353079920717,False,False
2026-06-30,2026Q2,0,2026Q2,growth_qoq,split,True,0.22177829988161213,-0.14938578143057768,accelerating,decelerating,0.0,0.22177829988161213,False,False
2026-06-30,2026Q2,0,2026Q2,inflation_yoy,call,True,1.211976688624087,1.099409318262727,accelerating,accelerating,1.0,1.211976688624087,False,False
2026-06-30,2026Q2,0,2026Q2,inflation_qoq,call,True,0.7141382586103528,0.6038621672189493,accelerating,accelerating,1.0,0.7141382586103528,False,False
2026-06-30,2026Q2,1,2026Q3,inflation_yoy,call,True,-0.2876874587972509,-0.474694229994562,decelerating,decelerating,1.0,0.2876874587972509,False,False
2026-06-30,2026Q2,1,2026Q3,inflation_qoq,call,True,-1.1104657191750356,-1.3381934285332964,decelerating,decelerating,1.0,1.1104657191750356,False,False
2026-07-31,2026Q3,0,2026Q3,inflation_yoy,call,True,-0.610045648163323,-0.474694229994562,decelerating,decelerating,1.0,0.610045648163323,False,False
2026-07-31,2026Q3,0,2026Q3,inflation_qoq,call,True,-1.313191215108711,-1.3381934285332964,decelerating,decelerating,1.0,1.313191215108711,False,False
2026-08-31,2026Q3,0,2026Q3,inflation_yoy,call,True,-0.528692779111954,-0.474694229994562,decelerating,decelerating,1.0,0.528692779111954,False,False
2026-08-31,2026Q3,0,2026Q3,inflation_qoq,call,True,-1.2340441219026888,-1.3381934285332964,decelerating,decelerating,1.0,1.2340441219026888,False,False
