asof,asof_day,last_complete,target,horizon,status,n_actual,pred_d_yoy,pred_dir,conviction_pp,bucket,real_d_own,real_d_bbk,real_d_gdp_q,hit_own,hit_bbk,hit_gdp_q,covid
2010-01-20,20,2009-11,2009-12,1,nowcast,3,1.0280597581460493,up,1.0280597581460493,strong (>0.30pp),1.3793329195760817,0.8308556609709861,3.238388224169342,1.0,1.0,1.0,False
2010-01-20,20,2009-11,2010-01,2,forecast,0,0.31907278881201373,up,0.31907278881201373,strong (>0.30pp),0.27566588251835,0.4813663355126119,1.639693321427349,1.0,1.0,1.0,False
2010-01-20,20,2009-11,2010-02,3,forecast,0,0.7233836869472876,up,0.7233836869472876,strong (>0.30pp),0.8202478233706789,0.010905519658832574,1.639693321427349,1.0,1.0,1.0,False
2010-01-31,31,2009-12,2010-01,1,forecast,0,0.3901683085862362,up,0.3901683085862362,strong (>0.30pp),0.27566588251835,0.4813663355126119,1.639693321427349,1.0,1.0,1.0,False
2010-01-31,31,2009-12,2010-02,2,forecast,0,0.7969889310348588,up,0.7969889310348588,strong (>0.30pp),0.8202478233706789,0.010905519658832574,1.639693321427349,1.0,1.0,1.0,False
2010-01-31,31,2009-12,2010-03,3,forecast,0,1.0093249012578909,up,1.0093249012578909,strong (>0.30pp),1.5161473538932713,0.538886599645716,1.639693321427349,1.0,1.0,1.0,False
2010-02-20,20,2009-12,2010-01,1,nowcast,3,0.4733244675320436,up,0.4733244675320436,strong (>0.30pp),0.27566588251835,0.4813663355126119,1.639693321427349,1.0,1.0,1.0,False
2010-02-20,20,2009-12,2010-02,2,forecast,0,0.7939322366622203,up,0.7939322366622203,strong (>0.30pp),0.8202478233706789,0.010905519658832574,1.639693321427349,1.0,1.0,1.0,False
2010-02-20,20,2009-12,2010-03,3,forecast,0,1.006370893419839,up,1.006370893419839,strong (>0.30pp),1.5161473538932713,0.538886599645716,1.639693321427349,1.0,1.0,1.0,False
2010-02-28,28,2009-12,2010-01,1,nowcast,3,0.4733244675320436,up,0.4733244675320436,strong (>0.30pp),0.27566588251835,0.4813663355126119,1.639693321427349,1.0,1.0,1.0,False
2010-02-28,28,2009-12,2010-02,2,forecast,0,0.7939322366622203,up,0.7939322366622203,strong (>0.30pp),0.8202478233706789,0.010905519658832574,1.639693321427349,1.0,1.0,1.0,False
2010-02-28,28,2009-12,2010-03,3,forecast,0,1.006370893419839,up,1.006370893419839,strong (>0.30pp),1.5161473538932713,0.538886599645716,1.639693321427349,1.0,1.0,1.0,False
2010-03-20,20,2010-01,2010-02,1,nowcast,3,0.6543410490791435,up,0.6543410490791435,strong (>0.30pp),0.8202478233706789,0.010905519658832574,1.639693321427349,1.0,1.0,1.0,False
2010-03-20,20,2010-01,2010-03,2,forecast,0,0.9126258963497058,up,0.9126258963497058,strong (>0.30pp),1.5161473538932713,0.538886599645716,1.639693321427349,1.0,1.0,1.0,False
2010-03-20,20,2010-01,2010-04,3,forecast,0,0.3216252990767332,up,0.3216252990767332,strong (>0.30pp),0.6370367325450932,0.43680549889455467,1.1683291842076837,1.0,1.0,1.0,False
2010-03-31,31,2010-02,2010-03,1,forecast,0,0.8685897965658551,up,0.8685897965658551,strong (>0.30pp),1.5161473538932713,0.538886599645716,1.639693321427349,1.0,1.0,1.0,False
2010-03-31,31,2010-02,2010-04,2,forecast,0,0.2763391997681497,up,0.2763391997681497,call (0.15-0.30pp),0.6370367325450932,0.43680549889455467,1.1683291842076837,1.0,1.0,1.0,False
2010-03-31,31,2010-02,2010-05,3,forecast,0,0.11913859977370489,up,0.11913859977370489,lean (0.05-0.15pp),0.5035571050841181,0.39642603053253733,1.1683291842076837,1.0,1.0,1.0,False
2010-04-20,20,2010-02,2010-03,1,nowcast,3,1.1963593537069883,up,1.1963593537069883,strong (>0.30pp),1.5161473538932713,0.538886599645716,1.639693321427349,1.0,1.0,1.0,False
2010-04-20,20,2010-02,2010-04,2,forecast,0,0.36496571517325993,up,0.36496571517325993,strong (>0.30pp),0.6370367325450932,0.43680549889455467,1.1683291842076837,1.0,1.0,1.0,False
2010-04-20,20,2010-02,2010-05,3,forecast,0,0.20753733385419082,up,0.20753733385419082,call (0.15-0.30pp),0.5035571050841181,0.39642603053253733,1.1683291842076837,1.0,1.0,1.0,False
2010-04-30,30,2010-03,2010-04,1,forecast,0,0.5052813839686365,up,0.5052813839686365,strong (>0.30pp),0.6370367325450932,0.43680549889455467,1.1683291842076837,1.0,1.0,1.0,False
2010-04-30,30,2010-03,2010-05,2,forecast,0,0.348114273091249,up,0.348114273091249,strong (>0.30pp),0.5035571050841181,0.39642603053253733,1.1683291842076837,1.0,1.0,1.0,False
2010-04-30,30,2010-03,2010-06,3,forecast,0,0.38966111969194195,up,0.38966111969194195,strong (>0.30pp),0.24211369482189937,0.25781091001393364,1.1683291842076837,1.0,1.0,1.0,False
2010-05-20,20,2010-03,2010-04,1,nowcast,3,0.5381466995781237,up,0.5381466995781237,strong (>0.30pp),0.6370367325450932,0.43680549889455467,1.1683291842076837,1.0,1.0,1.0,False
2010-05-20,20,2010-03,2010-05,2,forecast,0,0.3663061910173404,up,0.3663061910173404,strong (>0.30pp),0.5035571050841181,0.39642603053253733,1.1683291842076837,1.0,1.0,1.0,False
2010-05-20,20,2010-03,2010-06,3,forecast,0,0.40800698375291766,up,0.40800698375291766,strong (>0.30pp),0.24211369482189937,0.25781091001393364,1.1683291842076837,1.0,1.0,1.0,False
2010-05-31,31,2010-04,2010-05,1,forecast,0,0.39385498212403114,up,0.39385498212403114,strong (>0.30pp),0.5035571050841181,0.39642603053253733,1.1683291842076837,1.0,1.0,1.0,False
2010-05-31,31,2010-04,2010-06,2,forecast,0,0.43581960809262466,up,0.43581960809262466,strong (>0.30pp),0.24211369482189937,0.25781091001393364,1.1683291842076837,1.0,1.0,1.0,False
2010-05-31,31,2010-04,2010-07,3,forecast,0,-0.03913304360210201,down,0.03913304360210201,toss-up (<0.05pp),-0.08791616453920348,0.12266258284510112,0.4306142246612188,1.0,0.0,0.0,False
2010-06-20,20,2010-04,2010-05,1,nowcast,3,0.41788790509671436,up,0.41788790509671436,strong (>0.30pp),0.5035571050841181,0.39642603053253733,1.1683291842076837,1.0,1.0,1.0,False
2010-06-20,20,2010-04,2010-06,2,forecast,0,0.4440903004062857,up,0.4440903004062857,strong (>0.30pp),0.24211369482189937,0.25781091001393364,1.1683291842076837,1.0,1.0,1.0,False
2010-06-20,20,2010-04,2010-07,3,forecast,0,-0.030979008584841594,down,0.030979008584841594,toss-up (<0.05pp),-0.08791616453920348,0.12266258284510112,0.4306142246612188,1.0,0.0,0.0,False
2010-06-30,30,2010-05,2010-06,1,forecast,0,0.49455782260372505,up,0.49455782260372505,strong (>0.30pp),0.24211369482189937,0.25781091001393364,1.1683291842076837,1.0,1.0,1.0,False
2010-06-30,30,2010-05,2010-07,2,forecast,0,0.019086666000656116,up,0.019086666000656116,toss-up (<0.05pp),-0.08791616453920348,0.12266258284510112,0.4306142246612188,0.0,1.0,1.0,False
2010-06-30,30,2010-05,2010-08,3,forecast,0,-0.39973049561903284,down,0.39973049561903284,strong (>0.30pp),-0.5376058276713058,0.05253093521973007,0.4306142246612188,1.0,0.0,0.0,False
2010-07-20,20,2010-05,2010-06,1,nowcast,3,0.2970902971249467,up,0.2970902971249467,call (0.15-0.30pp),0.24211369482189937,0.25781091001393364,1.1683291842076837,1.0,1.0,1.0,False
2010-07-20,20,2010-05,2010-07,2,forecast,0,0.0026135493692791556,up,0.0026135493692791556,toss-up (<0.05pp),-0.08791616453920348,0.12266258284510112,0.4306142246612188,0.0,1.0,1.0,False
2010-07-20,20,2010-05,2010-08,3,forecast,0,-0.4152735604578961,down,0.4152735604578961,strong (>0.30pp),-0.5376058276713058,0.05253093521973007,0.4306142246612188,1.0,0.0,0.0,False
2010-07-31,31,2010-06,2010-07,1,forecast,0,-0.03434515374622915,down,0.03434515374622915,toss-up (<0.05pp),-0.08791616453920348,0.12266258284510112,0.4306142246612188,1.0,0.0,0.0,False
2010-07-31,31,2010-06,2010-08,2,forecast,0,-0.4516987327747968,down,0.4516987327747968,strong (>0.30pp),-0.5376058276713058,0.05253093521973007,0.4306142246612188,1.0,0.0,0.0,False
2010-07-31,31,2010-06,2010-09,3,forecast,0,0.9975064302230718,up,0.9975064302230718,strong (>0.30pp),0.8711222135873165,-0.11670443438933642,0.4306142246612188,1.0,0.0,1.0,False
2010-08-20,20,2010-06,2010-07,1,nowcast,3,-0.10254512587064557,down,0.10254512587064557,lean (0.05-0.15pp),-0.08791616453920348,0.12266258284510112,0.4306142246612188,1.0,0.0,0.0,False
2010-08-20,20,2010-06,2010-08,2,forecast,0,-0.46915200225221554,down,0.46915200225221554,strong (>0.30pp),-0.5376058276713058,0.05253093521973007,0.4306142246612188,1.0,0.0,0.0,False
2010-08-20,20,2010-06,2010-09,3,forecast,0,0.9787519946976131,up,0.9787519946976131,strong (>0.30pp),0.8711222135873165,-0.11670443438933642,0.4306142246612188,1.0,0.0,1.0,False
2010-08-31,31,2010-07,2010-08,1,forecast,0,-0.41793790091120275,down,0.41793790091120275,strong (>0.30pp),-0.5376058276713058,0.05253093521973007,0.4306142246612188,1.0,0.0,0.0,False
2010-08-31,31,2010-07,2010-09,2,forecast,0,1.0311768652284004,up,1.0311768652284004,strong (>0.30pp),0.8711222135873165,-0.11670443438933642,0.4306142246612188,1.0,0.0,1.0,False
2010-08-31,31,2010-07,2010-10,3,forecast,0,0.2252385446263272,up,0.2252385446263272,call (0.15-0.30pp),0.08202847992313522,-0.2108812307405561,-0.5682483444667596,1.0,0.0,0.0,False
2010-09-20,20,2010-07,2010-08,1,nowcast,3,-0.4744243868177511,down,0.4744243868177511,strong (>0.30pp),-0.5376058276713058,0.05253093521973007,0.4306142246612188,1.0,0.0,0.0,False
2010-09-20,20,2010-07,2010-09,2,forecast,0,1.0430139368860614,up,1.0430139368860614,strong (>0.30pp),0.8711222135873165,-0.11670443438933642,0.4306142246612188,1.0,0.0,1.0,False
2010-09-20,20,2010-07,2010-10,3,forecast,0,0.23757483311808159,up,0.23757483311808159,call (0.15-0.30pp),0.08202847992313522,-0.2108812307405561,-0.5682483444667596,1.0,0.0,0.0,False
2010-09-30,30,2010-08,2010-09,1,forecast,0,1.0342497434941977,up,1.0342497434941977,strong (>0.30pp),0.8711222135873165,-0.11670443438933642,0.4306142246612188,1.0,0.0,1.0,False
2010-09-30,30,2010-08,2010-10,2,forecast,0,0.22927037858166965,up,0.22927037858166965,call (0.15-0.30pp),0.08202847992313522,-0.2108812307405561,-0.5682483444667596,1.0,0.0,0.0,False
2010-09-30,30,2010-08,2010-11,3,forecast,0,0.2837057602129933,up,0.2837057602129933,call (0.15-0.30pp),0.13841217739936074,-0.29717963141508985,-0.5682483444667596,1.0,0.0,0.0,False
2010-10-20,20,2010-08,2010-09,1,nowcast,3,1.0178485527882808,up,1.0178485527882808,strong (>0.30pp),0.8711222135873165,-0.11670443438933642,0.4306142246612188,1.0,0.0,1.0,False
2010-10-20,20,2010-08,2010-10,2,forecast,0,0.18617964173759383,up,0.18617964173759383,call (0.15-0.30pp),0.08202847992313522,-0.2108812307405561,-0.5682483444667596,1.0,0.0,0.0,False
2010-10-20,20,2010-08,2010-11,3,forecast,0,0.24038879579064698,up,0.24038879579064698,call (0.15-0.30pp),0.13841217739936074,-0.29717963141508985,-0.5682483444667596,1.0,0.0,0.0,False
2010-10-31,31,2010-09,2010-10,1,forecast,0,0.14463634720596197,up,0.14463634720596197,lean (0.05-0.15pp),0.08202847992313522,-0.2108812307405561,-0.5682483444667596,1.0,0.0,0.0,False
2010-10-31,31,2010-09,2010-11,2,forecast,0,0.1985936894413287,up,0.1985936894413287,call (0.15-0.30pp),0.13841217739936074,-0.29717963141508985,-0.5682483444667596,1.0,0.0,0.0,False
2010-10-31,31,2010-09,2010-12,3,forecast,0,-0.16837356669039405,down,0.16837356669039405,call (0.15-0.30pp),-0.08312410783857249,-0.24414680369435615,-0.5682483444667596,1.0,1.0,1.0,False
2010-11-20,20,2010-09,2010-10,1,nowcast,3,0.08973306206869758,up,0.08973306206869758,lean (0.05-0.15pp),0.08202847992313522,-0.2108812307405561,-0.5682483444667596,1.0,0.0,0.0,False
2010-11-20,20,2010-09,2010-11,2,forecast,0,0.177338145397532,up,0.177338145397532,call (0.15-0.30pp),0.13841217739936074,-0.29717963141508985,-0.5682483444667596,1.0,0.0,0.0,False
2010-11-20,20,2010-09,2010-12,3,forecast,0,-0.18936139492782278,down,0.18936139492782278,call (0.15-0.30pp),-0.08312410783857249,-0.24414680369435615,-0.5682483444667596,1.0,1.0,1.0,False
2010-11-30,30,2010-10,2010-11,1,forecast,0,0.16649247838136372,up,0.16649247838136372,call (0.15-0.30pp),0.13841217739936074,-0.29717963141508985,-0.5682483444667596,1.0,0.0,0.0,False
2010-11-30,30,2010-10,2010-12,2,forecast,0,-0.2001390135443204,down,0.2001390135443204,call (0.15-0.30pp),-0.08312410783857249,-0.24414680369435615,-0.5682483444667596,1.0,1.0,1.0,False
2010-11-30,30,2010-10,2011-01,3,forecast,0,0.1786573404649383,up,0.1786573404649383,call (0.15-0.30pp),0.12664606801027212,-0.3797931433470181,-0.7381637096991245,1.0,0.0,0.0,False
2010-12-20,20,2010-10,2010-11,1,nowcast,3,0.13347719709053685,up,0.13347719709053685,lean (0.05-0.15pp),0.13841217739936074,-0.29717963141508985,-0.5682483444667596,1.0,0.0,0.0,False
2010-12-20,20,2010-10,2010-12,2,forecast,0,-0.2225615648375534,down,0.2225615648375534,call (0.15-0.30pp),-0.08312410783857249,-0.24414680369435615,-0.5682483444667596,1.0,1.0,1.0,False
2010-12-20,20,2010-10,2011-01,3,forecast,0,0.15604123262960012,up,0.15604123262960012,call (0.15-0.30pp),0.12664606801027212,-0.3797931433470181,-0.7381637096991245,1.0,0.0,0.0,False
2010-12-31,31,2010-11,2010-12,1,forecast,0,-0.23533611424286782,down,0.23533611424286782,call (0.15-0.30pp),-0.08312410783857249,-0.24414680369435615,-0.5682483444667596,1.0,1.0,1.0,False
2010-12-31,31,2010-11,2011-01,2,forecast,0,0.14324775395055944,up,0.14324775395055944,lean (0.05-0.15pp),0.12664606801027212,-0.3797931433470181,-0.7381637096991245,1.0,0.0,0.0,False
2010-12-31,31,2010-11,2011-02,3,forecast,0,-0.0007722576489843647,down,0.0007722576489843647,toss-up (<0.05pp),-0.14741096644719232,-0.17001461633934234,-0.7381637096991245,1.0,1.0,1.0,False
2011-01-20,20,2010-11,2010-12,1,nowcast,3,-0.08789066249714761,down,0.08789066249714761,lean (0.05-0.15pp),-0.08312410783857249,-0.24414680369435615,-0.5682483444667596,1.0,1.0,1.0,False
2011-01-20,20,2010-11,2011-01,2,forecast,0,0.18298815507111765,up,0.18298815507111765,call (0.15-0.30pp),0.12664606801027212,-0.3797931433470181,-0.7381637096991245,1.0,0.0,0.0,False
2011-01-20,20,2010-11,2011-02,3,forecast,0,0.03877710639261789,up,0.03877710639261789,toss-up (<0.05pp),-0.14741096644719232,-0.17001461633934234,-0.7381637096991245,0.0,0.0,0.0,False
2011-01-31,31,2010-12,2011-01,1,forecast,0,0.18326055162116717,up,0.18326055162116717,call (0.15-0.30pp),0.12664606801027212,-0.3797931433470181,-0.7381637096991245,1.0,0.0,0.0,False
2011-01-31,31,2010-12,2011-02,2,forecast,0,0.03904305739952374,up,0.03904305739952374,toss-up (<0.05pp),-0.14741096644719232,-0.17001461633934234,-0.7381637096991245,0.0,0.0,0.0,False
2011-01-31,31,2010-12,2011-03,3,forecast,0,-0.4538902531103117,down,0.4538902531103117,strong (>0.30pp),-0.3205610181325369,0.046035211072892324,-0.7381637096991245,1.0,0.0,1.0,False
2011-02-20,20,2010-12,2011-01,1,nowcast,3,0.04523679091867905,up,0.04523679091867905,toss-up (<0.05pp),0.12664606801027212,-0.3797931433470181,-0.7381637096991245,1.0,0.0,0.0,False
2011-02-20,20,2010-12,2011-02,2,forecast,0,0.018639785127838593,up,0.018639785127838593,toss-up (<0.05pp),-0.14741096644719232,-0.17001461633934234,-0.7381637096991245,0.0,0.0,0.0,False
2011-02-20,20,2010-12,2011-03,3,forecast,0,-0.4734549849721992,down,0.4734549849721992,strong (>0.30pp),-0.3205610181325369,0.046035211072892324,-0.7381637096991245,1.0,0.0,1.0,False
2011-02-28,28,2010-12,2011-01,1,nowcast,3,0.04523679091867905,up,0.04523679091867905,toss-up (<0.05pp),0.12664606801027212,-0.3797931433470181,-0.7381637096991245,1.0,0.0,0.0,False
2011-02-28,28,2010-12,2011-02,2,forecast,0,0.018639785127838593,up,0.018639785127838593,toss-up (<0.05pp),-0.14741096644719232,-0.17001461633934234,-0.7381637096991245,0.0,0.0,0.0,False
2011-02-28,28,2010-12,2011-03,3,forecast,0,-0.4734549849721992,down,0.4734549849721992,strong (>0.30pp),-0.3205610181325369,0.046035211072892324,-0.7381637096991245,1.0,0.0,1.0,False
2011-03-20,20,2011-01,2011-02,1,nowcast,3,-0.02452338614740146,down,0.02452338614740146,toss-up (<0.05pp),-0.14741096644719232,-0.17001461633934234,-0.7381637096991245,1.0,1.0,1.0,False
2011-03-20,20,2011-01,2011-03,2,forecast,0,-0.47415393768337477,down,0.47415393768337477,strong (>0.30pp),-0.3205610181325369,0.046035211072892324,-0.7381637096991245,1.0,0.0,1.0,False
2011-03-20,20,2011-01,2011-04,3,forecast,0,-0.17660179895317984,down,0.17660179895317984,call (0.15-0.30pp),-0.47863035524671194,-0.07612092381237279,-0.29408833506314735,1.0,1.0,1.0,False
2011-03-31,31,2011-02,2011-03,1,forecast,0,-0.4941857739115818,down,0.4941857739115818,strong (>0.30pp),-0.3205610181325369,0.046035211072892324,-0.7381637096991245,1.0,0.0,1.0,False
2011-03-31,31,2011-02,2011-04,2,forecast,0,-0.1969120145441705,down,0.1969120145441705,call (0.15-0.30pp),-0.47863035524671194,-0.07612092381237279,-0.29408833506314735,1.0,1.0,1.0,False
2011-03-31,31,2011-02,2011-05,3,forecast,0,-0.2190926417634964,down,0.2190926417634964,call (0.15-0.30pp),-0.5145373144005871,-0.14301897700739197,-0.29408833506314735,1.0,1.0,1.0,False
2011-04-20,20,2011-02,2011-03,1,nowcast,3,-0.3594751019643905,down,0.3594751019643905,strong (>0.30pp),-0.3205610181325369,0.046035211072892324,-0.7381637096991245,1.0,0.0,1.0,False
2011-04-20,20,2011-02,2011-04,2,forecast,0,-0.18455689376464246,down,0.18455689376464246,call (0.15-0.30pp),-0.47863035524671194,-0.07612092381237279,-0.29408833506314735,1.0,1.0,1.0,False
2011-04-20,20,2011-02,2011-05,3,forecast,0,-0.20681878471429105,down,0.20681878471429105,call (0.15-0.30pp),-0.5145373144005871,-0.14301897700739197,-0.29408833506314735,1.0,1.0,1.0,False
2011-04-30,30,2011-03,2011-04,1,forecast,0,-0.16668754148438936,down,0.16668754148438936,call (0.15-0.30pp),-0.47863035524671194,-0.07612092381237279,-0.29408833506314735,1.0,1.0,1.0,False
2011-04-30,30,2011-03,2011-05,2,forecast,0,-0.18902682425514516,down,0.18902682425514516,call (0.15-0.30pp),-0.5145373144005871,-0.14301897700739197,-0.29408833506314735,1.0,1.0,1.0,False
2011-04-30,30,2011-03,2011-06,3,forecast,0,0.11429165574492473,up,0.11429165574492473,lean (0.05-0.15pp),0.1798096974494845,-0.27155489620582784,-0.29408833506314735,1.0,0.0,0.0,False
2011-05-20,20,2011-03,2011-04,1,nowcast,3,-0.24822677949649652,down,0.24822677949649652,call (0.15-0.30pp),-0.47863035524671194,-0.07612092381237279,-0.29408833506314735,1.0,1.0,1.0,False
2011-05-20,20,2011-03,2011-05,2,forecast,0,-0.19665301016789094,down,0.19665301016789094,call (0.15-0.30pp),-0.5145373144005871,-0.14301897700739197,-0.29408833506314735,1.0,1.0,1.0,False
2011-05-20,20,2011-03,2011-06,3,forecast,0,0.10640855394994375,up,0.10640855394994375,lean (0.05-0.15pp),0.1798096974494845,-0.27155489620582784,-0.29408833506314735,1.0,0.0,0.0,False
2011-05-31,31,2011-04,2011-05,1,forecast,0,-0.23625270243659013,down,0.23625270243659013,call (0.15-0.30pp),-0.5145373144005871,-0.14301897700739197,-0.29408833506314735,1.0,1.0,1.0,False
2011-05-31,31,2011-04,2011-06,2,forecast,0,0.06606282076755399,up,0.06606282076755399,lean (0.05-0.15pp),0.1798096974494845,-0.27155489620582784,-0.29408833506314735,1.0,0.0,0.0,False
2011-05-31,31,2011-04,2011-07,3,forecast,0,-0.07817465129604795,down,0.07817465129604795,lean (0.05-0.15pp),-0.036058979891584464,-0.4015678812505641,-0.8010553999829639,1.0,1.0,1.0,False
2011-06-20,20,2011-04,2011-05,1,nowcast,3,-0.3368550329149622,down,0.3368550329149622,strong (>0.30pp),-0.5145373144005871,-0.14301897700739197,-0.29408833506314735,1.0,1.0,1.0,False
2011-06-20,20,2011-04,2011-06,2,forecast,0,0.05356960486890827,up,0.05356960486890827,lean (0.05-0.15pp),0.1798096974494845,-0.27155489620582784,-0.29408833506314735,1.0,0.0,0.0,False
2011-06-20,20,2011-04,2011-07,3,forecast,0,-0.09050571077229286,down,0.09050571077229286,lean (0.05-0.15pp),-0.036058979891584464,-0.4015678812505641,-0.8010553999829639,1.0,1.0,1.0,False
2011-06-30,30,2011-05,2011-06,1,forecast,0,0.015164290105240674,up,0.015164290105240674,toss-up (<0.05pp),0.1798096974494845,-0.27155489620582784,-0.29408833506314735,1.0,0.0,0.0,False
2011-06-30,30,2011-05,2011-07,2,forecast,0,-0.12857871713607416,down,0.12857871713607416,lean (0.05-0.15pp),-0.036058979891584464,-0.4015678812505641,-0.8010553999829639,1.0,1.0,1.0,False
2011-06-30,30,2011-05,2011-08,3,forecast,0,-0.09576541328695232,down,0.09576541328695232,lean (0.05-0.15pp),-0.21348639792007074,-0.2236097619087163,-0.8010553999829639,1.0,1.0,1.0,False
2011-07-20,20,2011-05,2011-06,1,nowcast,3,0.05990437884193511,up,0.05990437884193511,lean (0.05-0.15pp),0.1798096974494845,-0.27155489620582784,-0.29408833506314735,1.0,0.0,0.0,False
2011-07-20,20,2011-05,2011-07,2,forecast,0,-0.14490337176582546,down,0.14490337176582546,lean (0.05-0.15pp),-0.036058979891584464,-0.4015678812505641,-0.8010553999829639,1.0,1.0,1.0,False
2011-07-20,20,2011-05,2011-08,3,forecast,0,-0.11204256407171265,down,0.11204256407171265,lean (0.05-0.15pp),-0.21348639792007074,-0.2236097619087163,-0.8010553999829639,1.0,1.0,1.0,False
2011-07-31,31,2011-06,2011-07,1,forecast,0,-0.13807472621618633,down,0.13807472621618633,lean (0.05-0.15pp),-0.036058979891584464,-0.4015678812505641,-0.8010553999829639,1.0,1.0,1.0,False
2011-07-31,31,2011-06,2011-08,2,forecast,0,-0.10519025189681397,down,0.10519025189681397,lean (0.05-0.15pp),-0.21348639792007074,-0.2236097619087163,-0.8010553999829639,1.0,1.0,1.0,False
2011-07-31,31,2011-06,2011-09,3,forecast,0,-0.06746396932819643,down,0.06746396932819643,lean (0.05-0.15pp),0.0015627998568579216,-0.03918917500735919,-0.8010553999829639,0.0,1.0,1.0,False
2011-08-20,20,2011-06,2011-07,1,nowcast,3,-0.11634024716595803,down,0.11634024716595803,lean (0.05-0.15pp),-0.036058979891584464,-0.4015678812505641,-0.8010553999829639,1.0,1.0,1.0,False
2011-08-20,20,2011-06,2011-08,2,forecast,0,-0.08758218789262084,down,0.08758218789262084,lean (0.05-0.15pp),-0.21348639792007074,-0.2236097619087163,-0.8010553999829639,1.0,1.0,1.0,False
2011-08-20,20,2011-06,2011-09,3,forecast,0,-0.04986814344751789,down,0.04986814344751789,toss-up (<0.05pp),0.0015627998568579216,-0.03918917500735919,-0.8010553999829639,0.0,1.0,1.0,False
2011-08-31,31,2011-07,2011-08,1,forecast,0,-0.0987298207107079,down,0.0987298207107079,lean (0.05-0.15pp),-0.21348639792007074,-0.2236097619087163,-0.8010553999829639,1.0,1.0,1.0,False
2011-08-31,31,2011-07,2011-09,2,forecast,0,-0.06097412847081429,down,0.06097412847081429,lean (0.05-0.15pp),0.0015627998568579216,-0.03918917500735919,-0.8010553999829639,0.0,1.0,1.0,False
2011-08-31,31,2011-07,2011-10,3,forecast,0,-0.07707402001675412,down,0.07707402001675412,lean (0.05-0.15pp),0.0865262302219616,0.28547751659837584,0.6004224070392805,0.0,0.0,0.0,False
2011-09-20,20,2011-07,2011-08,1,nowcast,3,-0.11090198372594173,down,0.11090198372594173,lean (0.05-0.15pp),-0.21348639792007074,-0.2236097619087163,-0.8010553999829639,1.0,1.0,1.0,False
2011-09-20,20,2011-07,2011-09,2,forecast,0,-0.057030451237061186,down,0.057030451237061186,lean (0.05-0.15pp),0.0015627998568579216,-0.03918917500735919,-0.8010553999829639,0.0,1.0,1.0,False
2011-09-20,20,2011-07,2011-10,3,forecast,0,-0.07313421524761665,down,0.07313421524761665,lean (0.05-0.15pp),0.0865262302219616,0.28547751659837584,0.6004224070392805,0.0,0.0,0.0,False
2011-09-30,30,2011-08,2011-09,1,forecast,0,-0.0680055639956878,down,0.0680055639956878,lean (0.05-0.15pp),0.0015627998568579216,-0.03918917500735919,-0.8010553999829639,0.0,1.0,1.0,False
2011-09-30,30,2011-08,2011-10,2,forecast,0,-0.08407616287886555,down,0.08407616287886555,lean (0.05-0.15pp),0.0865262302219616,0.28547751659837584,0.6004224070392805,0.0,0.0,0.0,False
2011-09-30,30,2011-08,2011-11,3,forecast,0,-0.08659182646928443,down,0.08659182646928443,lean (0.05-0.15pp),-0.333151045012281,0.3405170195648566,0.6004224070392805,1.0,0.0,0.0,False
2011-10-20,20,2011-08,2011-09,1,nowcast,3,-0.022181471878290893,down,0.022181471878290893,toss-up (<0.05pp),0.0015627998568579216,-0.03918917500735919,-0.8010553999829639,0.0,1.0,1.0,False
2011-10-20,20,2011-08,2011-10,2,forecast,0,-0.0990864386645196,down,0.0990864386645196,lean (0.05-0.15pp),0.0865262302219616,0.28547751659837584,0.6004224070392805,0.0,0.0,0.0,False
2011-10-20,20,2011-08,2011-11,3,forecast,0,-0.10157559242238712,down,0.10157559242238712,lean (0.05-0.15pp),-0.333151045012281,0.3405170195648566,0.6004224070392805,1.0,0.0,0.0,False
2011-10-31,31,2011-09,2011-10,1,forecast,0,-0.11413940003537348,down,0.11413940003537348,lean (0.05-0.15pp),0.0865262302219616,0.28547751659837584,0.6004224070392805,0.0,0.0,0.0,False
2011-10-31,31,2011-09,2011-11,2,forecast,0,-0.11659696855055302,down,0.11659696855055302,lean (0.05-0.15pp),-0.333151045012281,0.3405170195648566,0.6004224070392805,1.0,0.0,0.0,False
2011-10-31,31,2011-09,2011-12,3,forecast,0,-0.25899083932676703,down,0.25899083932676703,call (0.15-0.30pp),-0.12748950923884284,0.5031174831920726,0.6004224070392805,1.0,0.0,0.0,False
2011-11-20,20,2011-09,2011-10,1,nowcast,3,0.02464705415550217,up,0.02464705415550217,toss-up (<0.05pp),0.0865262302219616,0.28547751659837584,0.6004224070392805,1.0,1.0,1.0,False
2011-11-20,20,2011-09,2011-11,2,forecast,0,-0.08513102302600828,down,0.08513102302600828,lean (0.05-0.15pp),-0.333151045012281,0.3405170195648566,0.6004224070392805,1.0,0.0,0.0,False
2011-11-20,20,2011-09,2011-12,3,forecast,0,-0.22786980695101988,down,0.22786980695101988,call (0.15-0.30pp),-0.12748950923884284,0.5031174831920726,0.6004224070392805,1.0,0.0,0.0,False
2011-11-30,30,2011-10,2011-11,1,forecast,0,-0.05478533097504901,down,0.05478533097504901,lean (0.05-0.15pp),-0.333151045012281,0.3405170195648566,0.6004224070392805,1.0,0.0,0.0,False
2011-11-30,30,2011-10,2011-12,2,forecast,0,-0.19773740678485918,down,0.19773740678485918,call (0.15-0.30pp),-0.12748950923884284,0.5031174831920726,0.6004224070392805,1.0,0.0,0.0,False
2011-11-30,30,2011-10,2012-01,3,forecast,0,-0.030990097594640886,down,0.030990097594640886,toss-up (<0.05pp),0.30169537026492055,0.5467625846225843,1.0949934392797234,0.0,0.0,0.0,False
2011-12-20,20,2011-10,2011-11,1,nowcast,3,-0.15715835473768536,down,0.15715835473768536,call (0.15-0.30pp),-0.333151045012281,0.3405170195648566,0.6004224070392805,1.0,0.0,0.0,False
2011-12-20,20,2011-10,2011-12,2,forecast,0,-0.196296432548837,down,0.196296432548837,call (0.15-0.30pp),-0.12748950923884284,0.5031174831920726,0.6004224070392805,1.0,0.0,0.0,False
2011-12-20,20,2011-10,2012-01,3,forecast,0,-0.02971706003036534,down,0.02971706003036534,toss-up (<0.05pp),0.30169537026492055,0.5467625846225843,1.0949934392797234,0.0,0.0,0.0,False
2011-12-31,31,2011-11,2011-12,1,forecast,0,-0.20208058635005077,down,0.20208058635005077,call (0.15-0.30pp),-0.12748950923884284,0.5031174831920726,0.6004224070392805,1.0,0.0,0.0,False
2011-12-31,31,2011-11,2012-01,2,forecast,0,-0.03578470088534402,down,0.03578470088534402,toss-up (<0.05pp),0.30169537026492055,0.5467625846225843,1.0949934392797234,0.0,0.0,0.0,False
2011-12-31,31,2011-11,2012-02,3,forecast,0,0.0916685094628722,up,0.0916685094628722,lean (0.05-0.15pp),0.5071962029749244,0.2811232015433651,1.0949934392797234,1.0,1.0,1.0,False
2012-01-20,20,2011-11,2011-12,1,nowcast,3,-0.19016268746203657,down,0.19016268746203657,call (0.15-0.30pp),-0.12748950923884284,0.5031174831920726,0.6004224070392805,1.0,0.0,0.0,False
2012-01-20,20,2011-11,2012-01,2,forecast,0,-0.037369815464471934,down,0.037369815464471934,toss-up (<0.05pp),0.30169537026492055,0.5467625846225843,1.0949934392797234,0.0,0.0,0.0,False
2012-01-20,20,2011-11,2012-02,3,forecast,0,0.09009551414829176,up,0.09009551414829176,lean (0.05-0.15pp),0.5071962029749244,0.2811232015433651,1.0949934392797234,1.0,1.0,1.0,False
2012-01-31,31,2011-12,2012-01,1,forecast,0,-0.04779663894702857,down,0.04779663894702857,toss-up (<0.05pp),0.30169537026492055,0.5467625846225843,1.0949934392797234,0.0,0.0,0.0,False
2012-01-31,31,2011-12,2012-02,2,forecast,0,0.0797299090191661,up,0.0797299090191661,lean (0.05-0.15pp),0.5071962029749244,0.2811232015433651,1.0949934392797234,1.0,1.0,1.0,False
2012-01-31,31,2011-12,2012-03,3,forecast,0,-0.2336795291706828,down,0.2336795291706828,call (0.15-0.30pp),-0.4769808345052473,-0.28929827127255336,1.0949934392797234,1.0,1.0,0.0,False
2012-02-20,20,2011-12,2012-01,1,nowcast,3,0.07081643117201608,up,0.07081643117201608,lean (0.05-0.15pp),0.30169537026492055,0.5467625846225843,1.0949934392797234,1.0,1.0,1.0,False
2012-02-20,20,2011-12,2012-02,2,forecast,0,0.10230990994131162,up,0.10230990994131162,lean (0.05-0.15pp),0.5071962029749244,0.2811232015433651,1.0949934392797234,1.0,1.0,1.0,False
2012-02-20,20,2011-12,2012-03,3,forecast,0,-0.21156361741372365,down,0.21156361741372365,call (0.15-0.30pp),-0.4769808345052473,-0.28929827127255336,1.0949934392797234,1.0,1.0,0.0,False
2012-02-29,29,2011-12,2012-01,1,nowcast,3,0.07081643117201608,up,0.07081643117201608,lean (0.05-0.15pp),0.30169537026492055,0.5467625846225843,1.0949934392797234,1.0,1.0,1.0,False
2012-02-29,29,2011-12,2012-02,2,forecast,0,0.10230990994131162,up,0.10230990994131162,lean (0.05-0.15pp),0.5071962029749244,0.2811232015433651,1.0949934392797234,1.0,1.0,1.0,False
2012-02-29,29,2011-12,2012-03,3,forecast,0,-0.21156361741372365,down,0.21156361741372365,call (0.15-0.30pp),-0.4769808345052473,-0.28929827127255336,1.0949934392797234,1.0,1.0,0.0,False
2012-03-20,20,2012-01,2012-02,1,nowcast,3,0.17873264204903982,up,0.17873264204903982,call (0.15-0.30pp),0.5071962029749244,0.2811232015433651,1.0949934392797234,1.0,1.0,1.0,False
2012-03-20,20,2012-01,2012-03,2,forecast,0,-0.17263735326260576,down,0.17263735326260576,call (0.15-0.30pp),-0.4769808345052473,-0.28929827127255336,1.0949934392797234,1.0,1.0,0.0,False
2012-03-20,20,2012-01,2012-04,3,forecast,0,0.27898494106350924,up,0.27898494106350924,call (0.15-0.30pp),0.1866674382581257,-0.14664063442486608,-0.23473347174831627,1.0,0.0,0.0,False
2012-03-31,31,2012-02,2012-03,1,forecast,0,-0.09978813783269036,down,0.09978813783269036,lean (0.05-0.15pp),-0.4769808345052473,-0.28929827127255336,1.0949934392797234,1.0,1.0,0.0,False
2012-03-31,31,2012-02,2012-04,2,forecast,0,0.3537403652236648,up,0.3537403652236648,strong (>0.30pp),0.1866674382581257,-0.14664063442486608,-0.23473347174831627,1.0,0.0,0.0,False
2012-03-31,31,2012-02,2012-05,3,forecast,0,0.3707683119879679,up,0.3707683119879679,strong (>0.30pp),0.0952267159261666,-0.03254783937443051,-0.23473347174831627,1.0,0.0,0.0,False
2012-04-20,20,2012-02,2012-03,1,nowcast,3,-0.28275031360465164,down,0.28275031360465164,call (0.15-0.30pp),-0.4769808345052473,-0.28929827127255336,1.0949934392797234,1.0,1.0,0.0,False
2012-04-20,20,2012-02,2012-04,2,forecast,0,0.3244337517408935,up,0.3244337517408935,strong (>0.30pp),0.1866674382581257,-0.14664063442486608,-0.23473347174831627,1.0,0.0,0.0,False
2012-04-20,20,2012-02,2012-05,3,forecast,0,0.3412323885887414,up,0.3412323885887414,strong (>0.30pp),0.0952267159261666,-0.03254783937443051,-0.23473347174831627,1.0,0.0,0.0,False
2012-04-30,30,2012-03,2012-04,1,forecast,0,0.3029901471261809,up,0.3029901471261809,strong (>0.30pp),0.1866674382581257,-0.14664063442486608,-0.23473347174831627,1.0,0.0,0.0,False
2012-04-30,30,2012-03,2012-05,2,forecast,0,0.31962250347068455,up,0.31962250347068455,strong (>0.30pp),0.0952267159261666,-0.03254783937443051,-0.23473347174831627,1.0,0.0,0.0,False
2012-04-30,30,2012-03,2012-06,3,forecast,0,-0.07351269025386298,down,0.07351269025386298,lean (0.05-0.15pp),-0.4254900398240835,0.1281357519671289,-0.23473347174831627,1.0,0.0,1.0,False
2012-05-20,20,2012-03,2012-04,1,nowcast,3,0.22211897571804418,up,0.22211897571804418,call (0.15-0.30pp),0.1866674382581257,-0.14664063442486608,-0.23473347174831627,1.0,0.0,0.0,False
2012-05-20,20,2012-03,2012-05,2,forecast,0,0.2899065942342238,up,0.2899065942342238,call (0.15-0.30pp),0.0952267159261666,-0.03254783937443051,-0.23473347174831627,1.0,0.0,0.0,False
2012-05-20,20,2012-03,2012-06,3,forecast,0,-0.10286723848282886,down,0.10286723848282886,lean (0.05-0.15pp),-0.4254900398240835,0.1281357519671289,-0.23473347174831627,1.0,0.0,1.0,False
2012-05-31,31,2012-04,2012-05,1,forecast,0,0.2881782641969366,up,0.2881782641969366,call (0.15-0.30pp),0.0952267159261666,-0.03254783937443051,-0.23473347174831627,1.0,0.0,0.0,False
2012-05-31,31,2012-04,2012-06,2,forecast,0,-0.10445609157883062,down,0.10445609157883062,lean (0.05-0.15pp),-0.4254900398240835,0.1281357519671289,-0.23473347174831627,1.0,0.0,1.0,False
2012-05-31,31,2012-04,2012-07,3,forecast,0,-0.03236503287837866,down,0.03236503287837866,toss-up (<0.05pp),-0.10627378973686596,0.20561915715298085,0.17037647535012024,1.0,0.0,0.0,False
2012-06-20,20,2012-04,2012-05,1,nowcast,3,0.2265111005705256,up,0.2265111005705256,call (0.15-0.30pp),0.0952267159261666,-0.03254783937443051,-0.23473347174831627,1.0,0.0,0.0,False
2012-06-20,20,2012-04,2012-06,2,forecast,0,-0.10045047917879302,down,0.10045047917879302,lean (0.05-0.15pp),-0.4254900398240835,0.1281357519671289,-0.23473347174831627,1.0,0.0,1.0,False
2012-06-20,20,2012-04,2012-07,3,forecast,0,-0.028405133623876644,down,0.028405133623876644,toss-up (<0.05pp),-0.10627378973686596,0.20561915715298085,0.17037647535012024,1.0,0.0,0.0,False
2012-06-30,30,2012-05,2012-06,1,forecast,0,-0.08348476886503864,down,0.08348476886503864,lean (0.05-0.15pp),-0.4254900398240835,0.1281357519671289,-0.23473347174831627,1.0,0.0,1.0,False
2012-06-30,30,2012-05,2012-07,2,forecast,0,-0.011538330732685509,down,0.011538330732685509,toss-up (<0.05pp),-0.10627378973686596,0.20561915715298085,0.17037647535012024,1.0,0.0,0.0,False
2012-06-30,30,2012-05,2012-08,3,forecast,0,0.1989439665148307,up,0.1989439665148307,call (0.15-0.30pp),-0.017186355337872605,-0.01566393711018854,0.17037647535012024,0.0,0.0,1.0,False
2012-07-20,20,2012-05,2012-06,1,nowcast,3,-0.21155141388329302,down,0.21155141388329302,call (0.15-0.30pp),-0.4254900398240835,0.1281357519671289,-0.23473347174831627,1.0,0.0,1.0,False
2012-07-20,20,2012-05,2012-07,2,forecast,0,-0.03729267516043855,down,0.03729267516043855,toss-up (<0.05pp),-0.10627378973686596,0.20561915715298085,0.17037647535012024,1.0,0.0,0.0,False
2012-07-20,20,2012-05,2012-08,3,forecast,0,0.17283213051737523,up,0.17283213051737523,call (0.15-0.30pp),-0.017186355337872605,-0.01566393711018854,0.17037647535012024,0.0,0.0,1.0,False
2012-07-31,31,2012-06,2012-07,1,forecast,0,-0.07023068892346718,down,0.07023068892346718,lean (0.05-0.15pp),-0.10627378973686596,0.20561915715298085,0.17037647535012024,1.0,0.0,0.0,False
2012-07-31,31,2012-06,2012-08,2,forecast,0,0.1393526990417726,up,0.1393526990417726,lean (0.05-0.15pp),-0.017186355337872605,-0.01566393711018854,0.17037647535012024,0.0,0.0,1.0,False
2012-07-31,31,2012-06,2012-09,3,forecast,0,-0.037523964888386274,down,0.037523964888386274,toss-up (<0.05pp),-0.006402062812904674,-0.289571679848577,0.17037647535012024,1.0,1.0,0.0,False
2012-08-20,20,2012-06,2012-07,1,nowcast,3,-0.03964865946046725,down,0.03964865946046725,toss-up (<0.05pp),-0.10627378973686596,0.20561915715298085,0.17037647535012024,1.0,0.0,0.0,False
2012-08-20,20,2012-06,2012-08,2,forecast,0,0.1182067352743621,up,0.1182067352743621,lean (0.05-0.15pp),-0.017186355337872605,-0.01566393711018854,0.17037647535012024,0.0,0.0,1.0,False
2012-08-20,20,2012-06,2012-09,3,forecast,0,-0.05870306184594387,down,0.05870306184594387,lean (0.05-0.15pp),-0.006402062812904674,-0.289571679848577,0.17037647535012024,1.0,1.0,0.0,False
2012-08-31,31,2012-07,2012-08,1,forecast,0,0.0778257998660381,up,0.0778257998660381,lean (0.05-0.15pp),-0.017186355337872605,-0.01566393711018854,0.17037647535012024,0.0,0.0,1.0,False
2012-08-31,31,2012-07,2012-09,2,forecast,0,-0.09890591921781766,down,0.09890591921781766,lean (0.05-0.15pp),-0.006402062812904674,-0.289571679848577,0.17037647535012024,1.0,1.0,0.0,False
2012-08-31,31,2012-07,2012-10,3,forecast,0,-0.19941782633803307,down,0.19941782633803307,call (0.15-0.30pp),-0.18718779039392786,-0.579937709944156,-1.0218603071555643,1.0,1.0,1.0,False
2012-09-20,20,2012-07,2012-08,1,nowcast,3,0.0577102749509395,up,0.0577102749509395,lean (0.05-0.15pp),-0.017186355337872605,-0.01566393711018854,0.17037647535012024,0.0,0.0,1.0,False
2012-09-20,20,2012-07,2012-09,2,forecast,0,-0.12506499271731641,down,0.12506499271731641,lean (0.05-0.15pp),-0.006402062812904674,-0.289571679848577,0.17037647535012024,1.0,1.0,0.0,False
2012-09-20,20,2012-07,2012-10,3,forecast,0,-0.2254477153808443,down,0.2254477153808443,call (0.15-0.30pp),-0.18718779039392786,-0.579937709944156,-1.0218603071555643,1.0,1.0,1.0,False
2012-09-30,30,2012-08,2012-09,1,forecast,0,-0.19275341206834717,down,0.19275341206834717,call (0.15-0.30pp),-0.006402062812904674,-0.289571679848577,0.17037647535012024,1.0,1.0,0.0,False
2012-09-30,30,2012-08,2012-10,2,forecast,0,-0.2927167114624929,down,0.2927167114624929,call (0.15-0.30pp),-0.18718779039392786,-0.579937709944156,-1.0218603071555643,1.0,1.0,1.0,False
2012-09-30,30,2012-08,2012-11,3,forecast,0,0.1218407711126801,up,0.1218407711126801,lean (0.05-0.15pp),0.6530028675969302,-0.28818031930479826,-1.0218603071555643,1.0,0.0,0.0,False
2012-10-20,20,2012-08,2012-09,1,nowcast,3,-0.16667368020024664,down,0.16667368020024664,call (0.15-0.30pp),-0.006402062812904674,-0.289571679848577,0.17037647535012024,1.0,1.0,0.0,False
2012-10-20,20,2012-08,2012-10,2,forecast,0,-0.27930010578653963,down,0.27930010578653963,call (0.15-0.30pp),-0.18718779039392786,-0.579937709944156,-1.0218603071555643,1.0,1.0,1.0,False
2012-10-20,20,2012-08,2012-11,3,forecast,0,0.1353980899779783,up,0.1353980899779783,lean (0.05-0.15pp),0.6530028675969302,-0.28818031930479826,-1.0218603071555643,1.0,0.0,0.0,False
2012-10-31,31,2012-09,2012-10,1,forecast,0,-0.2452912356034398,down,0.2452912356034398,call (0.15-0.30pp),-0.18718779039392786,-0.579937709944156,-1.0218603071555643,1.0,1.0,1.0,False
2012-10-31,31,2012-09,2012-11,2,forecast,0,0.17016498883390963,up,0.17016498883390963,call (0.15-0.30pp),0.6530028675969302,-0.28818031930479826,-1.0218603071555643,1.0,0.0,0.0,False
2012-10-31,31,2012-09,2012-12,3,forecast,0,-0.17685202378183718,down,0.17685202378183718,call (0.15-0.30pp),0.1951209053193237,-0.075112700227975,-1.0218603071555643,0.0,1.0,1.0,False
2012-11-20,20,2012-09,2012-10,1,nowcast,3,-0.23547647144741557,down,0.23547647144741557,call (0.15-0.30pp),-0.18718779039392786,-0.579937709944156,-1.0218603071555643,1.0,1.0,1.0,False
2012-11-20,20,2012-09,2012-11,2,forecast,0,0.17109860409953992,up,0.17109860409953992,call (0.15-0.30pp),0.6530028675969302,-0.28818031930479826,-1.0218603071555643,1.0,0.0,0.0,False
2012-11-20,20,2012-09,2012-12,3,forecast,0,-0.1759551445404295,down,0.1759551445404295,call (0.15-0.30pp),0.1951209053193237,-0.075112700227975,-1.0218603071555643,0.0,1.0,1.0,False
2012-11-30,30,2012-10,2012-11,1,forecast,0,0.16988507647612838,up,0.16988507647612838,call (0.15-0.30pp),0.6530028675969302,-0.28818031930479826,-1.0218603071555643,1.0,0.0,0.0,False
2012-11-30,30,2012-10,2012-12,2,forecast,0,-0.17732926026330365,down,0.17732926026330365,call (0.15-0.30pp),0.1951209053193237,-0.075112700227975,-1.0218603071555643,0.0,1.0,1.0,False
2012-11-30,30,2012-10,2013-01,3,forecast,0,-0.43832208478951085,down,0.43832208478951085,strong (>0.30pp),-0.8228273181982049,0.12784227646975843,0.14901647837695098,1.0,0.0,0.0,False
2012-12-20,20,2012-10,2012-11,1,nowcast,3,0.2879081024365515,up,0.2879081024365515,call (0.15-0.30pp),0.6530028675969302,-0.28818031930479826,-1.0218603071555643,1.0,0.0,0.0,False
2012-12-20,20,2012-10,2012-12,2,forecast,0,-0.15678482570533614,down,0.15678482570533614,call (0.15-0.30pp),0.1951209053193237,-0.075112700227975,-1.0218603071555643,0.0,1.0,1.0,False
2012-12-20,20,2012-10,2013-01,3,forecast,0,-0.41825533377295443,down,0.41825533377295443,strong (>0.30pp),-0.8228273181982049,0.12784227646975843,0.14901647837695098,1.0,0.0,0.0,False
2012-12-31,31,2012-11,2012-12,1,forecast,0,-0.08987992684834634,down,0.08987992684834634,lean (0.05-0.15pp),0.1951209053193237,-0.075112700227975,-1.0218603071555643,0.0,1.0,1.0,False
2012-12-31,31,2012-11,2013-01,2,forecast,0,-0.3527982416674069,down,0.3527982416674069,strong (>0.30pp),-0.8228273181982049,0.12784227646975843,0.14901647837695098,1.0,0.0,0.0,False
2012-12-31,31,2012-11,2013-02,3,forecast,0,-0.42700058176308175,down,0.42700058176308175,strong (>0.30pp),-0.4183616558801173,0.2583354722411002,0.14901647837695098,1.0,0.0,0.0,False
2013-01-20,20,2012-11,2012-12,1,nowcast,3,-0.012760645293496964,down,0.012760645293496964,toss-up (<0.05pp),0.1951209053193237,-0.075112700227975,-1.0218603071555643,0.0,1.0,1.0,False
2013-01-20,20,2012-11,2013-01,2,forecast,0,-0.32527066147522987,down,0.32527066147522987,strong (>0.30pp),-0.8228273181982049,0.12784227646975843,0.14901647837695098,1.0,0.0,0.0,False
2013-01-20,20,2012-11,2013-02,3,forecast,0,-0.39975470481097286,down,0.39975470481097286,strong (>0.30pp),-0.4183616558801173,0.2583354722411002,0.14901647837695098,1.0,0.0,0.0,False
2013-01-31,31,2012-12,2013-01,1,forecast,0,-0.26244643842479043,down,0.26244643842479043,call (0.15-0.30pp),-0.8228273181982049,0.12784227646975843,0.14901647837695098,1.0,0.0,0.0,False
2013-01-31,31,2012-12,2013-02,2,forecast,0,-0.33754087048756265,down,0.33754087048756265,strong (>0.30pp),-0.4183616558801173,0.2583354722411002,0.14901647837695098,1.0,0.0,0.0,False
2013-01-31,31,2012-12,2013-03,3,forecast,0,0.32948328320689946,up,0.32948328320689946,strong (>0.30pp),0.2223325497643147,-0.03241904824462516,0.14901647837695098,1.0,0.0,1.0,False
2013-02-20,20,2012-12,2013-01,1,nowcast,3,-0.28204274638012894,down,0.28204274638012894,call (0.15-0.30pp),-0.8228273181982049,0.12784227646975843,0.14901647837695098,1.0,0.0,0.0,False
2013-02-20,20,2012-12,2013-02,2,forecast,0,-0.3432140383523574,down,0.3432140383523574,strong (>0.30pp),-0.4183616558801173,0.2583354722411002,0.14901647837695098,1.0,0.0,0.0,False
2013-02-20,20,2012-12,2013-03,3,forecast,0,0.3236453400310424,up,0.3236453400310424,strong (>0.30pp),0.2223325497643147,-0.03241904824462516,0.14901647837695098,1.0,0.0,1.0,False
2013-02-28,28,2012-12,2013-01,1,nowcast,3,-0.28204274638012894,down,0.28204274638012894,call (0.15-0.30pp),-0.8228273181982049,0.12784227646975843,0.14901647837695098,1.0,0.0,0.0,False
2013-02-28,28,2012-12,2013-02,2,forecast,0,-0.3432140383523574,down,0.3432140383523574,strong (>0.30pp),-0.4183616558801173,0.2583354722411002,0.14901647837695098,1.0,0.0,0.0,False
2013-02-28,28,2012-12,2013-03,3,forecast,0,0.3236453400310424,up,0.3236453400310424,strong (>0.30pp),0.2223325497643147,-0.03241904824462516,0.14901647837695098,1.0,0.0,1.0,False
2013-03-20,20,2013-01,2013-02,1,nowcast,3,-0.29285179756777246,down,0.29285179756777246,call (0.15-0.30pp),-0.4183616558801173,0.2583354722411002,0.14901647837695098,1.0,0.0,0.0,False
2013-03-20,20,2013-01,2013-03,2,forecast,0,0.28074793150343336,up,0.28074793150343336,call (0.15-0.30pp),0.2223325497643147,-0.03241904824462516,0.14901647837695098,1.0,0.0,1.0,False
2013-03-20,20,2013-01,2013-04,3,forecast,0,0.07092348983577246,up,0.07092348983577246,lean (0.05-0.15pp),-0.10725734170609069,-0.20681694257596028,-0.18093028160242053,0.0,0.0,0.0,False
2013-03-31,31,2013-02,2013-03,1,forecast,0,0.27622969794334207,up,0.27622969794334207,call (0.15-0.30pp),0.2223325497643147,-0.03241904824462516,0.14901647837695098,1.0,0.0,1.0,False
2013-03-31,31,2013-02,2013-04,2,forecast,0,0.06665958469422861,up,0.06665958469422861,lean (0.05-0.15pp),-0.10725734170609069,-0.20681694257596028,-0.18093028160242053,0.0,0.0,0.0,False
2013-03-31,31,2013-02,2013-05,3,forecast,0,0.1734197139847904,up,0.1734197139847904,call (0.15-0.30pp),0.2752765791769418,-0.08052621028289408,-0.18093028160242053,1.0,0.0,0.0,False
2013-04-20,20,2013-02,2013-03,1,nowcast,3,0.21058329143250898,up,0.21058329143250898,call (0.15-0.30pp),0.2223325497643147,-0.03241904824462516,0.14901647837695098,1.0,0.0,1.0,False
2013-04-20,20,2013-02,2013-04,2,forecast,0,0.06554304617225615,up,0.06554304617225615,lean (0.05-0.15pp),-0.10725734170609069,-0.20681694257596028,-0.18093028160242053,0.0,0.0,0.0,False
2013-04-20,20,2013-02,2013-05,3,forecast,0,0.17223043474963173,up,0.17223043474963173,call (0.15-0.30pp),0.2752765791769418,-0.08052621028289408,-0.18093028160242053,1.0,0.0,0.0,False
2013-04-30,30,2013-03,2013-04,1,forecast,0,0.05579308828316254,up,0.05579308828316254,lean (0.05-0.15pp),-0.10725734170609069,-0.20681694257596028,-0.18093028160242053,0.0,0.0,0.0,False
2013-04-30,30,2013-03,2013-05,2,forecast,0,0.16246064945031335,up,0.16246064945031335,call (0.15-0.30pp),0.2752765791769418,-0.08052621028289408,-0.18093028160242053,1.0,0.0,0.0,False
2013-04-30,30,2013-03,2013-06,3,forecast,0,0.29142427089863254,up,0.29142427089863254,call (0.15-0.30pp),0.18305381397516474,0.044100248946477016,-0.18093028160242053,1.0,1.0,0.0,False
2013-05-20,20,2013-03,2013-04,1,nowcast,3,-0.094632734273703,down,0.094632734273703,lean (0.05-0.15pp),-0.10725734170609069,-0.20681694257596028,-0.18093028160242053,1.0,1.0,1.0,False
2013-05-20,20,2013-03,2013-05,2,forecast,0,0.1472765181411706,up,0.1472765181411706,lean (0.05-0.15pp),0.2752765791769418,-0.08052621028289408,-0.18093028160242053,1.0,0.0,0.0,False
2013-05-20,20,2013-03,2013-06,3,forecast,0,0.2759654072228779,up,0.2759654072228779,call (0.15-0.30pp),0.18305381397516474,0.044100248946477016,-0.18093028160242053,1.0,1.0,0.0,False
2013-05-31,31,2013-04,2013-05,1,forecast,0,0.1446819323288162,up,0.1446819323288162,lean (0.05-0.15pp),0.2752765791769418,-0.08052621028289408,-0.18093028160242053,1.0,0.0,0.0,False
2013-05-31,31,2013-04,2013-06,2,forecast,0,0.27334083239882734,up,0.27334083239882734,call (0.15-0.30pp),0.18305381397516474,0.044100248946477016,-0.18093028160242053,1.0,1.0,0.0,False
2013-05-31,31,2013-04,2013-07,3,forecast,0,0.027537378892494857,up,0.027537378892494857,toss-up (<0.05pp),-0.11475081844349866,0.2119208590197763,0.7170842891885076,0.0,1.0,1.0,False
2013-06-20,20,2013-04,2013-05,1,nowcast,3,0.1521617128442898,up,0.1521617128442898,call (0.15-0.30pp),0.2752765791769418,-0.08052621028289408,-0.18093028160242053,1.0,0.0,0.0,False
2013-06-20,20,2013-04,2013-06,2,forecast,0,0.26411914163204653,up,0.26411914163204653,call (0.15-0.30pp),0.18305381397516474,0.044100248946477016,-0.18093028160242053,1.0,1.0,0.0,False
2013-06-20,20,2013-04,2013-07,3,forecast,0,0.01829339716368228,up,0.01829339716368228,toss-up (<0.05pp),-0.11475081844349866,0.2119208590197763,0.7170842891885076,0.0,1.0,1.0,False
2013-06-30,30,2013-05,2013-06,1,forecast,0,0.2316900018532797,up,0.2316900018532797,call (0.15-0.30pp),0.18305381397516474,0.044100248946477016,-0.18093028160242053,1.0,1.0,0.0,False
2013-06-30,30,2013-05,2013-07,2,forecast,0,-0.014435347083874284,down,0.014435347083874284,toss-up (<0.05pp),-0.11475081844349866,0.2119208590197763,0.7170842891885076,1.0,0.0,0.0,False
2013-06-30,30,2013-05,2013-08,3,forecast,0,0.10598447631056107,up,0.10598447631056107,lean (0.05-0.15pp),0.19087872215144408,0.4840776130772051,0.7170842891885076,1.0,1.0,1.0,False
2013-07-20,20,2013-05,2013-06,1,nowcast,3,0.24433862508348447,up,0.24433862508348447,call (0.15-0.30pp),0.18305381397516474,0.044100248946477016,-0.18093028160242053,1.0,1.0,0.0,False
2013-07-20,20,2013-05,2013-07,2,forecast,0,-0.020969003156445787,down,0.020969003156445787,toss-up (<0.05pp),-0.11475081844349866,0.2119208590197763,0.7170842891885076,1.0,0.0,0.0,False
2013-07-20,20,2013-05,2013-08,3,forecast,0,0.09945259941261941,up,0.09945259941261941,lean (0.05-0.15pp),0.19087872215144408,0.4840776130772051,0.7170842891885076,1.0,1.0,1.0,False
2013-07-31,31,2013-06,2013-07,1,forecast,0,-0.07488006568423522,down,0.07488006568423522,lean (0.05-0.15pp),-0.11475081844349866,0.2119208590197763,0.7170842891885076,1.0,0.0,0.0,False
2013-07-31,31,2013-06,2013-08,2,forecast,0,0.04539228177438126,up,0.04539228177438126,toss-up (<0.05pp),0.19087872215144408,0.4840776130772051,0.7170842891885076,1.0,1.0,1.0,False
2013-07-31,31,2013-06,2013-09,3,forecast,0,-0.14184709524516226,down,0.14184709524516226,lean (0.05-0.15pp),0.08534291640747149,0.4907450620638576,0.7170842891885076,0.0,0.0,0.0,False
2013-08-20,20,2013-06,2013-07,1,nowcast,3,-0.16738992697276078,down,0.16738992697276078,call (0.15-0.30pp),-0.11475081844349866,0.2119208590197763,0.7170842891885076,1.0,0.0,0.0,False
2013-08-20,20,2013-06,2013-08,2,forecast,0,0.03163424766159384,up,0.03163424766159384,toss-up (<0.05pp),0.19087872215144408,0.4840776130772051,0.7170842891885076,1.0,1.0,1.0,False
2013-08-20,20,2013-06,2013-09,3,forecast,0,-0.15539465178109335,down,0.15539465178109335,call (0.15-0.30pp),0.08534291640747149,0.4907450620638576,0.7170842891885076,0.0,0.0,0.0,False
2013-08-31,31,2013-07,2013-08,1,forecast,0,0.10161598619291556,up,0.10161598619291556,lean (0.05-0.15pp),0.19087872215144408,0.4840776130772051,0.7170842891885076,1.0,1.0,1.0,False
2013-08-31,31,2013-07,2013-09,2,forecast,0,-0.08567576036691005,down,0.08567576036691005,lean (0.05-0.15pp),0.08534291640747149,0.4907450620638576,0.7170842891885076,0.0,0.0,0.0,False
2013-08-31,31,2013-07,2013-10,3,forecast,0,-0.005517614180128305,down,0.005517614180128305,toss-up (<0.05pp),0.05711580563083629,0.4178946361041769,0.7721224668791216,0.0,0.0,0.0,False
2013-09-20,20,2013-07,2013-08,1,nowcast,3,0.15083234202888374,up,0.15083234202888374,call (0.15-0.30pp),0.19087872215144408,0.4840776130772051,0.7170842891885076,1.0,1.0,1.0,False
2013-09-20,20,2013-07,2013-09,2,forecast,0,-0.10013067693319666,down,0.10013067693319666,lean (0.05-0.15pp),0.08534291640747149,0.4907450620638576,0.7170842891885076,0.0,0.0,0.0,False
2013-09-20,20,2013-07,2013-10,3,forecast,0,-0.019930143506363684,down,0.019930143506363684,toss-up (<0.05pp),0.05711580563083629,0.4178946361041769,0.7721224668791216,0.0,0.0,0.0,False
2013-09-30,30,2013-08,2013-09,1,forecast,0,-0.07801694675360071,down,0.07801694675360071,lean (0.05-0.15pp),0.08534291640747149,0.4907450620638576,0.7170842891885076,0.0,0.0,0.0,False
2013-09-30,30,2013-08,2013-10,2,forecast,0,0.002211281627140238,up,0.002211281627140238,toss-up (<0.05pp),0.05711580563083629,0.4178946361041769,0.7721224668791216,1.0,1.0,1.0,False
2013-09-30,30,2013-08,2013-11,3,forecast,0,-0.4203425319089904,down,0.4203425319089904,strong (>0.30pp),-0.21325092117419064,0.044700529751406926,0.7721224668791216,1.0,0.0,0.0,False
2013-10-20,20,2013-08,2013-09,1,nowcast,3,-0.046552236639962885,down,0.046552236639962885,toss-up (<0.05pp),0.08534291640747149,0.4907450620638576,0.7170842891885076,0.0,0.0,0.0,False
2013-10-20,20,2013-08,2013-10,2,forecast,0,0.00843540675463661,up,0.00843540675463661,toss-up (<0.05pp),0.05711580563083629,0.4178946361041769,0.7721224668791216,1.0,1.0,1.0,False
2013-10-20,20,2013-08,2013-11,3,forecast,0,-0.4143001290212167,down,0.4143001290212167,strong (>0.30pp),-0.21325092117419064,0.044700529751406926,0.7721224668791216,1.0,0.0,0.0,False
2013-10-31,31,2013-09,2013-10,1,forecast,0,0.027327515308028794,up,0.027327515308028794,toss-up (<0.05pp),0.05711580563083629,0.4178946361041769,0.7721224668791216,1.0,1.0,1.0,False
2013-10-31,31,2013-09,2013-11,2,forecast,0,-0.3961060977249131,down,0.3961060977249131,strong (>0.30pp),-0.21325092117419064,0.044700529751406926,0.7721224668791216,1.0,0.0,0.0,False
2013-10-31,31,2013-09,2013-12,3,forecast,0,-0.2846727113078762,down,0.2846727113078762,call (0.15-0.30pp),-0.29179068167775046,-0.5542397272772615,0.7721224668791216,1.0,1.0,0.0,False
2013-11-20,20,2013-09,2013-10,1,nowcast,3,0.019163773689312436,up,0.019163773689312436,toss-up (<0.05pp),0.05711580563083629,0.4178946361041769,0.7721224668791216,1.0,1.0,1.0,False
2013-11-20,20,2013-09,2013-11,2,forecast,0,-0.381083090419998,down,0.381083090419998,strong (>0.30pp),-0.21325092117419064,0.044700529751406926,0.7721224668791216,1.0,0.0,0.0,False
2013-11-20,20,2013-09,2013-12,3,forecast,0,-0.2697404816789817,down,0.2697404816789817,call (0.15-0.30pp),-0.29179068167775046,-0.5542397272772615,0.7721224668791216,1.0,1.0,0.0,False
2013-11-30,30,2013-10,2013-11,1,forecast,0,-0.36919370876313806,down,0.36919370876313806,strong (>0.30pp),-0.21325092117419064,0.044700529751406926,0.7721224668791216,1.0,0.0,0.0,False
2013-11-30,30,2013-10,2013-12,2,forecast,0,-0.2578721397873407,down,0.2578721397873407,call (0.15-0.30pp),-0.29179068167775046,-0.5542397272772615,0.7721224668791216,1.0,1.0,0.0,False
2013-11-30,30,2013-10,2014-01,3,forecast,0,0.49284647373519785,up,0.49284647373519785,strong (>0.30pp),0.0492562920563433,-0.7788282362331644,-1.3583274042366256,1.0,0.0,0.0,False
2013-12-20,20,2013-10,2013-11,1,nowcast,3,-0.35879221685188867,down,0.35879221685188867,strong (>0.30pp),-0.21325092117419064,0.044700529751406926,0.7721224668791216,1.0,0.0,0.0,False
2013-12-20,20,2013-10,2013-12,2,forecast,0,-0.26118108255428485,down,0.26118108255428485,call (0.15-0.30pp),-0.29179068167775046,-0.5542397272772615,0.7721224668791216,1.0,1.0,0.0,False
2013-12-20,20,2013-10,2014-01,3,forecast,0,0.4895825696617173,up,0.4895825696617173,strong (>0.30pp),0.0492562920563433,-0.7788282362331644,-1.3583274042366256,1.0,0.0,0.0,False
2013-12-31,31,2013-11,2013-12,1,forecast,0,-0.2518125759300105,down,0.2518125759300105,call (0.15-0.30pp),-0.29179068167775046,-0.5542397272772615,0.7721224668791216,1.0,1.0,0.0,False
2013-12-31,31,2013-11,2014-01,2,forecast,0,0.5001215715729534,up,0.5001215715729534,strong (>0.30pp),0.0492562920563433,-0.7788282362331644,-1.3583274042366256,1.0,0.0,0.0,False
2013-12-31,31,2013-11,2014-02,3,forecast,0,0.023579566814313502,up,0.023579566814313502,toss-up (<0.05pp),0.37104283932665183,-0.4599054849928619,-1.3583274042366256,1.0,0.0,0.0,False
2014-01-20,20,2013-11,2013-12,1,nowcast,3,-0.24093347238252072,down,0.24093347238252072,call (0.15-0.30pp),-0.29179068167775046,-0.5542397272772615,0.7721224668791216,1.0,1.0,0.0,False
2014-01-20,20,2013-11,2014-01,2,forecast,0,0.4970882554032441,up,0.4970882554032441,strong (>0.30pp),0.0492562920563433,-0.7788282362331644,-1.3583274042366256,1.0,0.0,0.0,False
2014-01-20,20,2013-11,2014-02,3,forecast,0,0.02049383827309459,up,0.02049383827309459,toss-up (<0.05pp),0.37104283932665183,-0.4599054849928619,-1.3583274042366256,1.0,0.0,0.0,False
2014-01-31,31,2013-12,2014-01,1,forecast,0,0.5117290486052584,up,0.5117290486052584,strong (>0.30pp),0.0492562920563433,-0.7788282362331644,-1.3583274042366256,1.0,0.0,0.0,False
2014-01-31,31,2013-12,2014-02,2,forecast,0,0.035381570195980316,up,0.035381570195980316,toss-up (<0.05pp),0.37104283932665183,-0.4599054849928619,-1.3583274042366256,1.0,0.0,0.0,False
2014-01-31,31,2013-12,2014-03,3,forecast,0,0.057738910170779256,up,0.057738910170779256,lean (0.05-0.15pp),0.5565651730656151,0.2742404859054304,-1.3583274042366256,1.0,1.0,0.0,False
2014-02-20,20,2013-12,2014-01,1,nowcast,3,0.3171732248714587,up,0.3171732248714587,strong (>0.30pp),0.0492562920563433,-0.7788282362331644,-1.3583274042366256,1.0,0.0,0.0,False
2014-02-20,20,2013-12,2014-02,2,forecast,0,0.01614041343429573,up,0.01614041343429573,toss-up (<0.05pp),0.37104283932665183,-0.4599054849928619,-1.3583274042366256,1.0,0.0,0.0,False
2014-02-20,20,2013-12,2014-03,3,forecast,0,0.03843700277548212,up,0.03843700277548212,toss-up (<0.05pp),0.5565651730656151,0.2742404859054304,-1.3583274042366256,1.0,1.0,0.0,False
2014-02-28,28,2013-12,2014-01,1,nowcast,3,0.3171732248714587,up,0.3171732248714587,strong (>0.30pp),0.0492562920563433,-0.7788282362331644,-1.3583274042366256,1.0,0.0,0.0,False
2014-02-28,28,2013-12,2014-02,2,forecast,0,0.01614041343429573,up,0.01614041343429573,toss-up (<0.05pp),0.37104283932665183,-0.4599054849928619,-1.3583274042366256,1.0,0.0,0.0,False
2014-02-28,28,2013-12,2014-03,3,forecast,0,0.03843700277548212,up,0.03843700277548212,toss-up (<0.05pp),0.5565651730656151,0.2742404859054304,-1.3583274042366256,1.0,1.0,0.0,False
2014-03-20,20,2014-01,2014-02,1,nowcast,3,0.1693472541987706,up,0.1693472541987706,call (0.15-0.30pp),0.37104283932665183,-0.4599054849928619,-1.3583274042366256,1.0,0.0,0.0,False
2014-03-20,20,2014-01,2014-03,2,forecast,0,0.028594842478324445,up,0.028594842478324445,toss-up (<0.05pp),0.5565651730656151,0.2742404859054304,-1.3583274042366256,1.0,1.0,0.0,False
2014-03-20,20,2014-01,2014-04,3,forecast,0,0.14911077929584682,up,0.14911077929584682,lean (0.05-0.15pp),0.2293018346323672,0.5297386414781169,1.0383346027892815,1.0,1.0,1.0,False
2014-03-31,31,2014-02,2014-03,1,forecast,0,0.06378258444128537,up,0.06378258444128537,lean (0.05-0.15pp),0.5565651730656151,0.2742404859054304,-1.3583274042366256,1.0,1.0,0.0,False
2014-03-31,31,2014-02,2014-04,2,forecast,0,0.1846527301569978,up,0.1846527301569978,call (0.15-0.30pp),0.2293018346323672,0.5297386414781169,1.0383346027892815,1.0,1.0,1.0,False
2014-03-31,31,2014-02,2014-05,3,forecast,0,-0.09317888635069771,down,0.09317888635069771,lean (0.05-0.15pp),-0.07715442647577841,0.47919163908201057,1.0383346027892815,1.0,0.0,0.0,False
2014-04-20,20,2014-02,2014-03,1,nowcast,3,0.3302686847012515,up,0.3302686847012515,strong (>0.30pp),0.5565651730656151,0.2742404859054304,-1.3583274042366256,1.0,1.0,0.0,False
2014-04-20,20,2014-02,2014-04,2,forecast,0,0.22689810301947944,up,0.22689810301947944,call (0.15-0.30pp),0.2293018346323672,0.5297386414781169,1.0383346027892815,1.0,1.0,1.0,False
2014-04-20,20,2014-02,2014-05,3,forecast,0,-0.05171898358615756,down,0.05171898358615756,lean (0.05-0.15pp),-0.07715442647577841,0.47919163908201057,1.0383346027892815,1.0,0.0,0.0,False
2014-04-30,30,2014-03,2014-04,1,forecast,0,0.25346497467111373,up,0.25346497467111373,call (0.15-0.30pp),0.2293018346323672,0.5297386414781169,1.0383346027892815,1.0,1.0,1.0,False
2014-04-30,30,2014-03,2014-05,2,forecast,0,-0.025788696457529348,down,0.025788696457529348,toss-up (<0.05pp),-0.07715442647577841,0.47919163908201057,1.0383346027892815,1.0,0.0,0.0,False
2014-04-30,30,2014-03,2014-06,3,forecast,0,0.19791671277533673,up,0.19791671277533673,call (0.15-0.30pp),0.2557039173639808,0.37683135971460224,1.0383346027892815,1.0,1.0,1.0,False
2014-05-20,20,2014-03,2014-04,1,nowcast,3,0.28572258678665197,up,0.28572258678665197,call (0.15-0.30pp),0.2293018346323672,0.5297386414781169,1.0383346027892815,1.0,1.0,1.0,False
2014-05-20,20,2014-03,2014-05,2,forecast,0,-0.010630750352946805,down,0.010630750352946805,toss-up (<0.05pp),-0.07715442647577841,0.47919163908201057,1.0383346027892815,1.0,0.0,0.0,False
2014-05-20,20,2014-03,2014-06,3,forecast,0,0.21320565164657523,up,0.21320565164657523,call (0.15-0.30pp),0.2557039173639808,0.37683135971460224,1.0383346027892815,1.0,1.0,1.0,False
2014-05-31,31,2014-04,2014-05,1,forecast,0,-0.014841606456705847,down,0.014841606456705847,toss-up (<0.05pp),-0.07715442647577841,0.47919163908201057,1.0383346027892815,1.0,0.0,0.0,False
2014-05-31,31,2014-04,2014-06,2,forecast,0,0.208854517167123,up,0.208854517167123,call (0.15-0.30pp),0.2557039173639808,0.37683135971460224,1.0383346027892815,1.0,1.0,1.0,False
2014-05-31,31,2014-04,2014-07,3,forecast,0,0.2617274084218746,up,0.2617274084218746,call (0.15-0.30pp),0.19060260465373347,0.20547525799894384,0.37063076947438933,1.0,1.0,1.0,False
2014-06-20,20,2014-04,2014-05,1,nowcast,3,-0.04904360773321237,down,0.04904360773321237,toss-up (<0.05pp),-0.07715442647577841,0.47919163908201057,1.0383346027892815,1.0,0.0,0.0,False
2014-06-20,20,2014-04,2014-06,2,forecast,0,0.209748815117905,up,0.209748815117905,call (0.15-0.30pp),0.2557039173639808,0.37683135971460224,1.0383346027892815,1.0,1.0,1.0,False
2014-06-20,20,2014-04,2014-07,3,forecast,0,0.26260900383361374,up,0.26260900383361374,call (0.15-0.30pp),0.19060260465373347,0.20547525799894384,0.37063076947438933,1.0,1.0,1.0,False
2014-06-30,30,2014-05,2014-06,1,forecast,0,0.189311037771267,up,0.189311037771267,call (0.15-0.30pp),0.2557039173639808,0.37683135971460224,1.0383346027892815,1.0,1.0,1.0,False
2014-06-30,30,2014-05,2014-07,2,forecast,0,0.2420566957985537,up,0.2420566957985537,call (0.15-0.30pp),0.19060260465373347,0.20547525799894384,0.37063076947438933,1.0,1.0,1.0,False
2014-06-30,30,2014-05,2014-08,3,forecast,0,0.05462715068158541,up,0.05462715068158541,lean (0.05-0.15pp),0.3278981859938801,-0.24303486905723481,0.37063076947438933,1.0,0.0,1.0,False
2014-07-20,20,2014-05,2014-06,1,nowcast,3,0.17111585911451233,up,0.17111585911451233,call (0.15-0.30pp),0.2557039173639808,0.37683135971460224,1.0383346027892815,1.0,1.0,1.0,False
2014-07-20,20,2014-05,2014-07,2,forecast,0,0.2462953493158837,up,0.2462953493158837,call (0.15-0.30pp),0.19060260465373347,0.20547525799894384,0.37063076947438933,1.0,1.0,1.0,False
2014-07-20,20,2014-05,2014-08,3,forecast,0,0.058903704991464245,up,0.058903704991464245,lean (0.05-0.15pp),0.3278981859938801,-0.24303486905723481,0.37063076947438933,1.0,0.0,1.0,False
2014-07-31,31,2014-06,2014-07,1,forecast,0,0.27305430395709873,up,0.27305430395709873,call (0.15-0.30pp),0.19060260465373347,0.20547525799894384,0.37063076947438933,1.0,1.0,1.0,False
2014-07-31,31,2014-06,2014-08,2,forecast,0,0.08554562037788038,up,0.08554562037788038,lean (0.05-0.15pp),0.3278981859938801,-0.24303486905723481,0.37063076947438933,1.0,0.0,1.0,False
2014-07-31,31,2014-06,2014-09,3,forecast,0,0.00267963567111007,up,0.00267963567111007,toss-up (<0.05pp),-0.22677130890902397,-0.2993317391329686,0.37063076947438933,0.0,0.0,1.0,False
2014-08-20,20,2014-06,2014-07,1,nowcast,3,0.21865223852355342,up,0.21865223852355342,call (0.15-0.30pp),0.19060260465373347,0.20547525799894384,0.37063076947438933,1.0,1.0,1.0,False
2014-08-20,20,2014-06,2014-08,2,forecast,0,0.11967424817320715,up,0.11967424817320715,lean (0.05-0.15pp),0.3278981859938801,-0.24303486905723481,0.37063076947438933,1.0,0.0,1.0,False
2014-08-20,20,2014-06,2014-09,3,forecast,0,0.03686507943065909,up,0.03686507943065909,toss-up (<0.05pp),-0.22677130890902397,-0.2993317391329686,0.37063076947438933,0.0,0.0,1.0,False
2014-08-31,31,2014-07,2014-08,1,forecast,0,0.16601414054853159,up,0.16601414054853159,call (0.15-0.30pp),0.3278981859938801,-0.24303486905723481,0.37063076947438933,1.0,0.0,1.0,False
2014-08-31,31,2014-07,2014-09,2,forecast,0,0.08328150042538063,up,0.08328150042538063,lean (0.05-0.15pp),-0.22677130890902397,-0.2993317391329686,0.37063076947438933,0.0,0.0,1.0,False
2014-08-31,31,2014-07,2014-10,3,forecast,0,0.19356941097965485,up,0.19356941097965485,call (0.15-0.30pp),0.3339297990779144,-0.28108218490272563,-0.37394782705604257,1.0,0.0,0.0,False
2014-09-20,20,2014-07,2014-08,1,nowcast,3,0.11557783602818006,up,0.11557783602818006,lean (0.05-0.15pp),0.3278981859938801,-0.24303486905723481,0.37063076947438933,1.0,0.0,1.0,False
2014-09-20,20,2014-07,2014-09,2,forecast,0,0.06335505548153986,up,0.06335505548153986,lean (0.05-0.15pp),-0.22677130890902397,-0.2993317391329686,0.37063076947438933,0.0,0.0,1.0,False
2014-09-20,20,2014-07,2014-10,3,forecast,0,0.17351836405543608,up,0.17351836405543608,call (0.15-0.30pp),0.3339297990779144,-0.28108218490272563,-0.37394782705604257,1.0,0.0,0.0,False
2014-09-30,30,2014-08,2014-09,1,forecast,0,0.08315068385198465,up,0.08315068385198465,lean (0.05-0.15pp),-0.22677130890902397,-0.2993317391329686,0.37063076947438933,0.0,0.0,1.0,False
2014-09-30,30,2014-08,2014-10,2,forecast,0,0.1936106192677034,up,0.1936106192677034,call (0.15-0.30pp),0.3339297990779144,-0.28108218490272563,-0.37394782705604257,1.0,0.0,0.0,False
2014-09-30,30,2014-08,2014-11,3,forecast,0,0.037546402172727866,up,0.037546402172727866,toss-up (<0.05pp),0.04025860990184427,0.015527626021927254,-0.37394782705604257,1.0,1.0,0.0,False
2014-10-20,20,2014-08,2014-09,1,nowcast,3,-0.03671162368872327,down,0.03671162368872327,toss-up (<0.05pp),-0.22677130890902397,-0.2993317391329686,0.37063076947438933,1.0,1.0,0.0,False
2014-10-20,20,2014-08,2014-10,2,forecast,0,0.14120798113168576,up,0.14120798113168576,lean (0.05-0.15pp),0.3339297990779144,-0.28108218490272563,-0.37394782705604257,1.0,0.0,0.0,False
2014-10-20,20,2014-08,2014-11,3,forecast,0,-0.014686898411775395,down,0.014686898411775395,toss-up (<0.05pp),0.04025860990184427,0.015527626021927254,-0.37394782705604257,0.0,0.0,1.0,False
2014-10-31,31,2014-09,2014-10,1,forecast,0,0.08689571903328641,up,0.08689571903328641,lean (0.05-0.15pp),0.3339297990779144,-0.28108218490272563,-0.37394782705604257,1.0,0.0,0.0,False
2014-10-31,31,2014-09,2014-11,2,forecast,0,-0.06866876771509656,down,0.06866876771509656,lean (0.05-0.15pp),0.04025860990184427,0.015527626021927254,-0.37394782705604257,0.0,0.0,1.0,False
2014-10-31,31,2014-09,2014-12,3,forecast,0,0.1237193765096789,up,0.1237193765096789,lean (0.05-0.15pp),0.06442735050704584,0.5833784597651714,-0.37394782705604257,1.0,1.0,0.0,False
2014-11-20,20,2014-09,2014-10,1,nowcast,3,0.10438614804775259,up,0.10438614804775259,lean (0.05-0.15pp),0.3339297990779144,-0.28108218490272563,-0.37394782705604257,1.0,0.0,0.0,False
2014-11-20,20,2014-09,2014-11,2,forecast,0,-0.07403841438504699,down,0.07403841438504699,lean (0.05-0.15pp),0.04025860990184427,0.015527626021927254,-0.37394782705604257,0.0,0.0,1.0,False
2014-11-20,20,2014-09,2014-12,3,forecast,0,0.11836975529100346,up,0.11836975529100346,lean (0.05-0.15pp),0.06442735050704584,0.5833784597651714,-0.37394782705604257,1.0,1.0,0.0,False
2014-11-30,30,2014-10,2014-11,1,forecast,0,-0.024137139522628637,down,0.024137139522628637,toss-up (<0.05pp),0.04025860990184427,0.015527626021927254,-0.37394782705604257,0.0,0.0,1.0,False
2014-11-30,30,2014-10,2014-12,2,forecast,0,0.1688379978146859,up,0.1688379978146859,call (0.15-0.30pp),0.06442735050704584,0.5833784597651714,-0.37394782705604257,1.0,1.0,0.0,False
2014-11-30,30,2014-10,2015-01,3,forecast,0,0.5888227616607455,up,0.5888227616607455,strong (>0.30pp),0.3805960248976614,0.6689448264919573,1.28346439767284,1.0,1.0,1.0,False
2014-12-20,20,2014-10,2014-11,1,nowcast,3,0.0717957807270686,up,0.0717957807270686,lean (0.05-0.15pp),0.04025860990184427,0.015527626021927254,-0.37394782705604257,1.0,1.0,0.0,False
2014-12-20,20,2014-10,2014-12,2,forecast,0,0.1844421901344484,up,0.1844421901344484,call (0.15-0.30pp),0.06442735050704584,0.5833784597651714,-0.37394782705604257,1.0,1.0,0.0,False
2014-12-20,20,2014-10,2015-01,3,forecast,0,0.604994333382014,up,0.604994333382014,strong (>0.30pp),0.3805960248976614,0.6689448264919573,1.28346439767284,1.0,1.0,1.0,False
2014-12-31,31,2014-11,2014-12,1,forecast,0,0.19525357960292755,up,0.19525357960292755,call (0.15-0.30pp),0.06442735050704584,0.5833784597651714,-0.37394782705604257,1.0,1.0,0.0,False
2014-12-31,31,2014-11,2015-01,2,forecast,0,0.6158055475104396,up,0.6158055475104396,strong (>0.30pp),0.3805960248976614,0.6689448264919573,1.28346439767284,1.0,1.0,1.0,False
2014-12-31,31,2014-11,2015-02,3,forecast,0,-0.20082047233420663,down,0.20082047233420663,call (0.15-0.30pp),-0.4668053319799803,0.32713289415755575,1.28346439767284,1.0,0.0,0.0,False
2015-01-20,20,2014-11,2014-12,1,nowcast,3,0.0892233117399055,up,0.0892233117399055,lean (0.05-0.15pp),0.06442735050704584,0.5833784597651714,-0.37394782705604257,1.0,1.0,0.0,False
2015-01-20,20,2014-11,2015-01,2,forecast,0,0.5965425191930329,up,0.5965425191930329,strong (>0.30pp),0.3805960248976614,0.6689448264919573,1.28346439767284,1.0,1.0,1.0,False
2015-01-20,20,2014-11,2015-02,3,forecast,0,-0.21917348618236687,down,0.21917348618236687,call (0.15-0.30pp),-0.4668053319799803,0.32713289415755575,1.28346439767284,1.0,0.0,0.0,False
2015-01-31,31,2014-12,2015-01,1,forecast,0,0.5946690623536144,up,0.5946690623536144,strong (>0.30pp),0.3805960248976614,0.6689448264919573,1.28346439767284,1.0,1.0,1.0,False
2015-01-31,31,2014-12,2015-02,2,forecast,0,-0.22084439242595622,down,0.22084439242595622,call (0.15-0.30pp),-0.4668053319799803,0.32713289415755575,1.28346439767284,1.0,0.0,0.0,False
2015-01-31,31,2014-12,2015-03,3,forecast,0,-0.38419103053159986,down,0.38419103053159986,strong (>0.30pp),-0.5062412761111634,-0.007340118125354067,1.28346439767284,1.0,1.0,0.0,False
2015-02-20,20,2014-12,2015-01,1,nowcast,3,0.4102391181409981,up,0.4102391181409981,strong (>0.30pp),0.3805960248976614,0.6689448264919573,1.28346439767284,1.0,1.0,1.0,False
2015-02-20,20,2014-12,2015-02,2,forecast,0,-0.24970588789228199,down,0.24970588789228199,call (0.15-0.30pp),-0.4668053319799803,0.32713289415755575,1.28346439767284,1.0,0.0,0.0,False
2015-02-20,20,2014-12,2015-03,3,forecast,0,-0.41253886460599354,down,0.41253886460599354,strong (>0.30pp),-0.5062412761111634,-0.007340118125354067,1.28346439767284,1.0,1.0,0.0,False
2015-02-28,28,2014-12,2015-01,1,nowcast,3,0.4102391181409981,up,0.4102391181409981,strong (>0.30pp),0.3805960248976614,0.6689448264919573,1.28346439767284,1.0,1.0,1.0,False
2015-02-28,28,2014-12,2015-02,2,forecast,0,-0.24970588789228199,down,0.24970588789228199,call (0.15-0.30pp),-0.4668053319799803,0.32713289415755575,1.28346439767284,1.0,0.0,0.0,False
2015-02-28,28,2014-12,2015-03,3,forecast,0,-0.41253886460599354,down,0.41253886460599354,strong (>0.30pp),-0.5062412761111634,-0.007340118125354067,1.28346439767284,1.0,1.0,0.0,False
2015-03-20,20,2015-01,2015-02,1,nowcast,3,-0.3784131468655971,down,0.3784131468655971,strong (>0.30pp),-0.4668053319799803,0.32713289415755575,1.28346439767284,1.0,0.0,0.0,False
2015-03-20,20,2015-01,2015-03,2,forecast,0,-0.4334242009566003,down,0.4334242009566003,strong (>0.30pp),-0.5062412761111634,-0.007340118125354067,1.28346439767284,1.0,1.0,0.0,False
2015-03-20,20,2015-01,2015-04,3,forecast,0,0.02089748024924898,up,0.02089748024924898,toss-up (<0.05pp),-0.1649837224770634,-0.3196818446675742,-0.6902116378914247,0.0,0.0,0.0,False
2015-03-31,31,2015-02,2015-03,1,forecast,0,-0.47699016633591107,down,0.47699016633591107,strong (>0.30pp),-0.5062412761111634,-0.007340118125354067,1.28346439767284,1.0,1.0,0.0,False
2015-03-31,31,2015-02,2015-04,2,forecast,0,-0.023055277680672503,down,0.023055277680672503,toss-up (<0.05pp),-0.1649837224770634,-0.3196818446675742,-0.6902116378914247,1.0,1.0,1.0,False
2015-03-31,31,2015-02,2015-05,3,forecast,0,0.004270258892513645,up,0.004270258892513645,toss-up (<0.05pp),-0.01959801223490043,-0.4725415733436211,-0.6902116378914247,0.0,0.0,0.0,False
2015-04-20,20,2015-02,2015-03,1,nowcast,3,-0.4270702309457697,down,0.4270702309457697,strong (>0.30pp),-0.5062412761111634,-0.007340118125354067,1.28346439767284,1.0,1.0,0.0,False
2015-04-20,20,2015-02,2015-04,2,forecast,0,-0.015256200736302183,down,0.015256200736302183,toss-up (<0.05pp),-0.1649837224770634,-0.3196818446675742,-0.6902116378914247,1.0,1.0,1.0,False
2015-04-20,20,2015-02,2015-05,3,forecast,0,0.012083817944397168,up,0.012083817944397168,toss-up (<0.05pp),-0.01959801223490043,-0.4725415733436211,-0.6902116378914247,0.0,0.0,0.0,False
2015-04-30,30,2015-03,2015-04,1,forecast,0,-0.00138522969992394,down,0.00138522969992394,toss-up (<0.05pp),-0.1649837224770634,-0.3196818446675742,-0.6902116378914247,1.0,1.0,1.0,False
2015-04-30,30,2015-03,2015-05,2,forecast,0,0.025938902359778915,up,0.025938902359778915,toss-up (<0.05pp),-0.01959801223490043,-0.4725415733436211,-0.6902116378914247,0.0,0.0,0.0,False
2015-04-30,30,2015-03,2015-06,3,forecast,0,-0.0836328158588584,down,0.0836328158588584,lean (0.05-0.15pp),-0.33998405598478776,-0.3876021117636519,-0.6902116378914247,1.0,1.0,1.0,False
2015-05-20,20,2015-03,2015-04,1,nowcast,3,-0.06894481887718129,down,0.06894481887718129,lean (0.05-0.15pp),-0.1649837224770634,-0.3196818446675742,-0.6902116378914247,1.0,1.0,1.0,False
2015-05-20,20,2015-03,2015-05,2,forecast,0,0.00130875736530367,up,0.00130875736530367,toss-up (<0.05pp),-0.01959801223490043,-0.4725415733436211,-0.6902116378914247,0.0,0.0,0.0,False
2015-05-20,20,2015-03,2015-06,3,forecast,0,-0.10814522720958841,down,0.10814522720958841,lean (0.05-0.15pp),-0.33998405598478776,-0.3876021117636519,-0.6902116378914247,1.0,1.0,1.0,False
2015-05-31,31,2015-04,2015-05,1,forecast,0,-0.046004480427996874,down,0.046004480427996874,toss-up (<0.05pp),-0.01959801223490043,-0.4725415733436211,-0.6902116378914247,1.0,1.0,1.0,False
2015-05-31,31,2015-04,2015-06,2,forecast,0,-0.1552351368599103,down,0.1552351368599103,call (0.15-0.30pp),-0.33998405598478776,-0.3876021117636519,-0.6902116378914247,1.0,1.0,1.0,False
2015-05-31,31,2015-04,2015-07,3,forecast,0,-0.03745638726453393,down,0.03745638726453393,toss-up (<0.05pp),0.2469693661659944,-0.24276852374847113,-0.831766494492503,0.0,1.0,1.0,False
2015-06-20,20,2015-04,2015-05,1,nowcast,3,-0.03035957163106673,down,0.03035957163106673,toss-up (<0.05pp),-0.01959801223490043,-0.4725415733436211,-0.6902116378914247,1.0,1.0,1.0,False
2015-06-20,20,2015-04,2015-06,2,forecast,0,-0.1821281550993481,down,0.1821281550993481,call (0.15-0.30pp),-0.33998405598478776,-0.3876021117636519,-0.6902116378914247,1.0,1.0,1.0,False
2015-06-20,20,2015-04,2015-07,3,forecast,0,-0.06430482771133672,down,0.06430482771133672,lean (0.05-0.15pp),0.2469693661659944,-0.24276852374847113,-0.831766494492503,0.0,1.0,1.0,False
2015-06-30,30,2015-05,2015-06,1,forecast,0,-0.18457598660654995,down,0.18457598660654995,call (0.15-0.30pp),-0.33998405598478776,-0.3876021117636519,-0.6902116378914247,1.0,1.0,1.0,False
2015-06-30,30,2015-05,2015-07,2,forecast,0,-0.06673722129906245,down,0.06673722129906245,lean (0.05-0.15pp),0.2469693661659944,-0.24276852374847113,-0.831766494492503,0.0,1.0,1.0,False
2015-06-30,30,2015-05,2015-08,3,forecast,0,-0.38879291873303856,down,0.38879291873303856,strong (>0.30pp),-0.38892755200494733,-0.16423502343361207,-0.831766494492503,1.0,1.0,1.0,False
2015-07-20,20,2015-05,2015-06,1,nowcast,3,-0.20732404588454934,down,0.20732404588454934,call (0.15-0.30pp),-0.33998405598478776,-0.3876021117636519,-0.6902116378914247,1.0,1.0,1.0,False
2015-07-20,20,2015-05,2015-07,2,forecast,0,-0.07365714168456883,down,0.07365714168456883,lean (0.05-0.15pp),0.2469693661659944,-0.24276852374847113,-0.831766494492503,0.0,1.0,1.0,False
2015-07-20,20,2015-05,2015-08,3,forecast,0,-0.39558838919961925,down,0.39558838919961925,strong (>0.30pp),-0.38892755200494733,-0.16423502343361207,-0.831766494492503,1.0,1.0,1.0,False
2015-07-31,31,2015-06,2015-07,1,forecast,0,-0.10315294982430334,down,0.10315294982430334,lean (0.05-0.15pp),0.2469693661659944,-0.24276852374847113,-0.831766494492503,0.0,1.0,1.0,False
2015-07-31,31,2015-06,2015-08,2,forecast,0,-0.42443100411055923,down,0.42443100411055923,strong (>0.30pp),-0.38892755200494733,-0.16423502343361207,-0.831766494492503,1.0,1.0,1.0,False
2015-07-31,31,2015-06,2015-09,3,forecast,0,0.042320494605951886,up,0.042320494605951886,toss-up (<0.05pp),-0.0836085300849998,-0.10383356263086174,-0.831766494492503,0.0,0.0,0.0,False
2015-08-20,20,2015-06,2015-07,1,nowcast,3,0.16941714057174817,up,0.16941714057174817,call (0.15-0.30pp),0.2469693661659944,-0.24276852374847113,-0.831766494492503,1.0,0.0,0.0,False
2015-08-20,20,2015-06,2015-08,2,forecast,0,-0.36872824835345597,down,0.36872824835345597,strong (>0.30pp),-0.38892755200494733,-0.16423502343361207,-0.831766494492503,1.0,1.0,1.0,False
2015-08-20,20,2015-06,2015-09,3,forecast,0,0.09934504621791351,up,0.09934504621791351,lean (0.05-0.15pp),-0.0836085300849998,-0.10383356263086174,-0.831766494492503,0.0,0.0,0.0,False
2015-08-31,31,2015-07,2015-08,1,forecast,0,-0.36750176379312105,down,0.36750176379312105,strong (>0.30pp),-0.38892755200494733,-0.16423502343361207,-0.831766494492503,1.0,1.0,1.0,False
2015-08-31,31,2015-07,2015-09,2,forecast,0,0.10092819346416704,up,0.10092819346416704,lean (0.05-0.15pp),-0.0836085300849998,-0.10383356263086174,-0.831766494492503,0.0,0.0,0.0,False
2015-08-31,31,2015-07,2015-10,3,forecast,0,-0.3453903803968261,down,0.3453903803968261,strong (>0.30pp),-0.5286198724500757,-0.05204756811723055,-0.32746005376973475,1.0,1.0,1.0,False
2015-09-20,20,2015-07,2015-08,1,nowcast,3,-0.39861542378296644,down,0.39861542378296644,strong (>0.30pp),-0.38892755200494733,-0.16423502343361207,-0.831766494492503,1.0,1.0,1.0,False
2015-09-20,20,2015-07,2015-09,2,forecast,0,0.11443332027289976,up,0.11443332027289976,lean (0.05-0.15pp),-0.0836085300849998,-0.10383356263086174,-0.831766494492503,0.0,0.0,0.0,False
2015-09-20,20,2015-07,2015-10,3,forecast,0,-0.33183905230214084,down,0.33183905230214084,strong (>0.30pp),-0.5286198724500757,-0.05204756811723055,-0.32746005376973475,1.0,1.0,1.0,False
2015-09-30,30,2015-08,2015-09,1,forecast,0,0.11270864609631559,up,0.11270864609631559,lean (0.05-0.15pp),-0.0836085300849998,-0.10383356263086174,-0.831766494492503,0.0,0.0,0.0,False
2015-09-30,30,2015-08,2015-10,2,forecast,0,-0.3335947115558069,down,0.3335947115558069,strong (>0.30pp),-0.5286198724500757,-0.05204756811723055,-0.32746005376973475,1.0,1.0,1.0,False
2015-09-30,30,2015-08,2015-11,3,forecast,0,-0.19647601068562004,down,0.19647601068562004,call (0.15-0.30pp),-0.35122757357117784,-0.14338651038370287,-0.32746005376973475,1.0,1.0,1.0,False
2015-10-20,20,2015-08,2015-09,1,nowcast,3,0.0040268443820767885,up,0.0040268443820767885,toss-up (<0.05pp),-0.0836085300849998,-0.10383356263086174,-0.831766494492503,0.0,0.0,0.0,False
2015-10-20,20,2015-08,2015-10,2,forecast,0,-0.3561990163911233,down,0.3561990163911233,strong (>0.30pp),-0.5286198724500757,-0.05204756811723055,-0.32746005376973475,1.0,1.0,1.0,False
2015-10-20,20,2015-08,2015-11,3,forecast,0,-0.2191322843676291,down,0.2191322843676291,call (0.15-0.30pp),-0.35122757357117784,-0.14338651038370287,-0.32746005376973475,1.0,1.0,1.0,False
2015-10-31,31,2015-09,2015-10,1,forecast,0,-0.3682710946596002,down,0.3682710946596002,strong (>0.30pp),-0.5286198724500757,-0.05204756811723055,-0.32746005376973475,1.0,1.0,1.0,False
2015-10-31,31,2015-09,2015-11,2,forecast,0,-0.23126705892717592,down,0.23126705892717592,call (0.15-0.30pp),-0.35122757357117784,-0.14338651038370287,-0.32746005376973475,1.0,1.0,1.0,False
2015-10-31,31,2015-09,2015-12,3,forecast,0,-0.0652318925504769,down,0.0652318925504769,lean (0.05-0.15pp),0.011822418994400508,-0.15132761413658713,-0.32746005376973475,0.0,1.0,1.0,False
2015-11-20,20,2015-09,2015-10,1,nowcast,3,-0.45876413774093017,down,0.45876413774093017,strong (>0.30pp),-0.5286198724500757,-0.05204756811723055,-0.32746005376973475,1.0,1.0,1.0,False
2015-11-20,20,2015-09,2015-11,2,forecast,0,-0.23678436169125572,down,0.23678436169125572,call (0.15-0.30pp),-0.35122757357117784,-0.14338651038370287,-0.32746005376973475,1.0,1.0,1.0,False
2015-11-20,20,2015-09,2015-12,3,forecast,0,-0.07088903067540286,down,0.07088903067540286,lean (0.05-0.15pp),0.011822418994400508,-0.15132761413658713,-0.32746005376973475,0.0,1.0,1.0,False
2015-11-30,30,2015-10,2015-11,1,forecast,0,-0.24760850599920836,down,0.24760850599920836,call (0.15-0.30pp),-0.35122757357117784,-0.14338651038370287,-0.32746005376973475,1.0,1.0,1.0,False
2015-11-30,30,2015-10,2015-12,2,forecast,0,-0.08181051529043692,down,0.08181051529043692,lean (0.05-0.15pp),0.011822418994400508,-0.15132761413658713,-0.32746005376973475,0.0,1.0,1.0,False
2015-11-30,30,2015-10,2016-01,3,forecast,0,0.01861261339723974,up,0.01861261339723974,toss-up (<0.05pp),0.06701065799978867,-0.009882343381550918,-0.32484442128422053,1.0,0.0,0.0,False
2015-12-20,20,2015-10,2015-11,1,nowcast,3,-0.3138327797655105,down,0.3138327797655105,strong (>0.30pp),-0.35122757357117784,-0.14338651038370287,-0.32746005376973475,1.0,1.0,1.0,False
2015-12-20,20,2015-10,2015-12,2,forecast,0,-0.09404918991680056,down,0.09404918991680056,lean (0.05-0.15pp),0.011822418994400508,-0.15132761413658713,-0.32746005376973475,0.0,1.0,1.0,False
2015-12-20,20,2015-10,2016-01,3,forecast,0,0.00630536523298364,up,0.00630536523298364,toss-up (<0.05pp),0.06701065799978867,-0.009882343381550918,-0.32484442128422053,1.0,0.0,0.0,False
2015-12-31,31,2015-11,2015-12,1,forecast,0,-0.11119881424122013,down,0.11119881424122013,lean (0.05-0.15pp),0.011822418994400508,-0.15132761413658713,-0.32746005376973475,0.0,1.0,1.0,False
2015-12-31,31,2015-11,2016-01,2,forecast,0,-0.01088049569728522,down,0.01088049569728522,toss-up (<0.05pp),0.06701065799978867,-0.009882343381550918,-0.32484442128422053,0.0,1.0,1.0,False
2015-12-31,31,2015-11,2016-02,3,forecast,0,0.021626545443220735,up,0.021626545443220735,toss-up (<0.05pp),0.2714624572858648,-0.09671753247300074,-0.32484442128422053,1.0,0.0,0.0,False
2016-01-20,20,2015-11,2015-12,1,nowcast,3,-0.09644227024945273,down,0.09644227024945273,lean (0.05-0.15pp),0.011822418994400508,-0.15132761413658713,-0.32746005376973475,0.0,1.0,1.0,False
2016-01-20,20,2015-11,2016-01,2,forecast,0,-0.0010088769583527224,down,0.0010088769583527224,toss-up (<0.05pp),0.06701065799978867,-0.009882343381550918,-0.32484442128422053,0.0,1.0,1.0,False
2016-01-20,20,2015-11,2016-02,3,forecast,0,0.03150808408460826,up,0.03150808408460826,toss-up (<0.05pp),0.2714624572858648,-0.09671753247300074,-0.32484442128422053,1.0,0.0,0.0,False
2016-01-31,31,2015-12,2016-01,1,forecast,0,0.02723686529371161,up,0.02723686529371161,toss-up (<0.05pp),0.06701065799978867,-0.009882343381550918,-0.32484442128422053,1.0,0.0,0.0,False
2016-01-31,31,2015-12,2016-02,2,forecast,0,0.059814048766759775,up,0.059814048766759775,lean (0.05-0.15pp),0.2714624572858648,-0.09671753247300074,-0.32484442128422053,1.0,0.0,0.0,False
2016-01-31,31,2015-12,2016-03,3,forecast,0,-0.05958982183453809,down,0.05958982183453809,lean (0.05-0.15pp),-0.552092764168366,-0.27905852646525897,-0.32484442128422053,1.0,1.0,1.0,False
2016-02-20,20,2015-12,2016-01,1,nowcast,3,0.0956570238455523,up,0.0956570238455523,lean (0.05-0.15pp),0.06701065799978867,-0.009882343381550918,-0.32484442128422053,1.0,0.0,0.0,False
2016-02-20,20,2015-12,2016-02,2,forecast,0,0.03275064796572913,up,0.03275064796572913,toss-up (<0.05pp),0.2714624572858648,-0.09671753247300074,-0.32484442128422053,1.0,0.0,0.0,False
2016-02-20,20,2015-12,2016-03,3,forecast,0,-0.0866947266659146,down,0.0866947266659146,lean (0.05-0.15pp),-0.552092764168366,-0.27905852646525897,-0.32484442128422053,1.0,1.0,1.0,False
2016-02-29,29,2015-12,2016-01,1,nowcast,3,0.0956570238455523,up,0.0956570238455523,lean (0.05-0.15pp),0.06701065799978867,-0.009882343381550918,-0.32484442128422053,1.0,0.0,0.0,False
2016-02-29,29,2015-12,2016-02,2,forecast,0,0.03275064796572913,up,0.03275064796572913,toss-up (<0.05pp),0.2714624572858648,-0.09671753247300074,-0.32484442128422053,1.0,0.0,0.0,False
2016-02-29,29,2015-12,2016-03,3,forecast,0,-0.0866947266659146,down,0.0866947266659146,lean (0.05-0.15pp),-0.552092764168366,-0.27905852646525897,-0.32484442128422053,1.0,1.0,1.0,False
2016-03-20,20,2016-01,2016-02,1,nowcast,3,0.020846505227134493,up,0.020846505227134493,toss-up (<0.05pp),0.2714624572858648,-0.09671753247300074,-0.32484442128422053,1.0,0.0,0.0,False
2016-03-20,20,2016-01,2016-03,2,forecast,0,-0.10728131348975989,down,0.10728131348975989,lean (0.05-0.15pp),-0.552092764168366,-0.27905852646525897,-0.32484442128422053,1.0,1.0,1.0,False
2016-03-20,20,2016-01,2016-04,3,forecast,0,0.00379924090236905,up,0.00379924090236905,toss-up (<0.05pp),0.13492463995903314,-0.09522105691777139,-0.30176605866587547,1.0,0.0,0.0,False
2016-03-31,31,2016-02,2016-03,1,forecast,0,-0.07297685951375144,down,0.07297685951375144,lean (0.05-0.15pp),-0.552092764168366,-0.27905852646525897,-0.32484442128422053,1.0,1.0,1.0,False
2016-03-31,31,2016-02,2016-04,2,forecast,0,0.0383924572976202,up,0.0383924572976202,toss-up (<0.05pp),0.13492463995903314,-0.09522105691777139,-0.30176605866587547,1.0,0.0,0.0,False
2016-03-31,31,2016-02,2016-05,3,forecast,0,-0.07822560657595456,down,0.07822560657595456,lean (0.05-0.15pp),-0.13581520385139711,-0.03624578773335774,-0.30176605866587547,1.0,1.0,1.0,False
2016-04-20,20,2016-02,2016-03,1,nowcast,3,-0.19373840944878484,down,0.19373840944878484,call (0.15-0.30pp),-0.552092764168366,-0.27905852646525897,-0.32484442128422053,1.0,1.0,1.0,False
2016-04-20,20,2016-02,2016-04,2,forecast,0,0.02633687812569896,up,0.02633687812569896,toss-up (<0.05pp),0.13492463995903314,-0.09522105691777139,-0.30176605866587547,1.0,0.0,0.0,False
2016-04-20,20,2016-02,2016-05,3,forecast,0,-0.0901227101616664,down,0.0901227101616664,lean (0.05-0.15pp),-0.13581520385139711,-0.03624578773335774,-0.30176605866587547,1.0,1.0,1.0,False
2016-04-30,30,2016-03,2016-04,1,forecast,0,-0.01849694869129337,down,0.01849694869129337,toss-up (<0.05pp),0.13492463995903314,-0.09522105691777139,-0.30176605866587547,0.0,1.0,1.0,False
2016-04-30,30,2016-03,2016-05,2,forecast,0,-0.1344462009491565,down,0.1344462009491565,lean (0.05-0.15pp),-0.13581520385139711,-0.03624578773335774,-0.30176605866587547,1.0,1.0,1.0,False
2016-04-30,30,2016-03,2016-06,3,forecast,0,0.07353004542403063,up,0.07353004542403063,lean (0.05-0.15pp),0.4474957053676176,0.1262467923313748,-0.30176605866587547,1.0,1.0,0.0,False
2016-05-20,20,2016-03,2016-04,1,nowcast,3,0.10960628224268021,up,0.10960628224268021,lean (0.05-0.15pp),0.13492463995903314,-0.09522105691777139,-0.30176605866587547,1.0,0.0,0.0,False
2016-05-20,20,2016-03,2016-05,2,forecast,0,-0.10631085688554975,down,0.10631085688554975,lean (0.05-0.15pp),-0.13581520385139711,-0.03624578773335774,-0.30176605866587547,1.0,1.0,1.0,False
2016-05-20,20,2016-03,2016-06,3,forecast,0,0.10197798184363727,up,0.10197798184363727,lean (0.05-0.15pp),0.4474957053676176,0.1262467923313748,-0.30176605866587547,1.0,1.0,0.0,False
2016-05-31,31,2016-04,2016-05,1,forecast,0,-0.09551619447736304,down,0.09551619447736304,lean (0.05-0.15pp),-0.13581520385139711,-0.03624578773335774,-0.30176605866587547,1.0,1.0,1.0,False
2016-05-31,31,2016-04,2016-06,2,forecast,0,0.1128477021843155,up,0.1128477021843155,lean (0.05-0.15pp),0.4474957053676176,0.1262467923313748,-0.30176605866587547,1.0,1.0,0.0,False
2016-05-31,31,2016-04,2016-07,3,forecast,0,-0.3498216824548095,down,0.3498216824548095,strong (>0.30pp),-0.23047085123903965,0.0723515462150992,0.3125106983707937,1.0,0.0,0.0,False
2016-06-20,20,2016-04,2016-05,1,nowcast,3,-0.10366306174709461,down,0.10366306174709461,lean (0.05-0.15pp),-0.13581520385139711,-0.03624578773335774,-0.30176605866587547,1.0,1.0,1.0,False
2016-06-20,20,2016-04,2016-06,2,forecast,0,0.12015250122252574,up,0.12015250122252574,lean (0.05-0.15pp),0.4474957053676176,0.1262467923313748,-0.30176605866587547,1.0,1.0,0.0,False
2016-06-20,20,2016-04,2016-07,3,forecast,0,-0.34252962063128223,down,0.34252962063128223,strong (>0.30pp),-0.23047085123903965,0.0723515462150992,0.3125106983707937,1.0,0.0,0.0,False
2016-06-30,30,2016-05,2016-06,1,forecast,0,0.11963084892390174,up,0.11963084892390174,lean (0.05-0.15pp),0.4474957053676176,0.1262467923313748,-0.30176605866587547,1.0,1.0,0.0,False
2016-06-30,30,2016-05,2016-07,2,forecast,0,-0.34290097333806724,down,0.34290097333806724,strong (>0.30pp),-0.23047085123903965,0.0723515462150992,0.3125106983707937,1.0,0.0,0.0,False
2016-06-30,30,2016-05,2016-08,3,forecast,0,-0.03412646144380638,down,0.03412646144380638,toss-up (<0.05pp),-0.1572231799177537,0.15807109335239655,0.3125106983707937,1.0,0.0,0.0,False
2016-07-20,20,2016-05,2016-06,1,nowcast,3,0.299580773006225,up,0.299580773006225,call (0.15-0.30pp),0.4474957053676176,0.1262467923313748,-0.30176605866587547,1.0,1.0,0.0,False
2016-07-20,20,2016-05,2016-07,2,forecast,0,-0.31513040955166716,down,0.31513040955166716,strong (>0.30pp),-0.23047085123903965,0.0723515462150992,0.3125106983707937,1.0,0.0,0.0,False
2016-07-20,20,2016-05,2016-08,3,forecast,0,-0.005818440137650427,down,0.005818440137650427,toss-up (<0.05pp),-0.1572231799177537,0.15807109335239655,0.3125106983707937,1.0,0.0,0.0,False
2016-07-31,31,2016-06,2016-07,1,forecast,0,-0.30759610065356213,down,0.30759610065356213,strong (>0.30pp),-0.23047085123903965,0.0723515462150992,0.3125106983707937,1.0,0.0,0.0,False
2016-07-31,31,2016-06,2016-08,2,forecast,0,0.002166571997030964,up,0.002166571997030964,toss-up (<0.05pp),-0.1572231799177537,0.15807109335239655,0.3125106983707937,0.0,1.0,1.0,False
2016-07-31,31,2016-06,2016-09,3,forecast,0,0.16374304063839773,up,0.16374304063839773,call (0.15-0.30pp),0.2817593823692732,0.16697888701922015,0.3125106983707937,1.0,1.0,1.0,False
2016-08-20,20,2016-06,2016-07,1,nowcast,3,-0.2560168778939165,down,0.2560168778939165,call (0.15-0.30pp),-0.23047085123903965,0.0723515462150992,0.3125106983707937,1.0,0.0,0.0,False
2016-08-20,20,2016-06,2016-08,2,forecast,0,0.003383242016163912,up,0.003383242016163912,toss-up (<0.05pp),-0.1572231799177537,0.15807109335239655,0.3125106983707937,0.0,1.0,1.0,False
2016-08-20,20,2016-06,2016-09,3,forecast,0,0.16504593595765282,up,0.16504593595765282,call (0.15-0.30pp),0.2817593823692732,0.16697888701922015,0.3125106983707937,1.0,1.0,1.0,False
2016-08-31,31,2016-07,2016-08,1,forecast,0,0.01047943223231318,up,0.01047943223231318,toss-up (<0.05pp),-0.1572231799177537,0.15807109335239655,0.3125106983707937,0.0,1.0,1.0,False
2016-08-31,31,2016-07,2016-09,2,forecast,0,0.1722064872212492,up,0.1722064872212492,call (0.15-0.30pp),0.2817593823692732,0.16697888701922015,0.3125106983707937,1.0,1.0,1.0,False
2016-08-31,31,2016-07,2016-10,3,forecast,0,0.172860893397786,up,0.172860893397786,call (0.15-0.30pp),0.014553578688225599,0.15056175821386297,0.3758047719709001,1.0,1.0,1.0,False
2016-09-20,20,2016-07,2016-08,1,nowcast,3,-0.09468285210809668,down,0.09468285210809668,lean (0.05-0.15pp),-0.1572231799177537,0.15807109335239655,0.3125106983707937,1.0,0.0,0.0,False
2016-09-20,20,2016-07,2016-09,2,forecast,0,0.1619236943735336,up,0.1619236943735336,call (0.15-0.30pp),0.2817593823692732,0.16697888701922015,0.3125106983707937,1.0,1.0,1.0,False
2016-09-20,20,2016-07,2016-10,3,forecast,0,0.16254402983546523,up,0.16254402983546523,call (0.15-0.30pp),0.014553578688225599,0.15056175821386297,0.3758047719709001,1.0,1.0,1.0,False
2016-09-30,30,2016-08,2016-09,1,forecast,0,0.11223166329916712,up,0.11223166329916712,lean (0.05-0.15pp),0.2817593823692732,0.16697888701922015,0.3125106983707937,1.0,1.0,1.0,False
2016-09-30,30,2016-08,2016-10,2,forecast,0,0.1127169740349876,up,0.1127169740349876,lean (0.05-0.15pp),0.014553578688225599,0.15056175821386297,0.3758047719709001,1.0,1.0,1.0,False
2016-09-30,30,2016-08,2016-11,3,forecast,0,0.0733582783148945,up,0.0733582783148945,lean (0.05-0.15pp),0.048961260509239324,0.08363505007429328,0.3758047719709001,1.0,1.0,1.0,False
2016-10-20,20,2016-08,2016-09,1,nowcast,3,0.18239461813078783,up,0.18239461813078783,call (0.15-0.30pp),0.2817593823692732,0.16697888701922015,0.3125106983707937,1.0,1.0,1.0,False
2016-10-20,20,2016-08,2016-10,2,forecast,0,0.15184848354816705,up,0.15184848354816705,call (0.15-0.30pp),0.014553578688225599,0.15056175821386297,0.3758047719709001,1.0,1.0,1.0,False
2016-10-20,20,2016-08,2016-11,3,forecast,0,0.11253405787738924,up,0.11253405787738924,lean (0.05-0.15pp),0.048961260509239324,0.08363505007429328,0.3758047719709001,1.0,1.0,1.0,False
2016-10-31,31,2016-09,2016-10,1,forecast,0,0.21699352572750463,up,0.21699352572750463,call (0.15-0.30pp),0.014553578688225599,0.15056175821386297,0.3758047719709001,1.0,1.0,1.0,False
2016-10-31,31,2016-09,2016-11,2,forecast,0,0.17782624478064335,up,0.17782624478064335,call (0.15-0.30pp),0.048961260509239324,0.08363505007429328,0.3758047719709001,1.0,1.0,1.0,False
2016-10-31,31,2016-09,2016-12,3,forecast,0,-0.02020232244617226,down,0.02020232244617226,toss-up (<0.05pp),0.4304102059033976,0.001778583645828391,0.3758047719709001,0.0,0.0,0.0,False
2016-11-20,20,2016-09,2016-10,1,nowcast,3,0.17307173761167416,up,0.17307173761167416,call (0.15-0.30pp),0.014553578688225599,0.15056175821386297,0.3758047719709001,1.0,1.0,1.0,False
2016-11-20,20,2016-09,2016-11,2,forecast,0,0.16471376231113055,up,0.16471376231113055,call (0.15-0.30pp),0.048961260509239324,0.08363505007429328,0.3758047719709001,1.0,1.0,1.0,False
2016-11-20,20,2016-09,2016-12,3,forecast,0,-0.03322244837242749,down,0.03322244837242749,toss-up (<0.05pp),0.4304102059033976,0.001778583645828391,0.3758047719709001,0.0,0.0,0.0,False
2016-11-30,30,2016-10,2016-11,1,forecast,0,0.14057664479767418,up,0.14057664479767418,lean (0.05-0.15pp),0.048961260509239324,0.08363505007429328,0.3758047719709001,1.0,1.0,1.0,False
2016-11-30,30,2016-10,2016-12,2,forecast,0,-0.05702974127832494,down,0.05702974127832494,lean (0.05-0.15pp),0.4304102059033976,0.001778583645828391,0.3758047719709001,0.0,0.0,0.0,False
2016-11-30,30,2016-10,2017-01,3,forecast,0,-0.011699507565743339,down,0.011699507565743339,toss-up (<0.05pp),-0.05643400799102416,-0.09268899175818301,-0.09410460885972416,1.0,1.0,1.0,False
2016-12-20,20,2016-10,2016-11,1,nowcast,3,0.04013375713687317,up,0.04013375713687317,toss-up (<0.05pp),0.048961260509239324,0.08363505007429328,0.3758047719709001,1.0,1.0,1.0,False
2016-12-20,20,2016-10,2016-12,2,forecast,0,-0.06350613961458862,down,0.06350613961458862,lean (0.05-0.15pp),0.4304102059033976,0.001778583645828391,0.3758047719709001,0.0,0.0,0.0,False
2016-12-20,20,2016-10,2017-01,3,forecast,0,-0.018218775184530855,down,0.018218775184530855,toss-up (<0.05pp),-0.05643400799102416,-0.09268899175818301,-0.09410460885972416,1.0,1.0,1.0,False
2016-12-31,31,2016-11,2016-12,1,forecast,0,-0.0556644564951414,down,0.0556644564951414,lean (0.05-0.15pp),0.4304102059033976,0.001778583645828391,0.3758047719709001,0.0,0.0,0.0,False
2016-12-31,31,2016-11,2017-01,2,forecast,0,-0.010375366078152481,down,0.010375366078152481,toss-up (<0.05pp),-0.05643400799102416,-0.09268899175818301,-0.09410460885972416,1.0,1.0,1.0,False
2016-12-31,31,2016-11,2017-02,3,forecast,0,-0.18180741357458619,down,0.18180741357458619,call (0.15-0.30pp),-0.3684408747575363,-0.06732357672478706,-0.09410460885972416,1.0,1.0,1.0,False
2017-01-20,20,2016-11,2016-12,1,nowcast,3,0.13114923516330812,up,0.13114923516330812,lean (0.05-0.15pp),0.4304102059033976,0.001778583645828391,0.3758047719709001,1.0,1.0,1.0,False
2017-01-20,20,2016-11,2017-01,2,forecast,0,-0.002788489313210185,down,0.002788489313210185,toss-up (<0.05pp),-0.05643400799102416,-0.09268899175818301,-0.09410460885972416,1.0,1.0,1.0,False
2017-01-20,20,2016-11,2017-02,3,forecast,0,-0.174562755280272,down,0.174562755280272,call (0.15-0.30pp),-0.3684408747575363,-0.06732357672478706,-0.09410460885972416,1.0,1.0,1.0,False
2017-01-31,31,2016-12,2017-01,1,forecast,0,0.024792535553408435,up,0.024792535553408435,toss-up (<0.05pp),-0.05643400799102416,-0.09268899175818301,-0.09410460885972416,0.0,0.0,0.0,False
2017-01-31,31,2016-12,2017-02,2,forecast,0,-0.14757454921443536,down,0.14757454921443536,lean (0.05-0.15pp),-0.3684408747575363,-0.06732357672478706,-0.09410460885972416,1.0,1.0,1.0,False
2017-01-31,31,2016-12,2017-03,3,forecast,0,0.5608661517749525,up,0.5608661517749525,strong (>0.30pp),0.7556379282117609,0.04998881868900629,-0.09410460885972416,1.0,1.0,0.0,False
2017-02-20,20,2016-12,2017-01,1,nowcast,3,0.03630986074205644,up,0.03630986074205644,toss-up (<0.05pp),-0.05643400799102416,-0.09268899175818301,-0.09410460885972416,0.0,0.0,0.0,False
2017-02-20,20,2016-12,2017-02,2,forecast,0,-0.15127075210292773,down,0.15127075210292773,call (0.15-0.30pp),-0.3684408747575363,-0.06732357672478706,-0.09410460885972416,1.0,1.0,1.0,False
2017-02-20,20,2016-12,2017-03,3,forecast,0,0.5572095491231721,up,0.5572095491231721,strong (>0.30pp),0.7556379282117609,0.04998881868900629,-0.09410460885972416,1.0,1.0,0.0,False
2017-02-28,28,2016-12,2017-01,1,nowcast,3,0.03630986074205644,up,0.03630986074205644,toss-up (<0.05pp),-0.05643400799102416,-0.09268899175818301,-0.09410460885972416,0.0,0.0,0.0,False
2017-02-28,28,2016-12,2017-02,2,forecast,0,-0.15127075210292773,down,0.15127075210292773,call (0.15-0.30pp),-0.3684408747575363,-0.06732357672478706,-0.09410460885972416,1.0,1.0,1.0,False
2017-02-28,28,2016-12,2017-03,3,forecast,0,0.5572095491231721,up,0.5572095491231721,strong (>0.30pp),0.7556379282117609,0.04998881868900629,-0.09410460885972416,1.0,1.0,0.0,False
2017-03-20,20,2017-01,2017-02,1,nowcast,3,-0.291390522714674,down,0.291390522714674,call (0.15-0.30pp),-0.3684408747575363,-0.06732357672478706,-0.09410460885972416,1.0,1.0,1.0,False
2017-03-20,20,2017-01,2017-03,2,forecast,0,0.540601576534061,up,0.540601576534061,strong (>0.30pp),0.7556379282117609,0.04998881868900629,-0.09410460885972416,1.0,1.0,0.0,False
2017-03-20,20,2017-01,2017-04,3,forecast,0,-0.038407650736904664,down,0.038407650736904664,toss-up (<0.05pp),0.05791271565624978,0.14250435861211663,0.2429520995615997,0.0,0.0,0.0,False
2017-03-31,31,2017-02,2017-03,1,forecast,0,0.5399205280042896,up,0.5399205280042896,strong (>0.30pp),0.7556379282117609,0.04998881868900629,-0.09410460885972416,1.0,1.0,0.0,False
2017-03-31,31,2017-02,2017-04,2,forecast,0,-0.038649543766156036,down,0.038649543766156036,toss-up (<0.05pp),0.05791271565624978,0.14250435861211663,0.2429520995615997,0.0,0.0,0.0,False
2017-03-31,31,2017-02,2017-05,3,forecast,0,0.11731504563179396,up,0.11731504563179396,lean (0.05-0.15pp),0.036942349534574426,0.11993777497889546,0.2429520995615997,1.0,1.0,1.0,False
2017-04-20,20,2017-02,2017-03,1,nowcast,3,0.6102660492401046,up,0.6102660492401046,strong (>0.30pp),0.7556379282117609,0.04998881868900629,-0.09410460885972416,1.0,1.0,0.0,False
2017-04-20,20,2017-02,2017-04,2,forecast,0,-0.03500712631419045,down,0.03500712631419045,toss-up (<0.05pp),0.05791271565624978,0.14250435861211663,0.2429520995615997,0.0,0.0,0.0,False
2017-04-20,20,2017-02,2017-05,3,forecast,0,0.12107348954020214,up,0.12107348954020214,lean (0.05-0.15pp),0.036942349534574426,0.11993777497889546,0.2429520995615997,1.0,1.0,1.0,False
2017-04-30,30,2017-03,2017-04,1,forecast,0,-0.01709358603050326,down,0.01709358603050326,toss-up (<0.05pp),0.05791271565624978,0.14250435861211663,0.2429520995615997,0.0,0.0,0.0,False
2017-04-30,30,2017-03,2017-05,2,forecast,0,0.1392548592483278,up,0.1392548592483278,lean (0.05-0.15pp),0.036942349534574426,0.11993777497889546,0.2429520995615997,1.0,1.0,1.0,False
2017-04-30,30,2017-03,2017-06,3,forecast,0,-0.2391952349517279,down,0.2391952349517279,call (0.15-0.30pp),-0.15666166649306312,0.017096272701544457,0.2429520995615997,1.0,0.0,0.0,False
2017-05-20,20,2017-03,2017-04,1,nowcast,3,0.1713077621928516,up,0.1713077621928516,call (0.15-0.30pp),0.05791271565624978,0.14250435861211663,0.2429520995615997,1.0,1.0,1.0,False
2017-05-20,20,2017-03,2017-05,2,forecast,0,0.17615908824462068,up,0.17615908824462068,call (0.15-0.30pp),0.036942349534574426,0.11993777497889546,0.2429520995615997,1.0,1.0,1.0,False
2017-05-20,20,2017-03,2017-06,3,forecast,0,-0.20314609678948603,down,0.20314609678948603,call (0.15-0.30pp),-0.15666166649306312,0.017096272701544457,0.2429520995615997,1.0,0.0,0.0,False
2017-05-31,31,2017-04,2017-05,1,forecast,0,0.18623921850999814,up,0.18623921850999814,call (0.15-0.30pp),0.036942349534574426,0.11993777497889546,0.2429520995615997,1.0,1.0,1.0,False
2017-05-31,31,2017-04,2017-06,2,forecast,0,-0.1926859198185138,down,0.1926859198185138,call (0.15-0.30pp),-0.15666166649306312,0.017096272701544457,0.2429520995615997,1.0,0.0,0.0,False
2017-05-31,31,2017-04,2017-07,3,forecast,0,0.023657160967682778,up,0.023657160967682778,toss-up (<0.05pp),-0.07061844456195399,-0.06153734894753793,0.08040761841630051,0.0,0.0,1.0,False
2017-06-20,20,2017-04,2017-05,1,nowcast,3,0.1002201792652535,up,0.1002201792652535,lean (0.05-0.15pp),0.036942349534574426,0.11993777497889546,0.2429520995615997,1.0,1.0,1.0,False
2017-06-20,20,2017-04,2017-06,2,forecast,0,-0.18391686333640855,down,0.18391686333640855,call (0.15-0.30pp),-0.15666166649306312,0.017096272701544457,0.2429520995615997,1.0,0.0,0.0,False
2017-06-20,20,2017-04,2017-07,3,forecast,0,0.0322494657189365,up,0.0322494657189365,toss-up (<0.05pp),-0.07061844456195399,-0.06153734894753793,0.08040761841630051,0.0,0.0,1.0,False
2017-06-30,30,2017-05,2017-06,1,forecast,0,-0.18758190962324672,down,0.18758190962324672,call (0.15-0.30pp),-0.15666166649306312,0.017096272701544457,0.2429520995615997,1.0,0.0,0.0,False
2017-06-30,30,2017-05,2017-07,2,forecast,0,0.028448690806492927,up,0.028448690806492927,toss-up (<0.05pp),-0.07061844456195399,-0.06153734894753793,0.08040761841630051,0.0,0.0,1.0,False
2017-06-30,30,2017-05,2017-08,3,forecast,0,0.2675362766608069,up,0.2675362766608069,call (0.15-0.30pp),-0.028902063026214897,0.0629929426755993,0.08040761841630051,0.0,1.0,1.0,False
2017-07-20,20,2017-05,2017-06,1,nowcast,3,-0.17534307631799084,down,0.17534307631799084,call (0.15-0.30pp),-0.15666166649306312,0.017096272701544457,0.2429520995615997,1.0,0.0,0.0,False
2017-07-20,20,2017-05,2017-07,2,forecast,0,0.007740888603824381,up,0.007740888603824381,toss-up (<0.05pp),-0.07061844456195399,-0.06153734894753793,0.08040761841630051,0.0,0.0,1.0,False
2017-07-20,20,2017-05,2017-08,3,forecast,0,0.24675292391544978,up,0.24675292391544978,call (0.15-0.30pp),-0.028902063026214897,0.0629929426755993,0.08040761841630051,0.0,1.0,1.0,False
2017-07-31,31,2017-06,2017-07,1,forecast,0,-0.03293963379393805,down,0.03293963379393805,toss-up (<0.05pp),-0.07061844456195399,-0.06153734894753793,0.08040761841630051,1.0,1.0,0.0,False
2017-07-31,31,2017-06,2017-08,2,forecast,0,0.20593593340878513,up,0.20593593340878513,call (0.15-0.30pp),-0.028902063026214897,0.0629929426755993,0.08040761841630051,0.0,1.0,1.0,False
2017-07-31,31,2017-06,2017-09,3,forecast,0,-0.07432025133737863,down,0.07432025133737863,lean (0.05-0.15pp),0.2593080636041023,0.14161634952427615,0.08040761841630051,0.0,0.0,0.0,False
2017-08-20,20,2017-06,2017-07,1,nowcast,3,-0.11922292354418218,down,0.11922292354418218,lean (0.05-0.15pp),-0.07061844456195399,-0.06153734894753793,0.08040761841630051,1.0,1.0,0.0,False
2017-08-20,20,2017-06,2017-08,2,forecast,0,0.19329707938031682,up,0.19329707938031682,call (0.15-0.30pp),-0.028902063026214897,0.0629929426755993,0.08040761841630051,0.0,1.0,1.0,False
2017-08-20,20,2017-06,2017-09,3,forecast,0,-0.0867029340332337,down,0.0867029340332337,lean (0.05-0.15pp),0.2593080636041023,0.14161634952427615,0.08040761841630051,0.0,0.0,0.0,False
2017-08-31,31,2017-07,2017-08,1,forecast,0,0.21191092106425113,up,0.21191092106425113,call (0.15-0.30pp),-0.028902063026214897,0.0629929426755993,0.08040761841630051,0.0,1.0,1.0,False
2017-08-31,31,2017-07,2017-09,2,forecast,0,-0.0682503826758607,down,0.0682503826758607,lean (0.05-0.15pp),0.2593080636041023,0.14161634952427615,0.08040761841630051,0.0,0.0,0.0,False
2017-08-31,31,2017-07,2017-10,3,forecast,0,0.2021385836547651,up,0.2021385836547651,call (0.15-0.30pp),0.3050823466581809,0.25956772487105706,0.5833220845871789,1.0,1.0,1.0,False
2017-09-20,20,2017-07,2017-08,1,nowcast,3,0.09352480233695282,up,0.09352480233695282,lean (0.05-0.15pp),-0.028902063026214897,0.0629929426755993,0.08040761841630051,0.0,1.0,1.0,False
2017-09-20,20,2017-07,2017-09,2,forecast,0,-0.06434055279769257,down,0.06434055279769257,lean (0.05-0.15pp),0.2593080636041023,0.14161634952427615,0.08040761841630051,0.0,0.0,0.0,False
2017-09-20,20,2017-07,2017-10,3,forecast,0,0.20575107193592235,up,0.20575107193592235,call (0.15-0.30pp),0.3050823466581809,0.25956772487105706,0.5833220845871789,1.0,1.0,1.0,False
2017-09-30,30,2017-08,2017-09,1,forecast,0,-0.07141243900690153,down,0.07141243900690153,lean (0.05-0.15pp),0.2593080636041023,0.14161634952427615,0.08040761841630051,0.0,0.0,0.0,False
2017-09-30,30,2017-08,2017-10,2,forecast,0,0.19832759594222704,up,0.19832759594222704,call (0.15-0.30pp),0.3050823466581809,0.25956772487105706,0.5833220845871789,1.0,1.0,1.0,False
2017-09-30,30,2017-08,2017-11,3,forecast,0,0.12416041725322735,up,0.12416041725322735,lean (0.05-0.15pp),0.4512290933349261,0.2256096891289916,0.5833220845871789,1.0,1.0,1.0,False
2017-10-20,20,2017-08,2017-09,1,nowcast,3,0.05922959598159139,up,0.05922959598159139,lean (0.05-0.15pp),0.2593080636041023,0.14161634952427615,0.08040761841630051,1.0,1.0,1.0,False
2017-10-20,20,2017-08,2017-10,2,forecast,0,0.2119032224776829,up,0.2119032224776829,call (0.15-0.30pp),0.3050823466581809,0.25956772487105706,0.5833220845871789,1.0,1.0,1.0,False
2017-10-20,20,2017-08,2017-11,3,forecast,0,0.1376752042139051,up,0.1376752042139051,lean (0.05-0.15pp),0.4512290933349261,0.2256096891289916,0.5833220845871789,1.0,1.0,1.0,False
2017-10-31,31,2017-09,2017-10,1,forecast,0,0.22062296829175043,up,0.22062296829175043,call (0.15-0.30pp),0.3050823466581809,0.25956772487105706,0.5833220845871789,1.0,1.0,1.0,False
2017-10-31,31,2017-09,2017-11,2,forecast,0,0.14627264894715442,up,0.14627264894715442,lean (0.05-0.15pp),0.4512290933349261,0.2256096891289916,0.5833220845871789,1.0,1.0,1.0,False
2017-10-31,31,2017-09,2017-12,3,forecast,0,-0.43773648737883697,down,0.43773648737883697,strong (>0.30pp),-0.11027501550910923,0.11468531985363573,0.5833220845871789,1.0,0.0,0.0,False
2017-11-20,20,2017-09,2017-10,1,nowcast,3,0.3559273477041769,up,0.3559273477041769,strong (>0.30pp),0.3050823466581809,0.25956772487105706,0.5833220845871789,1.0,1.0,1.0,False
2017-11-20,20,2017-09,2017-11,2,forecast,0,0.14238054496460428,up,0.14238054496460428,lean (0.05-0.15pp),0.4512290933349261,0.2256096891289916,0.5833220845871789,1.0,1.0,1.0,False
2017-11-20,20,2017-09,2017-12,3,forecast,0,-0.44236355670523864,down,0.44236355670523864,strong (>0.30pp),-0.11027501550910923,0.11468531985363573,0.5833220845871789,1.0,0.0,0.0,False
2017-11-30,30,2017-10,2017-11,1,forecast,0,0.15035582308646767,up,0.15035582308646767,call (0.15-0.30pp),0.4512290933349261,0.2256096891289916,0.5833220845871789,1.0,1.0,1.0,False
2017-11-30,30,2017-10,2017-12,2,forecast,0,-0.4341675157216063,down,0.4341675157216063,strong (>0.30pp),-0.11027501550910923,0.11468531985363573,0.5833220845871789,1.0,0.0,0.0,False
2017-11-30,30,2017-10,2018-01,3,forecast,0,0.10241503541581487,up,0.10241503541581487,lean (0.05-0.15pp),-0.2966143539001598,0.04289603159035593,0.3346665979973462,0.0,1.0,1.0,False
2017-12-20,20,2017-10,2017-11,1,nowcast,3,0.249941444189683,up,0.249941444189683,call (0.15-0.30pp),0.4512290933349261,0.2256096891289916,0.5833220845871789,1.0,1.0,1.0,False
2017-12-20,20,2017-10,2017-12,2,forecast,0,-0.40562912517547733,down,0.40562912517547733,strong (>0.30pp),-0.11027501550910923,0.11468531985363573,0.5833220845871789,1.0,0.0,0.0,False
2017-12-20,20,2017-10,2018-01,3,forecast,0,0.13153898521429674,up,0.13153898521429674,lean (0.05-0.15pp),-0.2966143539001598,0.04289603159035593,0.3346665979973462,0.0,1.0,1.0,False
2017-12-31,31,2017-11,2017-12,1,forecast,0,-0.36520948956861865,down,0.36520948956861865,strong (>0.30pp),-0.11027501550910923,0.11468531985363573,0.5833220845871789,1.0,0.0,0.0,False
2017-12-31,31,2017-11,2018-01,2,forecast,0,0.17313098279281292,up,0.17313098279281292,call (0.15-0.30pp),-0.2966143539001598,0.04289603159035593,0.3346665979973462,0.0,1.0,1.0,False
2017-12-31,31,2017-11,2018-02,3,forecast,0,0.31555459625731697,up,0.31555459625731697,strong (>0.30pp),0.19562261679042514,0.19149960711908331,0.3346665979973462,1.0,1.0,1.0,False
2018-01-20,20,2017-11,2017-12,1,nowcast,3,-0.3784735152792207,down,0.3784735152792207,strong (>0.30pp),-0.11027501550910923,0.11468531985363573,0.5833220845871789,1.0,0.0,0.0,False
2018-01-20,20,2017-11,2018-01,2,forecast,0,0.17031397051703312,up,0.17031397051703312,call (0.15-0.30pp),-0.2966143539001598,0.04289603159035593,0.3346665979973462,0.0,1.0,1.0,False
2018-01-20,20,2017-11,2018-02,3,forecast,0,0.31270215629930487,up,0.31270215629930487,strong (>0.30pp),0.19562261679042514,0.19149960711908331,0.3346665979973462,1.0,1.0,1.0,False
2018-01-31,31,2017-12,2018-01,1,forecast,0,0.2171556022080523,up,0.2171556022080523,call (0.15-0.30pp),-0.2966143539001598,0.04289603159035593,0.3346665979973462,0.0,1.0,1.0,False
2018-01-31,31,2017-12,2018-02,2,forecast,0,0.36021805258843465,up,0.36021805258843465,strong (>0.30pp),0.19562261679042514,0.19149960711908331,0.3346665979973462,1.0,1.0,1.0,False
2018-01-31,31,2017-12,2018-03,3,forecast,0,-0.06355669389770391,down,0.06355669389770391,lean (0.05-0.15pp),-0.11303720289981278,0.010291478705171109,0.3346665979973462,1.0,0.0,0.0,False
2018-02-20,20,2017-12,2018-01,1,nowcast,3,0.020220955199579116,up,0.020220955199579116,toss-up (<0.05pp),-0.2966143539001598,0.04289603159035593,0.3346665979973462,0.0,1.0,1.0,False
2018-02-20,20,2017-12,2018-02,2,forecast,0,0.3456894951333389,up,0.3456894951333389,strong (>0.30pp),0.19562261679042514,0.19149960711908331,0.3346665979973462,1.0,1.0,1.0,False
2018-02-20,20,2017-12,2018-03,3,forecast,0,-0.07725832835447921,down,0.07725832835447921,lean (0.05-0.15pp),-0.11303720289981278,0.010291478705171109,0.3346665979973462,1.0,0.0,0.0,False
2018-02-28,28,2017-12,2018-01,1,nowcast,3,0.020220955199579116,up,0.020220955199579116,toss-up (<0.05pp),-0.2966143539001598,0.04289603159035593,0.3346665979973462,0.0,1.0,1.0,False
2018-02-28,28,2017-12,2018-02,2,forecast,0,0.3456894951333389,up,0.3456894951333389,strong (>0.30pp),0.19562261679042514,0.19149960711908331,0.3346665979973462,1.0,1.0,1.0,False
2018-02-28,28,2017-12,2018-03,3,forecast,0,-0.07725832835447921,down,0.07725832835447921,lean (0.05-0.15pp),-0.11303720289981278,0.010291478705171109,0.3346665979973462,1.0,0.0,0.0,False
2018-03-20,20,2018-01,2018-02,1,nowcast,3,0.35372745992166,up,0.35372745992166,strong (>0.30pp),0.19562261679042514,0.19149960711908331,0.3346665979973462,1.0,1.0,1.0,False
2018-03-20,20,2018-01,2018-03,2,forecast,0,-0.08619505557538876,down,0.08619505557538876,lean (0.05-0.15pp),-0.11303720289981278,0.010291478705171109,0.3346665979973462,1.0,0.0,0.0,False
2018-03-20,20,2018-01,2018-04,3,forecast,0,0.03399054703128179,up,0.03399054703128179,toss-up (<0.05pp),-0.05490417335416442,-0.06552139232702814,-0.029847248237091506,0.0,0.0,0.0,False
2018-03-31,31,2018-02,2018-03,1,forecast,0,-0.0826838853359213,down,0.0826838853359213,lean (0.05-0.15pp),-0.11303720289981278,0.010291478705171109,0.3346665979973462,1.0,0.0,0.0,False
2018-03-31,31,2018-02,2018-04,2,forecast,0,0.03731977875918169,up,0.03731977875918169,toss-up (<0.05pp),-0.05490417335416442,-0.06552139232702814,-0.029847248237091506,0.0,0.0,0.0,False
2018-03-31,31,2018-02,2018-05,3,forecast,0,0.21584801991514357,up,0.21584801991514357,call (0.15-0.30pp),0.13390441687977095,-0.045593956467793184,-0.029847248237091506,1.0,0.0,0.0,False
2018-04-20,20,2018-02,2018-03,1,nowcast,3,-0.09646458168544036,down,0.09646458168544036,lean (0.05-0.15pp),-0.11303720289981278,0.010291478705171109,0.3346665979973462,1.0,0.0,0.0,False
2018-04-20,20,2018-02,2018-04,2,forecast,0,0.02214791423018614,up,0.02214791423018614,toss-up (<0.05pp),-0.05490417335416442,-0.06552139232702814,-0.029847248237091506,0.0,0.0,0.0,False
2018-04-20,20,2018-02,2018-05,3,forecast,0,0.2005908581350635,up,0.2005908581350635,call (0.15-0.30pp),0.13390441687977095,-0.045593956467793184,-0.029847248237091506,1.0,0.0,0.0,False
2018-04-30,30,2018-03,2018-04,1,forecast,0,-0.003226855368110293,down,0.003226855368110293,toss-up (<0.05pp),-0.05490417335416442,-0.06552139232702814,-0.029847248237091506,1.0,1.0,1.0,False
2018-04-30,30,2018-03,2018-05,2,forecast,0,0.17509467519054578,up,0.17509467519054578,call (0.15-0.30pp),0.13390441687977095,-0.045593956467793184,-0.029847248237091506,1.0,0.0,0.0,False
2018-04-30,30,2018-03,2018-06,3,forecast,0,-0.010845204477982762,down,0.010845204477982762,toss-up (<0.05pp),-0.09115888447457365,-0.0124387094512457,-0.029847248237091506,1.0,1.0,1.0,False
2018-05-20,20,2018-03,2018-04,1,nowcast,3,0.06038371672345555,up,0.06038371672345555,lean (0.05-0.15pp),-0.05490417335416442,-0.06552139232702814,-0.029847248237091506,0.0,0.0,0.0,False
2018-05-20,20,2018-03,2018-05,2,forecast,0,0.16750451954883339,up,0.16750451954883339,call (0.15-0.30pp),0.13390441687977095,-0.045593956467793184,-0.029847248237091506,1.0,0.0,0.0,False
2018-05-20,20,2018-03,2018-06,3,forecast,0,-0.01854817475905879,down,0.01854817475905879,toss-up (<0.05pp),-0.09115888447457365,-0.0124387094512457,-0.029847248237091506,1.0,1.0,1.0,False
2018-05-31,31,2018-04,2018-05,1,forecast,0,0.16187709682857765,up,0.16187709682857765,call (0.15-0.30pp),0.13390441687977095,-0.045593956467793184,-0.029847248237091506,1.0,0.0,0.0,False
2018-05-31,31,2018-04,2018-06,2,forecast,0,-0.023964909605367346,down,0.023964909605367346,toss-up (<0.05pp),-0.09115888447457365,-0.0124387094512457,-0.029847248237091506,1.0,1.0,1.0,False
2018-05-31,31,2018-04,2018-07,3,forecast,0,0.10697259041845264,up,0.10697259041845264,lean (0.05-0.15pp),0.10513009583947852,0.010401010998206672,-0.16893220580334045,1.0,1.0,0.0,False
2018-06-20,20,2018-04,2018-05,1,nowcast,3,0.10420843804410662,up,0.10420843804410662,lean (0.05-0.15pp),0.13390441687977095,-0.045593956467793184,-0.029847248237091506,1.0,0.0,0.0,False
2018-06-20,20,2018-04,2018-06,2,forecast,0,-0.04644200616941152,down,0.04644200616941152,toss-up (<0.05pp),-0.09115888447457365,-0.0124387094512457,-0.029847248237091506,1.0,1.0,1.0,False
2018-06-20,20,2018-04,2018-07,3,forecast,0,0.0843803213381289,up,0.0843803213381289,lean (0.05-0.15pp),0.10513009583947852,0.010401010998206672,-0.16893220580334045,1.0,1.0,0.0,False
2018-06-30,30,2018-05,2018-06,1,forecast,0,-0.07193794938740172,down,0.07193794938740172,lean (0.05-0.15pp),-0.09115888447457365,-0.0124387094512457,-0.029847248237091506,1.0,1.0,1.0,False
2018-06-30,30,2018-05,2018-07,2,forecast,0,0.0588866377843722,up,0.0588866377843722,lean (0.05-0.15pp),0.10513009583947852,0.010401010998206672,-0.16893220580334045,1.0,1.0,0.0,False
2018-06-30,30,2018-05,2018-08,3,forecast,0,0.2575158100889485,up,0.2575158100889485,call (0.15-0.30pp),0.3155198685403704,-0.06624042950522657,-0.16893220580334045,1.0,0.0,0.0,False
2018-07-20,20,2018-05,2018-06,1,nowcast,3,-0.04223131841551986,down,0.04223131841551986,toss-up (<0.05pp),-0.09115888447457365,-0.0124387094512457,-0.029847248237091506,1.0,1.0,1.0,False
2018-07-20,20,2018-05,2018-07,2,forecast,0,0.06118169816566876,up,0.06118169816566876,lean (0.05-0.15pp),0.10513009583947852,0.010401010998206672,-0.16893220580334045,1.0,1.0,0.0,False
2018-07-20,20,2018-05,2018-08,3,forecast,0,0.25987969245055975,up,0.25987969245055975,call (0.15-0.30pp),0.3155198685403704,-0.06624042950522657,-0.16893220580334045,1.0,0.0,0.0,False
2018-07-31,31,2018-06,2018-07,1,forecast,0,0.00025506868295277485,up,0.00025506868295277485,toss-up (<0.05pp),0.10513009583947852,0.010401010998206672,-0.16893220580334045,1.0,1.0,0.0,False
2018-07-31,31,2018-06,2018-08,2,forecast,0,0.19858722481840285,up,0.19858722481840285,call (0.15-0.30pp),0.3155198685403704,-0.06624042950522657,-0.16893220580334045,1.0,0.0,0.0,False
2018-07-31,31,2018-06,2018-09,3,forecast,0,-0.3730445219869649,down,0.3730445219869649,strong (>0.30pp),-0.7014421771736723,-0.3229797779643606,-0.16893220580334045,1.0,1.0,1.0,False
2018-08-20,20,2018-06,2018-07,1,nowcast,3,0.0207525238476558,up,0.0207525238476558,toss-up (<0.05pp),0.10513009583947852,0.010401010998206672,-0.16893220580334045,1.0,1.0,0.0,False
2018-08-20,20,2018-06,2018-08,2,forecast,0,0.23078812480448185,up,0.23078812480448185,call (0.15-0.30pp),0.3155198685403704,-0.06624042950522657,-0.16893220580334045,1.0,0.0,0.0,False
2018-08-20,20,2018-06,2018-09,3,forecast,0,-0.34118045856597057,down,0.34118045856597057,strong (>0.30pp),-0.7014421771736723,-0.3229797779643606,-0.16893220580334045,1.0,1.0,1.0,False
2018-08-31,31,2018-07,2018-08,1,forecast,0,0.2720195205942799,up,0.2720195205942799,call (0.15-0.30pp),0.3155198685403704,-0.06624042950522657,-0.16893220580334045,1.0,0.0,0.0,False
2018-08-31,31,2018-07,2018-09,2,forecast,0,-0.30067369721236137,down,0.30067369721236137,strong (>0.30pp),-0.7014421771736723,-0.3229797779643606,-0.16893220580334045,1.0,1.0,1.0,False
2018-08-31,31,2018-07,2018-10,3,forecast,0,-0.07371257301738154,down,0.07371257301738154,lean (0.05-0.15pp),-0.016775501625865274,-0.48914141361198205,-1.004919889234146,1.0,1.0,1.0,False
2018-09-20,20,2018-07,2018-08,1,nowcast,3,0.2835496607395793,up,0.2835496607395793,call (0.15-0.30pp),0.3155198685403704,-0.06624042950522657,-0.16893220580334045,1.0,0.0,0.0,False
2018-09-20,20,2018-07,2018-09,2,forecast,0,-0.30365940154963855,down,0.30365940154963855,strong (>0.30pp),-0.7014421771736723,-0.3229797779643606,-0.16893220580334045,1.0,1.0,1.0,False
2018-09-20,20,2018-07,2018-10,3,forecast,0,-0.07666860822832522,down,0.07666860822832522,lean (0.05-0.15pp),-0.016775501625865274,-0.48914141361198205,-1.004919889234146,1.0,1.0,1.0,False
2018-09-30,30,2018-08,2018-09,1,forecast,0,-0.2842693096033022,down,0.2842693096033022,call (0.15-0.30pp),-0.7014421771736723,-0.3229797779643606,-0.16893220580334045,1.0,1.0,1.0,False
2018-09-30,30,2018-08,2018-10,2,forecast,0,-0.057233555808666736,down,0.057233555808666736,lean (0.05-0.15pp),-0.016775501625865274,-0.48914141361198205,-1.004919889234146,1.0,1.0,1.0,False
2018-09-30,30,2018-08,2018-11,3,forecast,0,-0.2767172022567488,down,0.2767172022567488,call (0.15-0.30pp),-0.13910692392131718,-0.32233987299516986,-1.004919889234146,1.0,1.0,1.0,False
2018-10-20,20,2018-08,2018-09,1,nowcast,3,-0.45084651599611725,down,0.45084651599611725,strong (>0.30pp),-0.7014421771736723,-0.3229797779643606,-0.16893220580334045,1.0,1.0,1.0,False
2018-10-20,20,2018-08,2018-10,2,forecast,0,-0.0848844289931261,down,0.0848844289931261,lean (0.05-0.15pp),-0.016775501625865274,-0.48914141361198205,-1.004919889234146,1.0,1.0,1.0,False
2018-10-20,20,2018-08,2018-11,3,forecast,0,-0.30385633396150524,down,0.30385633396150524,strong (>0.30pp),-0.13910692392131718,-0.32233987299516986,-1.004919889234146,1.0,1.0,1.0,False
2018-10-31,31,2018-09,2018-10,1,forecast,0,-0.13302673193364978,down,0.13302673193364978,lean (0.05-0.15pp),-0.016775501625865274,-0.48914141361198205,-1.004919889234146,1.0,1.0,1.0,False
2018-10-31,31,2018-09,2018-11,2,forecast,0,-0.3511560563630223,down,0.3511560563630223,strong (>0.30pp),-0.13910692392131718,-0.32233987299516986,-1.004919889234146,1.0,1.0,1.0,False
2018-10-31,31,2018-09,2018-12,3,forecast,0,-0.37431355568078306,down,0.37431355568078306,strong (>0.30pp),-1.0457711177667806,-0.1194515520925643,-1.004919889234146,1.0,1.0,1.0,False
2018-11-20,20,2018-09,2018-10,1,nowcast,3,-0.09339621495791928,down,0.09339621495791928,lean (0.05-0.15pp),-0.016775501625865274,-0.48914141361198205,-1.004919889234146,1.0,1.0,1.0,False
2018-11-20,20,2018-09,2018-11,2,forecast,0,-0.35961982344840937,down,0.35961982344840937,strong (>0.30pp),-0.13910692392131718,-0.32233987299516986,-1.004919889234146,1.0,1.0,1.0,False
2018-11-20,20,2018-09,2018-12,3,forecast,0,-0.3827245243465116,down,0.3827245243465116,strong (>0.30pp),-1.0457711177667806,-0.1194515520925643,-1.004919889234146,1.0,1.0,1.0,False
2018-11-30,30,2018-10,2018-11,1,forecast,0,-0.3413094467982436,down,0.3413094467982436,strong (>0.30pp),-0.13910692392131718,-0.32233987299516986,-1.004919889234146,1.0,1.0,1.0,False
2018-11-30,30,2018-10,2018-12,2,forecast,0,-0.36456735333161294,down,0.36456735333161294,strong (>0.30pp),-1.0457711177667806,-0.1194515520925643,-1.004919889234146,1.0,1.0,1.0,False
2018-11-30,30,2018-10,2019-01,3,forecast,0,0.3537446497503538,up,0.3537446497503538,strong (>0.30pp),0.2924785093746163,0.0223042563126441,-0.19155202488416734,1.0,1.0,0.0,False
2018-12-20,20,2018-10,2018-11,1,nowcast,3,-0.349539996520809,down,0.349539996520809,strong (>0.30pp),-0.13910692392131718,-0.32233987299516986,-1.004919889234146,1.0,1.0,1.0,False
2018-12-20,20,2018-10,2018-12,2,forecast,0,-0.36088973906598376,down,0.36088973906598376,strong (>0.30pp),-1.0457711177667806,-0.1194515520925643,-1.004919889234146,1.0,1.0,1.0,False
2018-12-20,20,2018-10,2019-01,3,forecast,0,0.35738989031539603,up,0.35738989031539603,strong (>0.30pp),0.2924785093746163,0.0223042563126441,-0.19155202488416734,1.0,1.0,0.0,False
2018-12-31,31,2018-11,2018-12,1,forecast,0,-0.34078648515487586,down,0.34078648515487586,strong (>0.30pp),-1.0457711177667806,-0.1194515520925643,-1.004919889234146,1.0,1.0,1.0,False
2018-12-31,31,2018-11,2019-01,2,forecast,0,0.3791229406945096,up,0.3791229406945096,strong (>0.30pp),0.2924785093746163,0.0223042563126441,-0.19155202488416734,1.0,1.0,0.0,False
2018-12-31,31,2018-11,2019-02,3,forecast,0,0.03082403240948217,up,0.03082403240948217,toss-up (<0.05pp),-0.2281548203197703,-0.08752588333444944,-0.19155202488416734,0.0,0.0,0.0,False
2019-01-20,20,2018-11,2018-12,1,nowcast,3,-0.5599687305445578,down,0.5599687305445578,strong (>0.30pp),-1.0457711177667806,-0.1194515520925643,-1.004919889234146,1.0,1.0,1.0,False
2019-01-20,20,2018-11,2019-01,2,forecast,0,0.336595237508841,up,0.336595237508841,strong (>0.30pp),0.2924785093746163,0.0223042563126441,-0.19155202488416734,1.0,1.0,0.0,False
2019-01-20,20,2018-11,2019-02,3,forecast,0,-0.010963703654964796,down,0.010963703654964796,toss-up (<0.05pp),-0.2281548203197703,-0.08752588333444944,-0.19155202488416734,1.0,1.0,1.0,False
2019-01-31,31,2018-12,2019-01,1,forecast,0,0.2604973499710672,up,0.2604973499710672,call (0.15-0.30pp),0.2924785093746163,0.0223042563126441,-0.19155202488416734,1.0,1.0,0.0,False
2019-01-31,31,2018-12,2019-02,2,forecast,0,-0.0853330131263208,down,0.0853330131263208,lean (0.05-0.15pp),-0.2281548203197703,-0.08752588333444944,-0.19155202488416734,1.0,1.0,1.0,False
2019-01-31,31,2018-12,2019-03,3,forecast,0,-0.19627425467383386,down,0.19627425467383386,call (0.15-0.30pp),0.2981675332875966,0.11058068761518047,-0.19155202488416734,0.0,0.0,1.0,False
2019-02-20,20,2018-12,2019-01,1,nowcast,3,0.19577779500246084,up,0.19577779500246084,call (0.15-0.30pp),0.2924785093746163,0.0223042563126441,-0.19155202488416734,1.0,1.0,0.0,False
2019-02-20,20,2018-12,2019-02,2,forecast,0,-0.10687168518612733,down,0.10687168518612733,lean (0.05-0.15pp),-0.2281548203197703,-0.08752588333444944,-0.19155202488416734,1.0,1.0,1.0,False
2019-02-20,20,2018-12,2019-03,3,forecast,0,-0.2176541864706616,down,0.2176541864706616,call (0.15-0.30pp),0.2981675332875966,0.11058068761518047,-0.19155202488416734,0.0,0.0,1.0,False
2019-02-28,28,2018-12,2019-01,1,nowcast,3,0.19577779500246084,up,0.19577779500246084,call (0.15-0.30pp),0.2924785093746163,0.0223042563126441,-0.19155202488416734,1.0,1.0,0.0,False
2019-02-28,28,2018-12,2019-02,2,forecast,0,-0.10687168518612733,down,0.10687168518612733,lean (0.05-0.15pp),-0.2281548203197703,-0.08752588333444944,-0.19155202488416734,1.0,1.0,1.0,False
2019-02-28,28,2018-12,2019-03,3,forecast,0,-0.2176541864706616,down,0.2176541864706616,call (0.15-0.30pp),0.2981675332875966,0.11058068761518047,-0.19155202488416734,0.0,0.0,1.0,False
2019-03-20,20,2019-01,2019-02,1,nowcast,3,-0.21873781169976514,down,0.21873781169976514,call (0.15-0.30pp),-0.2281548203197703,-0.08752588333444944,-0.19155202488416734,1.0,1.0,1.0,False
2019-03-20,20,2019-01,2019-03,2,forecast,0,-0.2557662640528813,down,0.2557662640528813,call (0.15-0.30pp),0.2981675332875966,0.11058068761518047,-0.19155202488416734,0.0,0.0,1.0,False
2019-03-20,20,2019-01,2019-04,3,forecast,0,-0.1943931792353748,down,0.1943931792353748,call (0.15-0.30pp),-0.35612030974803144,0.03392256110865688,0.30856696809786754,1.0,0.0,0.0,False
2019-03-31,31,2019-02,2019-03,1,forecast,0,-0.2734208236252478,down,0.2734208236252478,call (0.15-0.30pp),0.2981675332875966,0.11058068761518047,-0.19155202488416734,0.0,0.0,1.0,False
2019-03-31,31,2019-02,2019-04,2,forecast,0,-0.211982415805978,down,0.211982415805978,call (0.15-0.30pp),-0.35612030974803144,0.03392256110865688,0.30856696809786754,1.0,0.0,0.0,False
2019-03-31,31,2019-02,2019-05,3,forecast,0,-0.22194712137608708,down,0.22194712137608708,call (0.15-0.30pp),0.10620379414998382,0.23748725927736913,0.30856696809786754,0.0,0.0,0.0,False
2019-04-20,20,2019-02,2019-03,1,nowcast,3,-0.06493909571503309,down,0.06493909571503309,lean (0.05-0.15pp),0.2981675332875966,0.11058068761518047,-0.19155202488416734,0.0,0.0,1.0,False
2019-04-20,20,2019-02,2019-04,2,forecast,0,-0.17227530114620748,down,0.17227530114620748,call (0.15-0.30pp),-0.35612030974803144,0.03392256110865688,0.30856696809786754,1.0,0.0,0.0,False
2019-04-20,20,2019-02,2019-05,3,forecast,0,-0.1824212063444408,down,0.1824212063444408,call (0.15-0.30pp),0.10620379414998382,0.23748725927736913,0.30856696809786754,0.0,0.0,0.0,False
2019-04-30,30,2019-03,2019-04,1,forecast,0,-0.08812549031409489,down,0.08812549031409489,lean (0.05-0.15pp),-0.35612030974803144,0.03392256110865688,0.30856696809786754,1.0,0.0,0.0,False
2019-04-30,30,2019-03,2019-05,2,forecast,0,-0.09854277828837965,down,0.09854277828837965,lean (0.05-0.15pp),0.10620379414998382,0.23748725927736913,0.30856696809786754,0.0,0.0,0.0,False
2019-04-30,30,2019-03,2019-06,3,forecast,0,-0.05974149972751697,down,0.05974149972751697,lean (0.05-0.15pp),0.050195961034016356,0.18919505311905116,0.30856696809786754,0.0,0.0,0.0,False
2019-05-20,20,2019-03,2019-04,1,nowcast,3,-0.22213171423510758,down,0.22213171423510758,call (0.15-0.30pp),-0.35612030974803144,0.03392256110865688,0.30856696809786754,1.0,0.0,0.0,False
2019-05-20,20,2019-03,2019-05,2,forecast,0,-0.13789078924537623,down,0.13789078924537623,lean (0.05-0.15pp),0.10620379414998382,0.23748725927736913,0.30856696809786754,0.0,0.0,0.0,False
2019-05-20,20,2019-03,2019-06,3,forecast,0,-0.09907885299420549,down,0.09907885299420549,lean (0.05-0.15pp),0.050195961034016356,0.18919505311905116,0.30856696809786754,0.0,0.0,0.0,False
2019-05-31,31,2019-04,2019-05,1,forecast,0,-0.16760299238776089,down,0.16760299238776089,call (0.15-0.30pp),0.10620379414998382,0.23748725927736913,0.30856696809786754,0.0,0.0,0.0,False
2019-05-31,31,2019-04,2019-06,2,forecast,0,-0.12877502820416442,down,0.12877502820416442,lean (0.05-0.15pp),0.050195961034016356,0.18919505311905116,0.30856696809786754,0.0,0.0,0.0,False
2019-05-31,31,2019-04,2019-07,3,forecast,0,-0.1928177212766169,down,0.1928177212766169,call (0.15-0.30pp),-0.007428403231202196,0.20343909220645884,0.5550911739446107,1.0,0.0,0.0,False
2019-06-20,20,2019-04,2019-05,1,nowcast,3,-0.0005042250968978479,down,0.0005042250968978479,toss-up (<0.05pp),0.10620379414998382,0.23748725927736913,0.30856696809786754,0.0,0.0,0.0,False
2019-06-20,20,2019-04,2019-06,2,forecast,0,-0.1156175100085699,down,0.1156175100085699,lean (0.05-0.15pp),0.050195961034016356,0.18919505311905116,0.30856696809786754,0.0,0.0,0.0,False
2019-06-20,20,2019-04,2019-07,3,forecast,0,-0.1798152184240287,down,0.1798152184240287,call (0.15-0.30pp),-0.007428403231202196,0.20343909220645884,0.5550911739446107,1.0,0.0,0.0,False
2019-06-30,30,2019-05,2019-06,1,forecast,0,-0.13576780416515444,down,0.13576780416515444,lean (0.05-0.15pp),0.050195961034016356,0.18919505311905116,0.30856696809786754,0.0,0.0,0.0,False
2019-06-30,30,2019-05,2019-07,2,forecast,0,-0.1999580026843084,down,0.1999580026843084,call (0.15-0.30pp),-0.007428403231202196,0.20343909220645884,0.5550911739446107,1.0,0.0,0.0,False
2019-06-30,30,2019-05,2019-08,3,forecast,0,-0.21084872271583954,down,0.21084872271583954,call (0.15-0.30pp),0.18252989032059297,0.15590034146151233,0.5550911739446107,0.0,0.0,0.0,False
2019-07-20,20,2019-05,2019-06,1,nowcast,3,-0.07266171116913078,down,0.07266171116913078,lean (0.05-0.15pp),0.050195961034016356,0.18919505311905116,0.30856696809786754,0.0,0.0,0.0,False
2019-07-20,20,2019-05,2019-07,2,forecast,0,-0.1675153825388076,down,0.1675153825388076,call (0.15-0.30pp),-0.007428403231202196,0.20343909220645884,0.5550911739446107,1.0,0.0,0.0,False
2019-07-20,20,2019-05,2019-08,3,forecast,0,-0.17853823127180757,down,0.17853823127180757,call (0.15-0.30pp),0.18252989032059297,0.15590034146151233,0.5550911739446107,0.0,0.0,0.0,False
2019-07-31,31,2019-06,2019-07,1,forecast,0,-0.076297209699705,down,0.076297209699705,lean (0.05-0.15pp),-0.007428403231202196,0.20343909220645884,0.5550911739446107,1.0,0.0,0.0,False
2019-07-31,31,2019-06,2019-08,2,forecast,0,-0.0875735948761891,down,0.0875735948761891,lean (0.05-0.15pp),0.18252989032059297,0.15590034146151233,0.5550911739446107,0.0,0.0,0.0,False
2019-07-31,31,2019-06,2019-09,3,forecast,0,0.3509490190753972,up,0.3509490190753972,strong (>0.30pp),0.16730591474536372,0.06456927979083815,0.5550911739446107,1.0,1.0,1.0,False
2019-08-20,20,2019-06,2019-07,1,nowcast,3,-0.09473011008922505,down,0.09473011008922505,lean (0.05-0.15pp),-0.007428403231202196,0.20343909220645884,0.5550911739446107,1.0,0.0,0.0,False
2019-08-20,20,2019-06,2019-08,2,forecast,0,-0.08175601989928172,down,0.08175601989928172,lean (0.05-0.15pp),0.18252989032059297,0.15590034146151233,0.5550911739446107,0.0,0.0,0.0,False
2019-08-20,20,2019-06,2019-09,3,forecast,0,0.35672741907704086,up,0.35672741907704086,strong (>0.30pp),0.16730591474536372,0.06456927979083815,0.5550911739446107,1.0,1.0,1.0,False
2019-08-31,31,2019-07,2019-08,1,forecast,0,-0.06559244035757583,down,0.06559244035757583,lean (0.05-0.15pp),0.18252989032059297,0.15590034146151233,0.5550911739446107,0.0,0.0,0.0,False
2019-08-31,31,2019-07,2019-09,2,forecast,0,0.37338535594688693,up,0.37338535594688693,strong (>0.30pp),0.16730591474536372,0.06456927979083815,0.5550911739446107,1.0,1.0,1.0,False
2019-08-31,31,2019-07,2019-10,3,forecast,0,-0.07917681432632051,down,0.07917681432632051,lean (0.05-0.15pp),-0.3752549581793829,0.12300241116018906,0.5545596555552423,1.0,0.0,0.0,False
2019-09-20,20,2019-07,2019-08,1,nowcast,3,0.10320354301915913,up,0.10320354301915913,lean (0.05-0.15pp),0.18252989032059297,0.15590034146151233,0.5550911739446107,1.0,1.0,1.0,False
2019-09-20,20,2019-07,2019-09,2,forecast,0,0.42340412066610433,up,0.42340412066610433,strong (>0.30pp),0.16730591474536372,0.06456927979083815,0.5550911739446107,1.0,1.0,1.0,False
2019-09-20,20,2019-07,2019-10,3,forecast,0,-0.02996404214761217,down,0.02996404214761217,toss-up (<0.05pp),-0.3752549581793829,0.12300241116018906,0.5545596555552423,1.0,0.0,0.0,False
2019-09-30,30,2019-08,2019-09,1,forecast,0,0.4595078871531877,up,0.4595078871531877,strong (>0.30pp),0.16730591474536372,0.06456927979083815,0.5550911739446107,1.0,1.0,1.0,False
2019-09-30,30,2019-08,2019-10,2,forecast,0,0.005777292059372385,up,0.005777292059372385,toss-up (<0.05pp),-0.3752549581793829,0.12300241116018906,0.5545596555552423,0.0,1.0,1.0,False
2019-09-30,30,2019-08,2019-11,3,forecast,0,-0.0904628379219119,down,0.0904628379219119,lean (0.05-0.15pp),0.0777066691027617,0.34811424501592914,0.5545596555552423,0.0,0.0,0.0,False
2019-10-20,20,2019-08,2019-09,1,nowcast,3,0.27978825902035265,up,0.27978825902035265,call (0.15-0.30pp),0.16730591474536372,0.06456927979083815,0.5550911739446107,1.0,1.0,1.0,False
2019-10-20,20,2019-08,2019-10,2,forecast,0,-0.04210425984949584,down,0.04210425984949584,toss-up (<0.05pp),-0.3752549581793829,0.12300241116018906,0.5545596555552423,1.0,0.0,0.0,False
2019-10-20,20,2019-08,2019-11,3,forecast,0,-0.13806782193201972,down,0.13806782193201972,lean (0.05-0.15pp),0.0777066691027617,0.34811424501592914,0.5545596555552423,0.0,0.0,0.0,False
2019-10-31,31,2019-09,2019-10,1,forecast,0,-0.0917069891362976,down,0.0917069891362976,lean (0.05-0.15pp),-0.3752549581793829,0.12300241116018906,0.5545596555552423,1.0,0.0,0.0,False
2019-10-31,31,2019-09,2019-11,2,forecast,0,-0.18740600232549642,down,0.18740600232549642,call (0.15-0.30pp),0.0777066691027617,0.34811424501592914,0.5545596555552423,0.0,0.0,0.0,False
2019-10-31,31,2019-09,2019-12,3,forecast,0,0.6956409528900309,up,0.6956409528900309,strong (>0.30pp),0.5363893415485599,0.2767277696074322,0.5545596555552423,1.0,1.0,1.0,False
2019-11-20,20,2019-09,2019-10,1,nowcast,3,-0.22805765203024464,down,0.22805765203024464,call (0.15-0.30pp),-0.3752549581793829,0.12300241116018906,0.5545596555552423,1.0,0.0,0.0,False
2019-11-20,20,2019-09,2019-11,2,forecast,0,-0.18520873757883471,down,0.18520873757883471,call (0.15-0.30pp),0.0777066691027617,0.34811424501592914,0.5545596555552423,0.0,0.0,0.0,False
2019-11-20,20,2019-09,2019-12,3,forecast,0,0.6966817269710601,up,0.6966817269710601,strong (>0.30pp),0.5363893415485599,0.2767277696074322,0.5545596555552423,1.0,1.0,1.0,False
2019-11-30,30,2019-10,2019-11,1,forecast,0,-0.17982799092717272,down,0.17982799092717272,call (0.15-0.30pp),0.0777066691027617,0.34811424501592914,0.5545596555552423,0.0,0.0,0.0,False
2019-11-30,30,2019-10,2019-12,2,forecast,0,0.7008556114515674,up,0.7008556114515674,strong (>0.30pp),0.5363893415485599,0.2767277696074322,0.5545596555552423,1.0,1.0,1.0,False
2019-11-30,30,2019-10,2020-01,3,forecast,0,0.08053694462781813,up,0.08053694462781813,lean (0.05-0.15pp),0.12865087043474333,-0.14459740333914173,-1.9932414951223665,1.0,0.0,0.0,False
2019-12-20,20,2019-10,2019-11,1,nowcast,3,-0.0911309453400122,down,0.0911309453400122,lean (0.05-0.15pp),0.0777066691027617,0.34811424501592914,0.5545596555552423,0.0,0.0,0.0,False
2019-12-20,20,2019-10,2019-12,2,forecast,0,0.6975593743282493,up,0.6975593743282493,strong (>0.30pp),0.5363893415485599,0.2767277696074322,0.5545596555552423,1.0,1.0,1.0,False
2019-12-20,20,2019-10,2020-01,3,forecast,0,0.07669153568339304,up,0.07669153568339304,lean (0.05-0.15pp),0.12865087043474333,-0.14459740333914173,-1.9932414951223665,1.0,0.0,0.0,False
2019-12-31,31,2019-11,2019-12,1,forecast,0,0.7223903334651283,up,0.7223903334651283,strong (>0.30pp),0.5363893415485599,0.2767277696074322,0.5545596555552423,1.0,1.0,1.0,False
2019-12-31,31,2019-11,2020-01,2,forecast,0,0.10052963273521343,up,0.10052963273521343,lean (0.05-0.15pp),0.12865087043474333,-0.14459740333914173,-1.9932414951223665,1.0,0.0,0.0,False
2019-12-31,31,2019-11,2020-02,3,forecast,0,0.27722619156331785,up,0.27722619156331785,call (0.15-0.30pp),-0.00892132657959177,-1.3830136177506835,-1.9932414951223665,0.0,0.0,0.0,True
2020-01-20,20,2019-11,2019-12,1,nowcast,3,0.6882576835878451,up,0.6882576835878451,strong (>0.30pp),0.5363893415485599,0.2767277696074322,0.5545596555552423,1.0,1.0,1.0,False
2020-01-20,20,2019-11,2020-01,2,forecast,0,0.0905731761729589,up,0.0905731761729589,lean (0.05-0.15pp),0.12865087043474333,-0.14459740333914173,-1.9932414951223665,1.0,0.0,0.0,False
2020-01-20,20,2019-11,2020-02,3,forecast,0,0.2671579934889756,up,0.2671579934889756,call (0.15-0.30pp),-0.00892132657959177,-1.3830136177506835,-1.9932414951223665,0.0,0.0,0.0,True
2020-01-31,31,2019-12,2020-01,1,forecast,0,0.06504398401721012,up,0.06504398401721012,lean (0.05-0.15pp),0.12865087043474333,-0.14459740333914173,-1.9932414951223665,1.0,0.0,0.0,False
2020-01-31,31,2019-12,2020-02,2,forecast,0,0.24124025011076355,up,0.24124025011076355,call (0.15-0.30pp),-0.00892132657959177,-1.3830136177506835,-1.9932414951223665,0.0,0.0,0.0,True
2020-01-31,31,2019-12,2020-03,3,forecast,0,-0.4005539641969147,down,0.4005539641969147,strong (>0.30pp),-6.136408422737539,-4.800996690930381,-1.9932414951223665,1.0,1.0,1.0,True
2020-02-20,20,2019-12,2020-01,1,nowcast,3,-0.054241115621023184,down,0.054241115621023184,lean (0.05-0.15pp),0.12865087043474333,-0.14459740333914173,-1.9932414951223665,0.0,1.0,1.0,False
2020-02-20,20,2019-12,2020-02,2,forecast,0,0.22338972360469445,up,0.22338972360469445,call (0.15-0.30pp),-0.00892132657959177,-1.3830136177506835,-1.9932414951223665,0.0,0.0,0.0,True
2020-02-20,20,2019-12,2020-03,3,forecast,0,-0.417514646131778,down,0.417514646131778,strong (>0.30pp),-6.136408422737539,-4.800996690930381,-1.9932414951223665,1.0,1.0,1.0,True
2020-02-29,29,2019-12,2020-01,1,nowcast,3,-0.054241115621023184,down,0.054241115621023184,lean (0.05-0.15pp),0.12865087043474333,-0.14459740333914173,-1.9932414951223665,0.0,1.0,1.0,False
2020-02-29,29,2019-12,2020-02,2,forecast,0,0.22338972360469445,up,0.22338972360469445,call (0.15-0.30pp),-0.00892132657959177,-1.3830136177506835,-1.9932414951223665,0.0,0.0,0.0,True
2020-02-29,29,2019-12,2020-03,3,forecast,0,-0.417514646131778,down,0.417514646131778,strong (>0.30pp),-6.136408422737539,-4.800996690930381,-1.9932414951223665,1.0,1.0,1.0,True
2020-03-20,20,2020-01,2020-02,1,nowcast,3,0.32671738319445254,up,0.32671738319445254,strong (>0.30pp),-0.00892132657959177,-1.3830136177506835,-1.9932414951223665,0.0,0.0,0.0,True
2020-03-20,20,2020-01,2020-03,2,forecast,0,-0.4205510740914242,down,0.4205510740914242,strong (>0.30pp),-6.136408422737539,-4.800996690930381,-1.9932414951223665,1.0,1.0,1.0,True
2020-03-20,20,2020-01,2020-04,3,forecast,0,0.30022749411919847,up,0.30022749411919847,strong (>0.30pp),-10.773753207134828,-9.962519841245776,-8.757149987860636,0.0,0.0,0.0,True
2020-03-31,31,2020-02,2020-03,1,forecast,0,-0.48698918771068467,down,0.48698918771068467,strong (>0.30pp),-6.136408422737539,-4.800996690930381,-1.9932414951223665,1.0,1.0,1.0,True
2020-03-31,31,2020-02,2020-04,2,forecast,0,0.23107689089112426,up,0.23107689089112426,call (0.15-0.30pp),-10.773753207134828,-9.962519841245776,-8.757149987860636,0.0,0.0,0.0,True
2020-03-31,31,2020-02,2020-05,3,forecast,0,-0.24329169967551856,down,0.24329169967551856,call (0.15-0.30pp),5.885918986601512,-0.8959499651459257,-8.757149987860636,0.0,1.0,1.0,True
2020-04-20,20,2020-02,2020-03,1,nowcast,3,-2.126721643269125,down,2.126721643269125,strong (>0.30pp),-6.136408422737539,-4.800996690930381,-1.9932414951223665,1.0,1.0,1.0,True
2020-04-20,20,2020-02,2020-04,2,forecast,0,-0.03028201688559662,down,0.03028201688559662,toss-up (<0.05pp),-10.773753207134828,-9.962519841245776,-8.757149987860636,1.0,1.0,1.0,True
2020-04-20,20,2020-02,2020-05,3,forecast,0,-0.49511456153473743,down,0.49511456153473743,strong (>0.30pp),5.885918986601512,-0.8959499651459257,-8.757149987860636,0.0,1.0,1.0,True
2020-04-30,30,2020-03,2020-04,1,forecast,0,-0.6790162532974926,down,0.6790162532974926,strong (>0.30pp),-10.773753207134828,-9.962519841245776,-8.757149987860636,1.0,1.0,1.0,True
2020-04-30,30,2020-03,2020-05,2,forecast,0,-1.1144177598765408,down,1.1144177598765408,strong (>0.30pp),5.885918986601512,-0.8959499651459257,-8.757149987860636,0.0,1.0,1.0,True
2020-04-30,30,2020-03,2020-06,3,forecast,0,-1.0143064117188354,down,1.0143064117188354,strong (>0.30pp),4.603393831086311,1.6929301922524171,-8.757149987860636,0.0,0.0,1.0,True
2020-05-20,20,2020-03,2020-04,1,nowcast,3,-5.085436758032223,down,5.085436758032223,strong (>0.30pp),-10.773753207134828,-9.962519841245776,-8.757149987860636,1.0,1.0,1.0,True
2020-05-20,20,2020-03,2020-05,2,forecast,0,-1.7942495402341727,down,1.7942495402341727,strong (>0.30pp),5.885918986601512,-0.8959499651459257,-8.757149987860636,0.0,1.0,1.0,True
2020-05-20,20,2020-03,2020-06,3,forecast,0,-1.6771443091166294,down,1.6771443091166294,strong (>0.30pp),4.603393831086311,1.6929301922524171,-8.757149987860636,0.0,0.0,1.0,True
2020-05-31,31,2020-04,2020-05,1,forecast,0,-2.6569986553026332,down,2.6569986553026332,strong (>0.30pp),5.885918986601512,-0.8959499651459257,-8.757149987860636,0.0,1.0,1.0,True
2020-05-31,31,2020-04,2020-06,2,forecast,0,-2.4993994269849154,down,2.4993994269849154,strong (>0.30pp),4.603393831086311,1.6929301922524171,-8.757149987860636,0.0,0.0,1.0,True
2020-05-31,31,2020-04,2020-07,3,forecast,0,-2.429140478470238,down,2.429140478470238,strong (>0.30pp),1.4010688522112402,2.3513572929170774,6.033942859011187,0.0,0.0,0.0,True
2020-06-20,20,2020-04,2020-05,1,nowcast,3,0.2635715909645384,up,0.2635715909645384,call (0.15-0.30pp),5.885918986601512,-0.8959499651459257,-8.757149987860636,1.0,0.0,0.0,True
2020-06-20,20,2020-04,2020-06,2,forecast,0,-2.274214765003766,down,2.274214765003766,strong (>0.30pp),4.603393831086311,1.6929301922524171,-8.757149987860636,0.0,0.0,1.0,True
2020-06-20,20,2020-04,2020-07,3,forecast,0,-2.2193285703955183,down,2.2193285703955183,strong (>0.30pp),1.4010688522112402,2.3513572929170774,6.033942859011187,0.0,0.0,0.0,True
2020-06-30,30,2020-05,2020-06,1,forecast,0,-1.78612806014854,down,1.78612806014854,strong (>0.30pp),4.603393831086311,1.6929301922524171,-8.757149987860636,0.0,0.0,1.0,True
2020-06-30,30,2020-05,2020-07,2,forecast,0,-1.7571522734756257,down,1.7571522734756257,strong (>0.30pp),1.4010688522112402,2.3513572929170774,6.033942859011187,0.0,0.0,0.0,True
2020-06-30,30,2020-05,2020-08,3,forecast,0,-1.8927153538120347,down,1.8927153538120347,strong (>0.30pp),0.4350500494100906,1.8131719920976739,6.033942859011187,0.0,0.0,0.0,True
2020-07-20,20,2020-05,2020-06,1,nowcast,3,0.7009803853064156,up,0.7009803853064156,strong (>0.30pp),4.603393831086311,1.6929301922524171,-8.757149987860636,1.0,1.0,0.0,True
2020-07-20,20,2020-05,2020-07,2,forecast,0,-1.4998956332471725,down,1.4998956332471725,strong (>0.30pp),1.4010688522112402,2.3513572929170774,6.033942859011187,0.0,0.0,0.0,True
2020-07-20,20,2020-05,2020-08,3,forecast,0,-1.6514343007688943,down,1.6514343007688943,strong (>0.30pp),0.4350500494100906,1.8131719920976739,6.033942859011187,0.0,0.0,0.0,True
2020-07-31,31,2020-06,2020-07,1,forecast,0,-1.0760161447348038,down,1.0760161447348038,strong (>0.30pp),1.4010688522112402,2.3513572929170774,6.033942859011187,0.0,0.0,0.0,True
2020-07-31,31,2020-06,2020-08,2,forecast,0,-1.2493298230743077,down,1.2493298230743077,strong (>0.30pp),0.4350500494100906,1.8131719920976739,6.033942859011187,0.0,0.0,0.0,True
2020-07-31,31,2020-06,2020-09,3,forecast,0,-0.8193441919109201,down,0.8193441919109201,strong (>0.30pp),1.057734728188009,0.7540966247178149,6.033942859011187,0.0,0.0,0.0,True
2020-08-20,20,2020-06,2020-07,1,nowcast,3,0.03517880758473524,up,0.03517880758473524,toss-up (<0.05pp),1.4010688522112402,2.3513572929170774,6.033942859011187,1.0,1.0,1.0,True
2020-08-20,20,2020-06,2020-08,2,forecast,0,-1.1235476614335003,down,1.1235476614335003,strong (>0.30pp),0.4350500494100906,1.8131719920976739,6.033942859011187,0.0,0.0,0.0,True
2020-08-20,20,2020-06,2020-09,3,forecast,0,-0.6907729825462283,down,0.6907729825462283,strong (>0.30pp),1.057734728188009,0.7540966247178149,6.033942859011187,0.0,0.0,0.0,True
2020-08-31,31,2020-07,2020-08,1,forecast,0,-1.0489009784278136,down,1.0489009784278136,strong (>0.30pp),0.4350500494100906,1.8131719920976739,6.033942859011187,0.0,0.0,0.0,True
2020-08-31,31,2020-07,2020-09,2,forecast,0,-0.6111953005960684,down,0.6111953005960684,strong (>0.30pp),1.057734728188009,0.7540966247178149,6.033942859011187,0.0,0.0,0.0,True
2020-08-31,31,2020-07,2020-10,3,forecast,0,-0.5234651102283596,down,0.5234651102283596,strong (>0.30pp),0.5231403331436124,-0.24912108376385955,0.4424568580500332,0.0,1.0,0.0,True
2020-09-20,20,2020-07,2020-08,1,nowcast,3,-0.4920624384809891,down,0.4920624384809891,strong (>0.30pp),0.4350500494100906,1.8131719920976739,6.033942859011187,0.0,0.0,0.0,True
2020-09-20,20,2020-07,2020-09,2,forecast,0,-0.5720749012902759,down,0.5720749012902759,strong (>0.30pp),1.057734728188009,0.7540966247178149,6.033942859011187,0.0,0.0,0.0,True
2020-09-20,20,2020-07,2020-10,3,forecast,0,-0.484285274025098,down,0.484285274025098,strong (>0.30pp),0.5231403331436124,-0.24912108376385955,0.4424568580500332,0.0,1.0,0.0,True
2020-09-30,30,2020-08,2020-09,1,forecast,0,-0.46593002504978775,down,0.46593002504978775,strong (>0.30pp),1.057734728188009,0.7540966247178149,6.033942859011187,0.0,0.0,0.0,True
2020-09-30,30,2020-08,2020-10,2,forecast,0,-0.37829572161396374,down,0.37829572161396374,strong (>0.30pp),0.5231403331436124,-0.24912108376385955,0.4424568580500332,0.0,1.0,0.0,True
2020-09-30,30,2020-08,2020-11,3,forecast,0,-0.895922423174567,down,0.895922423174567,strong (>0.30pp),-0.6396944130019566,-0.7804261431374027,0.4424568580500332,1.0,1.0,0.0,True
2020-10-20,20,2020-08,2020-09,1,nowcast,3,-0.009563393332545633,down,0.009563393332545633,toss-up (<0.05pp),1.057734728188009,0.7540966247178149,6.033942859011187,0.0,0.0,0.0,True
2020-10-20,20,2020-08,2020-10,2,forecast,0,-0.06693035427040028,down,0.06693035427040028,lean (0.05-0.15pp),0.5231403331436124,-0.24912108376385955,0.4424568580500332,0.0,1.0,0.0,True
2020-10-20,20,2020-08,2020-11,3,forecast,0,-0.5917867022922407,down,0.5917867022922407,strong (>0.30pp),-0.6396944130019566,-0.7804261431374027,0.4424568580500332,1.0,1.0,0.0,True
2020-10-31,31,2020-09,2020-10,1,forecast,0,0.7187188179406778,up,0.7187188179406778,strong (>0.30pp),0.5231403331436124,-0.24912108376385955,0.4424568580500332,1.0,0.0,1.0,True
2020-10-31,31,2020-09,2020-11,2,forecast,0,0.18481560038268174,up,0.18481560038268174,call (0.15-0.30pp),-0.6396944130019566,-0.7804261431374027,0.4424568580500332,0.0,0.0,1.0,True
2020-10-31,31,2020-09,2020-12,3,forecast,0,0.6017033094137814,up,0.6017033094137814,strong (>0.30pp),0.40480013318574537,-0.2195532870789112,0.4424568580500332,1.0,0.0,1.0,True
2020-11-20,20,2020-09,2020-10,1,nowcast,3,0.7130402815086923,up,0.7130402815086923,strong (>0.30pp),0.5231403331436124,-0.24912108376385955,0.4424568580500332,1.0,0.0,1.0,True
2020-11-20,20,2020-09,2020-11,2,forecast,0,1.0411553398501194,up,1.0411553398501194,strong (>0.30pp),-0.6396944130019566,-0.7804261431374027,0.4424568580500332,0.0,0.0,1.0,True
2020-11-20,20,2020-09,2020-12,3,forecast,0,1.4757755922642612,up,1.4757755922642612,strong (>0.30pp),0.40480013318574537,-0.2195532870789112,0.4424568580500332,1.0,0.0,1.0,True
2020-11-30,30,2020-10,2020-11,1,forecast,0,2.270833609231848,up,2.270833609231848,strong (>0.30pp),-0.6396944130019566,-0.7804261431374027,0.4424568580500332,0.0,0.0,1.0,True
2020-11-30,30,2020-10,2020-12,2,forecast,0,2.7561723430733043,up,2.7561723430733043,strong (>0.30pp),0.40480013318574537,-0.2195532870789112,0.4424568580500332,1.0,0.0,1.0,True
2020-11-30,30,2020-10,2021-01,3,forecast,0,2.6067295482909536,up,2.6067295482909536,strong (>0.30pp),0.9615542024220325,0.5718511583095118,2.722969418174248,1.0,1.0,1.0,True
2020-12-20,20,2020-10,2020-11,1,nowcast,3,1.2360829943134477,up,1.2360829943134477,strong (>0.30pp),-0.6396944130019566,-0.7804261431374027,0.4424568580500332,0.0,0.0,1.0,True
2020-12-20,20,2020-10,2020-12,2,forecast,0,2.3143510275982715,up,2.3143510275982715,strong (>0.30pp),0.40480013318574537,-0.2195532870789112,0.4424568580500332,1.0,0.0,1.0,True
2020-12-20,20,2020-10,2021-01,3,forecast,0,2.1474400553558537,up,2.1474400553558537,strong (>0.30pp),0.9615542024220325,0.5718511583095118,2.722969418174248,1.0,1.0,1.0,True
2020-12-31,31,2020-11,2020-12,1,forecast,0,1.4688607427909672,up,1.4688607427909672,strong (>0.30pp),0.40480013318574537,-0.2195532870789112,0.4424568580500332,1.0,0.0,1.0,True
2020-12-31,31,2020-11,2021-01,2,forecast,0,1.278051628944965,up,1.278051628944965,strong (>0.30pp),0.9615542024220325,0.5718511583095118,2.722969418174248,1.0,1.0,1.0,True
2020-12-31,31,2020-11,2021-02,3,forecast,0,1.6097104074044077,up,1.6097104074044077,strong (>0.30pp),-1.295833922030587,1.393217653984502,2.722969418174248,0.0,1.0,1.0,True
2021-01-20,20,2020-11,2020-12,1,nowcast,3,1.1194799144119916,up,1.1194799144119916,strong (>0.30pp),0.40480013318574537,-0.2195532870789112,0.4424568580500332,1.0,0.0,1.0,True
2021-01-20,20,2020-11,2021-01,2,forecast,0,0.9735433315872899,up,0.9735433315872899,strong (>0.30pp),0.9615542024220325,0.5718511583095118,2.722969418174248,1.0,1.0,1.0,True
2021-01-20,20,2020-11,2021-02,3,forecast,0,1.2954154496457981,up,1.2954154496457981,strong (>0.30pp),-1.295833922030587,1.393217653984502,2.722969418174248,0.0,1.0,1.0,True
2021-01-31,31,2020-12,2021-01,1,forecast,0,0.47861107893796273,up,0.47861107893796273,strong (>0.30pp),0.9615542024220325,0.5718511583095118,2.722969418174248,1.0,1.0,1.0,True
2021-01-31,31,2020-12,2021-02,2,forecast,0,0.7880298702100053,up,0.7880298702100053,strong (>0.30pp),-1.295833922030587,1.393217653984502,2.722969418174248,0.0,1.0,1.0,True
2021-01-31,31,2020-12,2021-03,3,forecast,0,6.565366812092366,up,6.565366812092366,strong (>0.30pp),9.920170057990575,5.433881786082761,2.722969418174248,1.0,1.0,1.0,True
2021-02-20,20,2020-12,2021-01,1,nowcast,3,0.7098565889849806,up,0.7098565889849806,strong (>0.30pp),0.9615542024220325,0.5718511583095118,2.722969418174248,1.0,1.0,1.0,True
2021-02-20,20,2020-12,2021-02,2,forecast,0,0.7458352363503118,up,0.7458352363503118,strong (>0.30pp),-1.295833922030587,1.393217653984502,2.722969418174248,0.0,1.0,1.0,True
2021-02-20,20,2020-12,2021-03,3,forecast,0,6.530858902577208,up,6.530858902577208,strong (>0.30pp),9.920170057990575,5.433881786082761,2.722969418174248,1.0,1.0,1.0,True
2021-02-28,28,2020-12,2021-01,1,nowcast,3,0.7098565889849806,up,0.7098565889849806,strong (>0.30pp),0.9615542024220325,0.5718511583095118,2.722969418174248,1.0,1.0,1.0,True
2021-02-28,28,2020-12,2021-02,2,forecast,0,0.7458352363503118,up,0.7458352363503118,strong (>0.30pp),-1.295833922030587,1.393217653984502,2.722969418174248,0.0,1.0,1.0,True
2021-02-28,28,2020-12,2021-03,3,forecast,0,6.530858902577208,up,6.530858902577208,strong (>0.30pp),9.920170057990575,5.433881786082761,2.722969418174248,1.0,1.0,1.0,True
2021-03-20,20,2021-01,2021-02,1,nowcast,3,-0.40238960530772916,down,0.40238960530772916,strong (>0.30pp),-1.295833922030587,1.393217653984502,2.722969418174248,1.0,0.0,0.0,True
2021-03-20,20,2021-01,2021-03,2,forecast,0,6.21909131553865,up,6.21909131553865,strong (>0.30pp),9.920170057990575,5.433881786082761,2.722969418174248,1.0,1.0,1.0,True
2021-03-20,20,2021-01,2021-04,3,forecast,0,14.042172411600507,up,14.042172411600507,strong (>0.30pp),14.617911636377535,11.698817826634123,10.58491513298201,1.0,1.0,1.0,True
2021-03-31,31,2021-02,2021-03,1,forecast,0,5.979757000267427,up,5.979757000267427,strong (>0.30pp),9.920170057990575,5.433881786082761,2.722969418174248,1.0,1.0,1.0,True
2021-03-31,31,2021-02,2021-04,2,forecast,0,13.684245420686516,up,13.684245420686516,strong (>0.30pp),14.617911636377535,11.698817826634123,10.58491513298201,1.0,1.0,1.0,True
2021-03-31,31,2021-02,2021-05,3,forecast,0,-7.71032760149042,down,7.71032760149042,strong (>0.30pp),-8.32768732783551,1.0651616626161875,10.58491513298201,1.0,0.0,0.0,True
2021-04-20,20,2021-02,2021-03,1,nowcast,3,7.573281487985817,up,7.573281487985817,strong (>0.30pp),9.920170057990575,5.433881786082761,2.722969418174248,1.0,1.0,1.0,True
2021-04-20,20,2021-02,2021-04,2,forecast,0,14.14837130686768,up,14.14837130686768,strong (>0.30pp),14.617911636377535,11.698817826634123,10.58491513298201,1.0,1.0,1.0,True
2021-04-20,20,2021-02,2021-05,3,forecast,0,-7.6048953872782,down,7.6048953872782,strong (>0.30pp),-8.32768732783551,1.0651616626161875,10.58491513298201,1.0,0.0,0.0,True
2021-04-30,30,2021-03,2021-04,1,forecast,0,14.79201200737863,up,14.79201200737863,strong (>0.30pp),14.617911636377535,11.698817826634123,10.58491513298201,1.0,1.0,1.0,True
2021-04-30,30,2021-03,2021-05,2,forecast,0,-7.4829108134960585,down,7.4829108134960585,strong (>0.30pp),-8.32768732783551,1.0651616626161875,10.58491513298201,1.0,0.0,0.0,True
2021-04-30,30,2021-03,2021-06,3,forecast,0,-5.006781101039159,down,5.006781101039159,strong (>0.30pp),-5.132384858288598,-2.4484074888595497,10.58491513298201,1.0,1.0,0.0,True
2021-05-20,20,2021-03,2021-04,1,nowcast,3,14.584684079235167,up,14.584684079235167,strong (>0.30pp),14.617911636377535,11.698817826634123,10.58491513298201,1.0,1.0,1.0,True
2021-05-20,20,2021-03,2021-05,2,forecast,0,-7.477748395184937,down,7.477748395184937,strong (>0.30pp),-8.32768732783551,1.0651616626161875,10.58491513298201,1.0,0.0,0.0,True
2021-05-20,20,2021-03,2021-06,3,forecast,0,-5.005139271855397,down,5.005139271855397,strong (>0.30pp),-5.132384858288598,-2.4484074888595497,10.58491513298201,1.0,1.0,0.0,True
2021-05-31,31,2021-04,2021-05,1,forecast,0,-7.43987796243162,down,7.43987796243162,strong (>0.30pp),-8.32768732783551,1.0651616626161875,10.58491513298201,1.0,0.0,0.0,True
2021-05-31,31,2021-04,2021-06,2,forecast,0,-4.970040584997548,down,4.970040584997548,strong (>0.30pp),-5.132384858288598,-2.4484074888595497,10.58491513298201,1.0,1.0,0.0,True
2021-05-31,31,2021-04,2021-07,3,forecast,0,-1.0177973563860743,down,1.0177973563860743,strong (>0.30pp),-1.979051464088121,-3.064921623610095,-7.234858314338922,1.0,1.0,1.0,False
2021-06-20,20,2021-04,2021-05,1,nowcast,3,-7.671669134067251,down,7.671669134067251,strong (>0.30pp),-8.32768732783551,1.0651616626161875,10.58491513298201,1.0,0.0,0.0,True
2021-06-20,20,2021-04,2021-06,2,forecast,0,-4.9442769823955235,down,4.9442769823955235,strong (>0.30pp),-5.132384858288598,-2.4484074888595497,10.58491513298201,1.0,1.0,0.0,True
2021-06-20,20,2021-04,2021-07,3,forecast,0,-1.0002372970426823,down,1.0002372970426823,strong (>0.30pp),-1.979051464088121,-3.064921623610095,-7.234858314338922,1.0,1.0,1.0,False
2021-06-30,30,2021-05,2021-06,1,forecast,0,-4.8946647405224475,down,4.8946647405224475,strong (>0.30pp),-5.132384858288598,-2.4484074888595497,10.58491513298201,1.0,1.0,0.0,True
2021-06-30,30,2021-05,2021-07,2,forecast,0,-0.9734106317293545,down,0.9734106317293545,strong (>0.30pp),-1.979051464088121,-3.064921623610095,-7.234858314338922,1.0,1.0,1.0,False
2021-06-30,30,2021-05,2021-08,3,forecast,0,-0.08930114424514635,down,0.08930114424514635,lean (0.05-0.15pp),-0.5076106761032984,-2.175979778542092,-7.234858314338922,1.0,1.0,1.0,False
2021-07-20,20,2021-05,2021-06,1,nowcast,3,-5.0595405978548715,down,5.0595405978548715,strong (>0.30pp),-5.132384858288598,-2.4484074888595497,10.58491513298201,1.0,1.0,0.0,True
2021-07-20,20,2021-05,2021-07,2,forecast,0,-0.9942056709158162,down,0.9942056709158162,strong (>0.30pp),-1.979051464088121,-3.064921623610095,-7.234858314338922,1.0,1.0,1.0,False
2021-07-20,20,2021-05,2021-08,3,forecast,0,-0.11138086566031546,down,0.11138086566031546,lean (0.05-0.15pp),-0.5076106761032984,-2.175979778542092,-7.234858314338922,1.0,1.0,1.0,False
2021-07-31,31,2021-06,2021-07,1,forecast,0,-0.9439889431207327,down,0.9439889431207327,strong (>0.30pp),-1.979051464088121,-3.064921623610095,-7.234858314338922,1.0,1.0,1.0,False
2021-07-31,31,2021-06,2021-08,2,forecast,0,-0.06182878007261294,down,0.06182878007261294,lean (0.05-0.15pp),-0.5076106761032984,-2.175979778542092,-7.234858314338922,1.0,1.0,1.0,False
2021-07-31,31,2021-06,2021-09,3,forecast,0,-0.26116564189453584,down,0.26116564189453584,call (0.15-0.30pp),-1.1665403988156742,-0.41759653940172115,-7.234858314338922,1.0,1.0,1.0,False
2021-08-20,20,2021-06,2021-07,1,nowcast,3,-1.2847597778847124,down,1.2847597778847124,strong (>0.30pp),-1.979051464088121,-3.064921623610095,-7.234858314338922,1.0,1.0,1.0,False
2021-08-20,20,2021-06,2021-08,2,forecast,0,-0.16839470966350056,down,0.16839470966350056,call (0.15-0.30pp),-0.5076106761032984,-2.175979778542092,-7.234858314338922,1.0,1.0,1.0,False
2021-08-20,20,2021-06,2021-09,3,forecast,0,-0.36648921253041866,down,0.36648921253041866,strong (>0.30pp),-1.1665403988156742,-0.41759653940172115,-7.234858314338922,1.0,1.0,1.0,False
2021-08-31,31,2021-07,2021-08,1,forecast,0,-0.2997673488166708,down,0.2997673488166708,call (0.15-0.30pp),-0.5076106761032984,-2.175979778542092,-7.234858314338922,1.0,1.0,1.0,False
2021-08-31,31,2021-07,2021-09,2,forecast,0,-0.4955342067092028,down,0.4955342067092028,strong (>0.30pp),-1.1665403988156742,-0.41759653940172115,-7.234858314338922,1.0,1.0,1.0,False
2021-08-31,31,2021-07,2021-10,3,forecast,0,0.18720340241535904,up,0.18720340241535904,call (0.15-0.30pp),0.2400187460964709,1.0602874726629796,0.6053681970414448,1.0,1.0,1.0,False
2021-09-20,20,2021-07,2021-08,1,nowcast,3,-0.40180167470973416,down,0.40180167470973416,strong (>0.30pp),-0.5076106761032984,-2.175979778542092,-7.234858314338922,1.0,1.0,1.0,False
2021-09-20,20,2021-07,2021-09,2,forecast,0,-0.33182564230971323,down,0.33182564230971323,strong (>0.30pp),-1.1665403988156742,-0.41759653940172115,-7.234858314338922,1.0,1.0,1.0,False
2021-09-20,20,2021-07,2021-10,3,forecast,0,0.3510849055297749,up,0.3510849055297749,strong (>0.30pp),0.2400187460964709,1.0602874726629796,0.6053681970414448,1.0,1.0,1.0,False
2021-09-30,30,2021-08,2021-09,1,forecast,0,-0.17585672681803555,down,0.17585672681803555,call (0.15-0.30pp),-1.1665403988156742,-0.41759653940172115,-7.234858314338922,1.0,1.0,1.0,False
2021-09-30,30,2021-08,2021-10,2,forecast,0,0.507629307997659,up,0.507629307997659,strong (>0.30pp),0.2400187460964709,1.0602874726629796,0.6053681970414448,1.0,1.0,1.0,False
2021-09-30,30,2021-08,2021-11,3,forecast,0,1.1992323381275547,up,1.1992323381275547,strong (>0.30pp),0.5344084234369273,1.0817746157989028,0.6053681970414448,1.0,1.0,1.0,False
2021-10-20,20,2021-08,2021-09,1,nowcast,3,-0.6162077940495392,down,0.6162077940495392,strong (>0.30pp),-1.1665403988156742,-0.41759653940172115,-7.234858314338922,1.0,1.0,1.0,False
2021-10-20,20,2021-08,2021-10,2,forecast,0,0.20786635226737182,up,0.20786635226737182,call (0.15-0.30pp),0.2400187460964709,1.0602874726629796,0.6053681970414448,1.0,1.0,1.0,False
2021-10-20,20,2021-08,2021-11,3,forecast,0,0.8908234123342407,up,0.8908234123342407,strong (>0.30pp),0.5344084234369273,1.0817746157989028,0.6053681970414448,1.0,1.0,1.0,False
2021-10-31,31,2021-09,2021-10,1,forecast,0,-0.20199664388063088,down,0.20199664388063088,call (0.15-0.30pp),0.2400187460964709,1.0602874726629796,0.6053681970414448,0.0,0.0,0.0,False
2021-10-31,31,2021-09,2021-11,2,forecast,0,0.4722026632424381,up,0.4722026632424381,strong (>0.30pp),0.5344084234369273,1.0817746157989028,0.6053681970414448,1.0,1.0,1.0,False
2021-10-31,31,2021-09,2021-12,3,forecast,0,-0.20719391307242319,down,0.20719391307242319,call (0.15-0.30pp),-0.8468543985293842,-0.21671754826553258,0.6053681970414448,1.0,1.0,0.0,False
2021-11-20,20,2021-09,2021-10,1,nowcast,3,0.07948398846731042,up,0.07948398846731042,lean (0.05-0.15pp),0.2400187460964709,1.0602874726629796,0.6053681970414448,1.0,1.0,1.0,False
2021-11-20,20,2021-09,2021-11,2,forecast,0,0.5084751190002512,up,0.5084751190002512,strong (>0.30pp),0.5344084234369273,1.0817746157989028,0.6053681970414448,1.0,1.0,1.0,False
2021-11-20,20,2021-09,2021-12,3,forecast,0,-0.17285290219306582,down,0.17285290219306582,call (0.15-0.30pp),-0.8468543985293842,-0.21671754826553258,0.6053681970414448,1.0,1.0,0.0,False
2021-11-30,30,2021-10,2021-11,1,forecast,0,0.48443975274112816,up,0.48443975274112816,strong (>0.30pp),0.5344084234369273,1.0817746157989028,0.6053681970414448,1.0,1.0,1.0,False
2021-11-30,30,2021-10,2021-12,2,forecast,0,-0.19783257144998512,down,0.19783257144998512,call (0.15-0.30pp),-0.8468543985293842,-0.21671754826553258,0.6053681970414448,1.0,1.0,0.0,False
2021-11-30,30,2021-10,2022-01,3,forecast,0,-1.0100807367147802,down,1.0100807367147802,strong (>0.30pp),-1.348150143925353,-1.1528831756832947,-1.721597114248663,1.0,1.0,1.0,False
2021-12-20,20,2021-10,2021-11,1,nowcast,3,0.6432102528579176,up,0.6432102528579176,strong (>0.30pp),0.5344084234369273,1.0817746157989028,0.6053681970414448,1.0,1.0,1.0,False
2021-12-20,20,2021-10,2021-12,2,forecast,0,-0.17115886070149244,down,0.17115886070149244,call (0.15-0.30pp),-0.8468543985293842,-0.21671754826553258,0.6053681970414448,1.0,1.0,0.0,False
2021-12-20,20,2021-10,2022-01,3,forecast,0,-0.9851190059657844,down,0.9851190059657844,strong (>0.30pp),-1.348150143925353,-1.1528831756832947,-1.721597114248663,1.0,1.0,1.0,False
2021-12-31,31,2021-11,2021-12,1,forecast,0,-0.14492047769754102,down,0.14492047769754102,lean (0.05-0.15pp),-0.8468543985293842,-0.21671754826553258,0.6053681970414448,1.0,1.0,0.0,False
2021-12-31,31,2021-11,2022-01,2,forecast,0,-0.9585271791210381,down,0.9585271791210381,strong (>0.30pp),-1.348150143925353,-1.1528831756832947,-1.721597114248663,1.0,1.0,1.0,False
2021-12-31,31,2021-11,2022-02,3,forecast,0,1.7874600655345851,up,1.7874600655345851,strong (>0.30pp),1.7353459437032148,-0.5784660466903846,-1.721597114248663,1.0,0.0,0.0,False
2022-01-20,20,2021-11,2021-12,1,nowcast,3,-0.3484097885399162,down,0.3484097885399162,strong (>0.30pp),-0.8468543985293842,-0.21671754826553258,0.6053681970414448,1.0,1.0,0.0,False
2022-01-20,20,2021-11,2022-01,2,forecast,0,-0.9966831509919505,down,0.9966831509919505,strong (>0.30pp),-1.348150143925353,-1.1528831756832947,-1.721597114248663,1.0,1.0,1.0,False
2022-01-20,20,2021-11,2022-02,3,forecast,0,1.7427304367298335,up,1.7427304367298335,strong (>0.30pp),1.7353459437032148,-0.5784660466903846,-1.721597114248663,1.0,0.0,0.0,False
2022-01-31,31,2021-12,2022-01,1,forecast,0,-1.117791846542171,down,1.117791846542171,strong (>0.30pp),-1.348150143925353,-1.1528831756832947,-1.721597114248663,1.0,1.0,1.0,False
2022-01-31,31,2021-12,2022-02,2,forecast,0,1.6047971895539082,up,1.6047971895539082,strong (>0.30pp),1.7353459437032148,-0.5784660466903846,-1.721597114248663,1.0,0.0,0.0,False
2022-01-31,31,2021-12,2022-03,3,forecast,0,-3.985180469623284,down,3.985180469623284,strong (>0.30pp),-3.6605571363304668,-1.023302678097071,-1.721597114248663,1.0,1.0,1.0,False
2022-02-20,20,2021-12,2022-01,1,nowcast,3,-1.1858712074720446,down,1.1858712074720446,strong (>0.30pp),-1.348150143925353,-1.1528831756832947,-1.721597114248663,1.0,1.0,1.0,False
2022-02-20,20,2021-12,2022-02,2,forecast,0,1.6117141958688075,up,1.6117141958688075,strong (>0.30pp),1.7353459437032148,-0.5784660466903846,-1.721597114248663,1.0,0.0,0.0,False
2022-02-20,20,2021-12,2022-03,3,forecast,0,-3.975229893907639,down,3.975229893907639,strong (>0.30pp),-3.6605571363304668,-1.023302678097071,-1.721597114248663,1.0,1.0,1.0,False
2022-02-28,28,2021-12,2022-01,1,nowcast,3,-1.1858712074720446,down,1.1858712074720446,strong (>0.30pp),-1.348150143925353,-1.1528831756832947,-1.721597114248663,1.0,1.0,1.0,False
2022-02-28,28,2021-12,2022-02,2,forecast,0,1.6117141958688075,up,1.6117141958688075,strong (>0.30pp),1.7353459437032148,-0.5784660466903846,-1.721597114248663,1.0,0.0,0.0,False
2022-02-28,28,2021-12,2022-03,3,forecast,0,-3.975229893907639,down,3.975229893907639,strong (>0.30pp),-3.6605571363304668,-1.023302678097071,-1.721597114248663,1.0,1.0,1.0,False
2022-03-20,20,2022-01,2022-02,1,nowcast,3,1.8262431467811924,up,1.8262431467811924,strong (>0.30pp),1.7353459437032148,-0.5784660466903846,-1.721597114248663,1.0,0.0,0.0,False
2022-03-20,20,2022-01,2022-03,2,forecast,0,-3.94201671838994,down,3.94201671838994,strong (>0.30pp),-3.6605571363304668,-1.023302678097071,-1.721597114248663,1.0,1.0,1.0,False
2022-03-20,20,2022-01,2022-04,3,forecast,0,-0.4252752921318548,down,0.4252752921318548,strong (>0.30pp),-0.21472780369848898,-0.5015672428257067,-1.5807891475521307,1.0,1.0,1.0,False
2022-03-31,31,2022-02,2022-03,1,forecast,0,-3.9974376983913817,down,3.9974376983913817,strong (>0.30pp),-3.6605571363304668,-1.023302678097071,-1.721597114248663,1.0,1.0,1.0,False
2022-03-31,31,2022-02,2022-04,2,forecast,0,-0.4831773551167151,down,0.4831773551167151,strong (>0.30pp),-0.21472780369848898,-0.5015672428257067,-1.5807891475521307,1.0,1.0,1.0,False
2022-03-31,31,2022-02,2022-05,3,forecast,0,0.13019636369491216,up,0.13019636369491216,lean (0.05-0.15pp),-0.1860523247202206,-0.20312125736723363,-1.5807891475521307,0.0,0.0,0.0,False
2022-04-20,20,2022-02,2022-03,1,nowcast,3,-3.8553474290985656,down,3.8553474290985656,strong (>0.30pp),-3.6605571363304668,-1.023302678097071,-1.721597114248663,1.0,1.0,1.0,False
2022-04-20,20,2022-02,2022-04,2,forecast,0,-0.4270909542530399,down,0.4270909542530399,strong (>0.30pp),-0.21472780369848898,-0.5015672428257067,-1.5807891475521307,1.0,1.0,1.0,False
2022-04-20,20,2022-02,2022-05,3,forecast,0,0.18731067818147373,up,0.18731067818147373,call (0.15-0.30pp),-0.1860523247202206,-0.20312125736723363,-1.5807891475521307,0.0,0.0,0.0,False
2022-04-30,30,2022-03,2022-04,1,forecast,0,-0.4028692437781922,down,0.4028692437781922,strong (>0.30pp),-0.21472780369848898,-0.5015672428257067,-1.5807891475521307,1.0,1.0,1.0,False
2022-04-30,30,2022-03,2022-05,2,forecast,0,0.21279770932736142,up,0.21279770932736142,call (0.15-0.30pp),-0.1860523247202206,-0.20312125736723363,-1.5807891475521307,0.0,0.0,0.0,False
2022-04-30,30,2022-03,2022-06,3,forecast,0,-0.38859563401840713,down,0.38859563401840713,strong (>0.30pp),-0.6517753318803665,0.005594846272560794,-1.5807891475521307,1.0,0.0,1.0,False
2022-05-20,20,2022-03,2022-04,1,nowcast,3,-0.42109866244439687,down,0.42109866244439687,strong (>0.30pp),-0.21472780369848898,-0.5015672428257067,-1.5807891475521307,1.0,1.0,1.0,False
2022-05-20,20,2022-03,2022-05,2,forecast,0,0.18428237961125582,up,0.18428237961125582,call (0.15-0.30pp),-0.1860523247202206,-0.20312125736723363,-1.5807891475521307,0.0,0.0,0.0,False
2022-05-20,20,2022-03,2022-06,3,forecast,0,-0.4167800687182588,down,0.4167800687182588,strong (>0.30pp),-0.6517753318803665,0.005594846272560794,-1.5807891475521307,1.0,0.0,1.0,False
2022-05-31,31,2022-04,2022-05,1,forecast,0,0.16749975095298186,up,0.16749975095298186,call (0.15-0.30pp),-0.1860523247202206,-0.20312125736723363,-1.5807891475521307,0.0,0.0,0.0,False
2022-05-31,31,2022-04,2022-06,2,forecast,0,-0.4346328698261903,down,0.4346328698261903,strong (>0.30pp),-0.6517753318803665,0.005594846272560794,-1.5807891475521307,1.0,0.0,1.0,False
2022-05-31,31,2022-04,2022-07,3,forecast,0,0.2972867178899774,up,0.2972867178899774,call (0.15-0.30pp),0.274041858650631,0.05185759513963717,-0.10481966623026029,1.0,1.0,0.0,False
2022-06-20,20,2022-04,2022-05,1,nowcast,3,-0.03085873941368611,down,0.03085873941368611,toss-up (<0.05pp),-0.1860523247202206,-0.20312125736723363,-1.5807891475521307,1.0,1.0,1.0,False
2022-06-20,20,2022-04,2022-06,2,forecast,0,-0.48240635250855757,down,0.48240635250855757,strong (>0.30pp),-0.6517753318803665,0.005594846272560794,-1.5807891475521307,1.0,0.0,1.0,False
2022-06-20,20,2022-04,2022-07,3,forecast,0,0.24783970037540737,up,0.24783970037540737,call (0.15-0.30pp),0.274041858650631,0.05185759513963717,-0.10481966623026029,1.0,1.0,0.0,False
2022-06-30,30,2022-05,2022-06,1,forecast,0,-0.5145811168388859,down,0.5145811168388859,strong (>0.30pp),-0.6517753318803665,0.005594846272560794,-1.5807891475521307,1.0,0.0,1.0,False
2022-06-30,30,2022-05,2022-07,2,forecast,0,0.21440973165813837,up,0.21440973165813837,call (0.15-0.30pp),0.274041858650631,0.05185759513963717,-0.10481966623026029,1.0,1.0,0.0,False
2022-06-30,30,2022-05,2022-08,3,forecast,0,-0.3364441560289144,down,0.3364441560289144,strong (>0.30pp),-0.04519124154729326,-0.024501101438634265,-0.10481966623026029,1.0,1.0,1.0,False
2022-07-20,20,2022-05,2022-06,1,nowcast,3,-0.6150726897498959,down,0.6150726897498959,strong (>0.30pp),-0.6517753318803665,0.005594846272560794,-1.5807891475521307,1.0,0.0,1.0,False
2022-07-20,20,2022-05,2022-07,2,forecast,0,0.2269834676856819,up,0.2269834676856819,call (0.15-0.30pp),0.274041858650631,0.05185759513963717,-0.10481966623026029,1.0,1.0,0.0,False
2022-07-20,20,2022-05,2022-08,3,forecast,0,-0.32340939617947484,down,0.32340939617947484,strong (>0.30pp),-0.04519124154729326,-0.024501101438634265,-0.10481966623026029,1.0,1.0,1.0,False
2022-07-31,31,2022-06,2022-07,1,forecast,0,0.2663407429870812,up,0.2663407429870812,call (0.15-0.30pp),0.274041858650631,0.05185759513963717,-0.10481966623026029,1.0,1.0,0.0,False
2022-07-31,31,2022-06,2022-08,2,forecast,0,-0.2840885475983823,down,0.2840885475983823,call (0.15-0.30pp),-0.04519124154729326,-0.024501101438634265,-0.10481966623026029,1.0,1.0,1.0,False
2022-07-31,31,2022-06,2022-09,3,forecast,0,0.16155959738639591,up,0.16155959738639591,call (0.15-0.30pp),0.10362012534410603,-0.2162676287768006,-0.10481966623026029,1.0,0.0,0.0,False
2022-08-20,20,2022-06,2022-07,1,nowcast,3,0.18167148225327612,up,0.18167148225327612,call (0.15-0.30pp),0.274041858650631,0.05185759513963717,-0.10481966623026029,1.0,1.0,0.0,False
2022-08-20,20,2022-06,2022-08,2,forecast,0,-0.2812462649290248,down,0.2812462649290248,call (0.15-0.30pp),-0.04519124154729326,-0.024501101438634265,-0.10481966623026029,1.0,1.0,1.0,False
2022-08-20,20,2022-06,2022-09,3,forecast,0,0.16404005929202548,up,0.16404005929202548,call (0.15-0.30pp),0.10362012534410603,-0.2162676287768006,-0.10481966623026029,1.0,0.0,0.0,False
2022-08-31,31,2022-07,2022-08,1,forecast,0,-0.2470517447208609,down,0.2470517447208609,call (0.15-0.30pp),-0.04519124154729326,-0.024501101438634265,-0.10481966623026029,1.0,1.0,1.0,False
2022-08-31,31,2022-07,2022-09,2,forecast,0,0.1987614005812599,up,0.1987614005812599,call (0.15-0.30pp),0.10362012534410603,-0.2162676287768006,-0.10481966623026029,1.0,0.0,0.0,False
2022-08-31,31,2022-07,2022-10,3,forecast,0,-0.4954403772204685,down,0.4954403772204685,strong (>0.30pp),-0.5181725588710329,-0.548549393117792,-1.0318989819385838,1.0,1.0,1.0,False
2022-09-20,20,2022-07,2022-08,1,nowcast,3,-0.28731660619816246,down,0.28731660619816246,call (0.15-0.30pp),-0.04519124154729326,-0.024501101438634265,-0.10481966623026029,1.0,1.0,1.0,False
2022-09-20,20,2022-07,2022-09,2,forecast,0,0.1623515339109316,up,0.1623515339109316,call (0.15-0.30pp),0.10362012534410603,-0.2162676287768006,-0.10481966623026029,1.0,0.0,0.0,False
2022-09-20,20,2022-07,2022-10,3,forecast,0,-0.5312091689438025,down,0.5312091689438025,strong (>0.30pp),-0.5181725588710329,-0.548549393117792,-1.0318989819385838,1.0,1.0,1.0,False
2022-09-30,30,2022-08,2022-09,1,forecast,0,0.21615207243725898,up,0.21615207243725898,call (0.15-0.30pp),0.10362012534410603,-0.2162676287768006,-0.10481966623026029,1.0,0.0,0.0,False
2022-09-30,30,2022-08,2022-10,2,forecast,0,-0.47959015877254707,down,0.47959015877254707,strong (>0.30pp),-0.5181725588710329,-0.548549393117792,-1.0318989819385838,1.0,1.0,1.0,False
2022-09-30,30,2022-08,2022-11,3,forecast,0,-0.11224833517342603,down,0.11224833517342603,lean (0.05-0.15pp),-0.6671539024386552,-0.46313463947242894,-1.0318989819385838,1.0,1.0,1.0,False
2022-10-20,20,2022-08,2022-09,1,nowcast,3,0.19007537660824525,up,0.19007537660824525,call (0.15-0.30pp),0.10362012534410603,-0.2162676287768006,-0.10481966623026029,1.0,0.0,0.0,False
2022-10-20,20,2022-08,2022-10,2,forecast,0,-0.5141137193047429,down,0.5141137193047429,strong (>0.30pp),-0.5181725588710329,-0.548549393117792,-1.0318989819385838,1.0,1.0,1.0,False
2022-10-20,20,2022-08,2022-11,3,forecast,0,-0.146777374529794,down,0.146777374529794,lean (0.05-0.15pp),-0.6671539024386552,-0.46313463947242894,-1.0318989819385838,1.0,1.0,1.0,False
2022-10-31,31,2022-09,2022-10,1,forecast,0,-0.5431368888317856,down,0.5431368888317856,strong (>0.30pp),-0.5181725588710329,-0.548549393117792,-1.0318989819385838,1.0,1.0,1.0,False
2022-10-31,31,2022-09,2022-11,2,forecast,0,-0.17601796034159012,down,0.17601796034159012,call (0.15-0.30pp),-0.6671539024386552,-0.46313463947242894,-1.0318989819385838,1.0,1.0,1.0,False
2022-10-31,31,2022-09,2022-12,3,forecast,0,0.49088646745421016,up,0.49088646745421016,strong (>0.30pp),0.020946963825352327,0.10713289908304002,-1.0318989819385838,1.0,1.0,0.0,False
2022-11-20,20,2022-09,2022-10,1,nowcast,3,-0.4734861706317872,down,0.4734861706317872,strong (>0.30pp),-0.5181725588710329,-0.548549393117792,-1.0318989819385838,1.0,1.0,1.0,False
2022-11-20,20,2022-09,2022-11,2,forecast,0,-0.1835136456796782,down,0.1835136456796782,call (0.15-0.30pp),-0.6671539024386552,-0.46313463947242894,-1.0318989819385838,1.0,1.0,1.0,False
2022-11-20,20,2022-09,2022-12,3,forecast,0,0.4837776709206487,up,0.4837776709206487,strong (>0.30pp),0.020946963825352327,0.10713289908304002,-1.0318989819385838,1.0,1.0,0.0,False
2022-11-30,30,2022-10,2022-11,1,forecast,0,-0.2169750413518079,down,0.2169750413518079,call (0.15-0.30pp),-0.6671539024386552,-0.46313463947242894,-1.0318989819385838,1.0,1.0,1.0,False
2022-11-30,30,2022-10,2022-12,2,forecast,0,0.4497134847140538,up,0.4497134847140538,strong (>0.30pp),0.020946963825352327,0.10713289908304002,-1.0318989819385838,1.0,1.0,0.0,False
2022-11-30,30,2022-10,2023-01,3,forecast,0,0.16357981673764677,up,0.16357981673764677,call (0.15-0.30pp),1.4413341364168053,0.8066845893611729,0.9940719464583747,1.0,1.0,1.0,False
2022-12-20,20,2022-10,2022-11,1,nowcast,3,-0.42591753233471863,down,0.42591753233471863,strong (>0.30pp),-0.6671539024386552,-0.46313463947242894,-1.0318989819385838,1.0,1.0,1.0,False
2022-12-20,20,2022-10,2022-12,2,forecast,0,0.428019163357507,up,0.428019163357507,strong (>0.30pp),0.020946963825352327,0.10713289908304002,-1.0318989819385838,1.0,1.0,0.0,False
2022-12-20,20,2022-10,2023-01,3,forecast,0,0.14241335002136424,up,0.14241335002136424,lean (0.05-0.15pp),1.4413341364168053,0.8066845893611729,0.9940719464583747,1.0,1.0,1.0,False
2022-12-31,31,2022-11,2022-12,1,forecast,0,0.4173792320160352,up,0.4173792320160352,strong (>0.30pp),0.020946963825352327,0.10713289908304002,-1.0318989819385838,1.0,1.0,0.0,False
2022-12-31,31,2022-11,2023-01,2,forecast,0,0.1324291327855498,up,0.1324291327855498,lean (0.05-0.15pp),1.4413341364168053,0.8066845893611729,0.9940719464583747,1.0,1.0,1.0,False
2022-12-31,31,2022-11,2023-02,3,forecast,0,-0.21797266842953356,down,0.21797266842953356,call (0.15-0.30pp),-0.4269527786923355,0.3796979207758566,0.9940719464583747,1.0,0.0,0.0,False
2023-01-20,20,2022-11,2022-12,1,nowcast,3,0.12735201023164056,up,0.12735201023164056,lean (0.05-0.15pp),0.020946963825352327,0.10713289908304002,-1.0318989819385838,1.0,1.0,0.0,False
2023-01-20,20,2022-11,2023-01,2,forecast,0,0.08648271681461761,up,0.08648271681461761,lean (0.05-0.15pp),1.4413341364168053,0.8066845893611729,0.9940719464583747,1.0,1.0,1.0,False
2023-01-20,20,2022-11,2023-02,3,forecast,0,-0.2626987063083286,down,0.2626987063083286,call (0.15-0.30pp),-0.4269527786923355,0.3796979207758566,0.9940719464583747,1.0,0.0,0.0,False
2023-01-31,31,2022-12,2023-01,1,forecast,0,0.08367998090559325,up,0.08367998090559325,lean (0.05-0.15pp),1.4413341364168053,0.8066845893611729,0.9940719464583747,1.0,1.0,1.0,False
2023-01-31,31,2022-12,2023-02,2,forecast,0,-0.2651191843914935,down,0.2651191843914935,call (0.15-0.30pp),-0.4269527786923355,0.3796979207758566,0.9940719464583747,1.0,0.0,0.0,False
2023-01-31,31,2022-12,2023-03,3,forecast,0,-0.4517435667776182,down,0.4517435667776182,strong (>0.30pp),-0.4933345359015684,0.058938980524203544,0.9940719464583747,1.0,0.0,0.0,False
2023-02-20,20,2022-12,2023-01,1,nowcast,3,0.7406404183174953,up,0.7406404183174953,strong (>0.30pp),1.4413341364168053,0.8066845893611729,0.9940719464583747,1.0,1.0,1.0,False
2023-02-20,20,2022-12,2023-02,2,forecast,0,-0.16685081559109083,down,0.16685081559109083,call (0.15-0.30pp),-0.4269527786923355,0.3796979207758566,0.9940719464583747,1.0,0.0,0.0,False
2023-02-20,20,2022-12,2023-03,3,forecast,0,-0.3554894115348928,down,0.3554894115348928,strong (>0.30pp),-0.4933345359015684,0.058938980524203544,0.9940719464583747,1.0,0.0,0.0,False
2023-02-28,28,2022-12,2023-01,1,nowcast,3,0.7406404183174953,up,0.7406404183174953,strong (>0.30pp),1.4413341364168053,0.8066845893611729,0.9940719464583747,1.0,1.0,1.0,False
2023-02-28,28,2022-12,2023-02,2,forecast,0,-0.16685081559109083,down,0.16685081559109083,call (0.15-0.30pp),-0.4269527786923355,0.3796979207758566,0.9940719464583747,1.0,0.0,0.0,False
2023-02-28,28,2022-12,2023-03,3,forecast,0,-0.3554894115348928,down,0.3554894115348928,strong (>0.30pp),-0.4933345359015684,0.058938980524203544,0.9940719464583747,1.0,0.0,0.0,False
2023-03-20,20,2023-01,2023-02,1,nowcast,3,-0.23309162700695385,down,0.23309162700695385,call (0.15-0.30pp),-0.4269527786923355,0.3796979207758566,0.9940719464583747,1.0,0.0,0.0,False
2023-03-20,20,2023-01,2023-03,2,forecast,0,-0.28326883350802134,down,0.28326883350802134,call (0.15-0.30pp),-0.4933345359015684,0.058938980524203544,0.9940719464583747,1.0,0.0,0.0,False
2023-03-20,20,2023-01,2023-04,3,forecast,0,-0.2167929146417391,down,0.2167929146417391,call (0.15-0.30pp),-0.09775905938096408,0.1905144086404853,0.48146424766009055,1.0,0.0,0.0,False
2023-03-31,31,2023-02,2023-03,1,forecast,0,-0.34172928064200025,down,0.34172928064200025,strong (>0.30pp),-0.4933345359015684,0.058938980524203544,0.9940719464583747,1.0,0.0,0.0,False
2023-03-31,31,2023-02,2023-04,2,forecast,0,-0.275094067790671,down,0.275094067790671,call (0.15-0.30pp),-0.09775905938096408,0.1905144086404853,0.48146424766009055,1.0,0.0,0.0,False
2023-03-31,31,2023-02,2023-05,3,forecast,0,0.305952256788089,up,0.305952256788089,strong (>0.30pp),0.1978417839832547,0.1266143153697108,0.48146424766009055,1.0,1.0,1.0,False
2023-04-20,20,2023-02,2023-03,1,nowcast,3,-0.42244296494067246,down,0.42244296494067246,strong (>0.30pp),-0.4933345359015684,0.058938980524203544,0.9940719464583747,1.0,0.0,0.0,False
2023-04-20,20,2023-02,2023-04,2,forecast,0,-0.29013942782809554,down,0.29013942782809554,call (0.15-0.30pp),-0.09775905938096408,0.1905144086404853,0.48146424766009055,1.0,0.0,0.0,False
2023-04-20,20,2023-02,2023-05,3,forecast,0,0.2903549213555401,up,0.2903549213555401,call (0.15-0.30pp),0.1978417839832547,0.1266143153697108,0.48146424766009055,1.0,1.0,1.0,False
2023-04-30,30,2023-03,2023-04,1,forecast,0,-0.2926639251950025,down,0.2926639251950025,call (0.15-0.30pp),-0.09775905938096408,0.1905144086404853,0.48146424766009055,1.0,0.0,0.0,False
2023-04-30,30,2023-03,2023-05,2,forecast,0,0.287409103896219,up,0.287409103896219,call (0.15-0.30pp),0.1978417839832547,0.1266143153697108,0.48146424766009055,1.0,1.0,1.0,False
2023-04-30,30,2023-03,2023-06,3,forecast,0,0.1560587552423609,up,0.1560587552423609,call (0.15-0.30pp),0.16652810557356013,0.10270260478271176,0.48146424766009055,1.0,1.0,1.0,False
2023-05-20,20,2023-03,2023-04,1,nowcast,3,-0.17198576845980362,down,0.17198576845980362,call (0.15-0.30pp),-0.09775905938096408,0.1905144086404853,0.48146424766009055,1.0,0.0,0.0,False
2023-05-20,20,2023-03,2023-05,2,forecast,0,0.29336383571347824,up,0.29336383571347824,call (0.15-0.30pp),0.1978417839832547,0.1266143153697108,0.48146424766009055,1.0,1.0,1.0,False
2023-05-20,20,2023-03,2023-06,3,forecast,0,0.1618742349425828,up,0.1618742349425828,call (0.15-0.30pp),0.16652810557356013,0.10270260478271176,0.48146424766009055,1.0,1.0,1.0,False
2023-05-31,31,2023-04,2023-05,1,forecast,0,0.31265418718700033,up,0.31265418718700033,strong (>0.30pp),0.1978417839832547,0.1266143153697108,0.48146424766009055,1.0,1.0,1.0,False
2023-05-31,31,2023-04,2023-06,2,forecast,0,0.1811325730673552,up,0.1811325730673552,call (0.15-0.30pp),0.16652810557356013,0.10270260478271176,0.48146424766009055,1.0,1.0,1.0,False
2023-05-31,31,2023-04,2023-07,3,forecast,0,-0.015749010968724164,down,0.015749010968724164,toss-up (<0.05pp),0.26425763014865655,0.14858418259813266,0.4405818064199707,0.0,0.0,0.0,False
2023-06-20,20,2023-04,2023-05,1,nowcast,3,0.3339286773656136,up,0.3339286773656136,strong (>0.30pp),0.1978417839832547,0.1266143153697108,0.48146424766009055,1.0,1.0,1.0,False
2023-06-20,20,2023-04,2023-06,2,forecast,0,0.21896386713622373,up,0.21896386713622373,call (0.15-0.30pp),0.16652810557356013,0.10270260478271176,0.48146424766009055,1.0,1.0,1.0,False
2023-06-20,20,2023-04,2023-07,3,forecast,0,0.022043378296632277,up,0.022043378296632277,toss-up (<0.05pp),0.26425763014865655,0.14858418259813266,0.4405818064199707,1.0,1.0,1.0,False
2023-06-30,30,2023-05,2023-06,1,forecast,0,0.24446434899214609,up,0.24446434899214609,call (0.15-0.30pp),0.16652810557356013,0.10270260478271176,0.48146424766009055,1.0,1.0,1.0,False
2023-06-30,30,2023-05,2023-07,2,forecast,0,0.04782535901548535,up,0.04782535901548535,toss-up (<0.05pp),0.26425763014865655,0.14858418259813266,0.4405818064199707,1.0,1.0,1.0,False
2023-06-30,30,2023-05,2023-08,3,forecast,0,-0.18316490185024126,down,0.18316490185024126,call (0.15-0.30pp),-0.2365236114045599,0.19114237399044942,0.4405818064199707,1.0,0.0,0.0,False
2023-07-20,20,2023-05,2023-06,1,nowcast,3,0.14109633173304825,up,0.14109633173304825,lean (0.05-0.15pp),0.16652810557356013,0.10270260478271176,0.48146424766009055,1.0,1.0,1.0,False
2023-07-20,20,2023-05,2023-07,2,forecast,0,0.08811833395363511,up,0.08811833395363511,lean (0.05-0.15pp),0.26425763014865655,0.14858418259813266,0.4405818064199707,1.0,1.0,1.0,False
2023-07-20,20,2023-05,2023-08,3,forecast,0,-0.14276641045263272,down,0.14276641045263272,lean (0.05-0.15pp),-0.2365236114045599,0.19114237399044942,0.4405818064199707,1.0,0.0,0.0,False
2023-07-31,31,2023-06,2023-07,1,forecast,0,0.12418612905882309,up,0.12418612905882309,lean (0.05-0.15pp),0.26425763014865655,0.14858418259813266,0.4405818064199707,1.0,1.0,1.0,False
2023-07-31,31,2023-06,2023-08,2,forecast,0,-0.10684487119232422,down,0.10684487119232422,lean (0.05-0.15pp),-0.2365236114045599,0.19114237399044942,0.4405818064199707,1.0,0.0,0.0,False
2023-07-31,31,2023-06,2023-09,3,forecast,0,0.19009698407446152,up,0.19009698407446152,call (0.15-0.30pp),0.07340156683177668,0.11200457538438346,0.4405818064199707,1.0,1.0,1.0,False
2023-08-20,20,2023-06,2023-07,1,nowcast,3,0.1630743997337314,up,0.1630743997337314,call (0.15-0.30pp),0.26425763014865655,0.14858418259813266,0.4405818064199707,1.0,1.0,1.0,False
2023-08-20,20,2023-06,2023-08,2,forecast,0,-0.18701384116859288,down,0.18701384116859288,call (0.15-0.30pp),-0.2365236114045599,0.19114237399044942,0.4405818064199707,1.0,0.0,0.0,False
2023-08-20,20,2023-06,2023-09,3,forecast,0,0.10980504280184711,up,0.10980504280184711,lean (0.05-0.15pp),0.07340156683177668,0.11200457538438346,0.4405818064199707,1.0,1.0,1.0,False
2023-08-31,31,2023-07,2023-08,1,forecast,0,-0.26647352704516347,down,0.26647352704516347,call (0.15-0.30pp),-0.2365236114045599,0.19114237399044942,0.4405818064199707,1.0,0.0,0.0,False
2023-08-31,31,2023-07,2023-09,2,forecast,0,0.030530925887295446,up,0.030530925887295446,toss-up (<0.05pp),0.07340156683177668,0.11200457538438346,0.4405818064199707,1.0,1.0,1.0,False
2023-08-31,31,2023-07,2023-10,3,forecast,0,-0.042372582997041164,down,0.042372582997041164,toss-up (<0.05pp),-0.12716930405842763,-0.04234964760359006,0.15770143045117369,1.0,1.0,0.0,False
2023-09-20,20,2023-07,2023-08,1,nowcast,3,-0.1686803889034083,down,0.1686803889034083,call (0.15-0.30pp),-0.2365236114045599,0.19114237399044942,0.4405818064199707,1.0,0.0,0.0,False
2023-09-20,20,2023-07,2023-09,2,forecast,0,0.06813776534022598,up,0.06813776534022598,lean (0.05-0.15pp),0.07340156683177668,0.11200457538438346,0.4405818064199707,1.0,1.0,1.0,False
2023-09-20,20,2023-07,2023-10,3,forecast,0,-0.004853357470779862,down,0.004853357470779862,toss-up (<0.05pp),-0.12716930405842763,-0.04234964760359006,0.15770143045117369,1.0,1.0,0.0,False
2023-09-30,30,2023-08,2023-09,1,forecast,0,0.07898324313326821,up,0.07898324313326821,lean (0.05-0.15pp),0.07340156683177668,0.11200457538438346,0.4405818064199707,1.0,1.0,1.0,False
2023-09-30,30,2023-08,2023-10,2,forecast,0,0.006040931054696053,up,0.006040931054696053,toss-up (<0.05pp),-0.12716930405842763,-0.04234964760359006,0.15770143045117369,0.0,0.0,1.0,False
2023-09-30,30,2023-08,2023-11,3,forecast,0,0.5268080431039657,up,0.5268080431039657,strong (>0.30pp),0.69840454785981,0.11365289860116867,0.15770143045117369,1.0,1.0,1.0,False
2023-10-20,20,2023-08,2023-09,1,nowcast,3,0.12714761628125348,up,0.12714761628125348,lean (0.05-0.15pp),0.07340156683177668,0.11200457538438346,0.4405818064199707,1.0,1.0,1.0,False
2023-10-20,20,2023-08,2023-10,2,forecast,0,0.031869026118624966,up,0.031869026118624966,toss-up (<0.05pp),-0.12716930405842763,-0.04234964760359006,0.15770143045117369,0.0,0.0,1.0,False
2023-10-20,20,2023-08,2023-11,3,forecast,0,0.553156745041572,up,0.553156745041572,strong (>0.30pp),0.69840454785981,0.11365289860116867,0.15770143045117369,1.0,1.0,1.0,False
2023-10-31,31,2023-09,2023-10,1,forecast,0,0.03638154527449977,up,0.03638154527449977,toss-up (<0.05pp),-0.12716930405842763,-0.04234964760359006,0.15770143045117369,0.0,0.0,1.0,False
2023-10-31,31,2023-09,2023-11,2,forecast,0,0.5574434055536592,up,0.5574434055536592,strong (>0.30pp),0.69840454785981,0.11365289860116867,0.15770143045117369,1.0,1.0,1.0,False
2023-10-31,31,2023-09,2023-12,3,forecast,0,0.536622323676994,up,0.536622323676994,strong (>0.30pp),0.5723465440389042,-0.060299026453991544,0.15770143045117369,1.0,0.0,1.0,False
2023-11-20,20,2023-09,2023-10,1,nowcast,3,-0.17299957474148364,down,0.17299957474148364,call (0.15-0.30pp),-0.12716930405842763,-0.04234964760359006,0.15770143045117369,1.0,1.0,0.0,False
2023-11-20,20,2023-09,2023-11,2,forecast,0,0.512142645589786,up,0.512142645589786,strong (>0.30pp),0.69840454785981,0.11365289860116867,0.15770143045117369,1.0,1.0,1.0,False
2023-11-20,20,2023-09,2023-12,3,forecast,0,0.4909204523088073,up,0.4909204523088073,strong (>0.30pp),0.5723465440389042,-0.060299026453991544,0.15770143045117369,1.0,0.0,1.0,False
2023-11-30,30,2023-10,2023-11,1,forecast,0,0.5104248655712018,up,0.5104248655712018,strong (>0.30pp),0.69840454785981,0.11365289860116867,0.15770143045117369,1.0,1.0,1.0,False
2023-11-30,30,2023-10,2023-12,2,forecast,0,0.48917438339837194,up,0.48917438339837194,strong (>0.30pp),0.5723465440389042,-0.060299026453991544,0.15770143045117369,1.0,0.0,1.0,False
2023-11-30,30,2023-10,2024-01,3,forecast,0,-1.2268272718762185,down,1.2268272718762185,strong (>0.30pp),-1.949410289852338,-0.5914958379335866,-0.5275993604509477,1.0,1.0,1.0,False
2023-12-20,20,2023-10,2023-11,1,nowcast,3,0.5808258971213842,up,0.5808258971213842,strong (>0.30pp),0.69840454785981,0.11365289860116867,0.15770143045117369,1.0,1.0,1.0,False
2023-12-20,20,2023-10,2023-12,2,forecast,0,0.5006338537515198,up,0.5006338537515198,strong (>0.30pp),0.5723465440389042,-0.060299026453991544,0.15770143045117369,1.0,0.0,1.0,False
2023-12-20,20,2023-10,2024-01,3,forecast,0,-1.2168157663531298,down,1.2168157663531298,strong (>0.30pp),-1.949410289852338,-0.5914958379335866,-0.5275993604509477,1.0,1.0,1.0,False
2023-12-31,31,2023-11,2023-12,1,forecast,0,0.5432140620577952,up,0.5432140620577952,strong (>0.30pp),0.5723465440389042,-0.060299026453991544,0.15770143045117369,1.0,0.0,1.0,False
2023-12-31,31,2023-11,2024-01,2,forecast,0,-1.1771904976346725,down,1.1771904976346725,strong (>0.30pp),-1.949410289852338,-0.5914958379335866,-0.5275993604509477,1.0,1.0,1.0,False
2023-12-31,31,2023-11,2024-02,3,forecast,0,0.3465375518119318,up,0.3465375518119318,strong (>0.30pp),0.6660443532588545,0.050785412102327676,-0.5275993604509477,1.0,1.0,0.0,False
2024-01-20,20,2023-11,2023-12,1,nowcast,3,0.4961588514456494,up,0.4961588514456494,strong (>0.30pp),0.5723465440389042,-0.060299026453991544,0.15770143045117369,1.0,0.0,1.0,False
2024-01-20,20,2023-11,2024-01,2,forecast,0,-1.1687520549493513,down,1.1687520549493513,strong (>0.30pp),-1.949410289852338,-0.5914958379335866,-0.5275993604509477,1.0,1.0,1.0,False
2024-01-20,20,2023-11,2024-02,3,forecast,0,0.3543332592115478,up,0.3543332592115478,strong (>0.30pp),0.6660443532588545,0.050785412102327676,-0.5275993604509477,1.0,1.0,0.0,False
2024-01-31,31,2023-12,2024-01,1,forecast,0,-1.1593432036852036,down,1.1593432036852036,strong (>0.30pp),-1.949410289852338,-0.5914958379335866,-0.5275993604509477,1.0,1.0,1.0,False
2024-01-31,31,2023-12,2024-02,2,forecast,0,0.3649437064503491,up,0.3649437064503491,strong (>0.30pp),0.6660443532588545,0.050785412102327676,-0.5275993604509477,1.0,1.0,0.0,False
2024-01-31,31,2023-12,2024-03,3,forecast,0,0.24387093247459912,up,0.24387093247459912,call (0.15-0.30pp),0.2582333257406422,0.12017205880077153,-0.5275993604509477,1.0,1.0,0.0,False
2024-02-20,20,2023-12,2024-01,1,nowcast,3,-1.5549312053468434,down,1.5549312053468434,strong (>0.30pp),-1.949410289852338,-0.5914958379335866,-0.5275993604509477,1.0,1.0,1.0,False
2024-02-20,20,2023-12,2024-02,2,forecast,0,0.28406106730616276,up,0.28406106730616276,call (0.15-0.30pp),0.6660443532588545,0.050785412102327676,-0.5275993604509477,1.0,1.0,0.0,False
2024-02-20,20,2023-12,2024-03,3,forecast,0,0.16314174772169565,up,0.16314174772169565,call (0.15-0.30pp),0.2582333257406422,0.12017205880077153,-0.5275993604509477,1.0,1.0,0.0,False
2024-02-29,29,2023-12,2024-01,1,nowcast,3,-1.5549312053468434,down,1.5549312053468434,strong (>0.30pp),-1.949410289852338,-0.5914958379335866,-0.5275993604509477,1.0,1.0,1.0,False
2024-02-29,29,2023-12,2024-02,2,forecast,0,0.28406106730616276,up,0.28406106730616276,call (0.15-0.30pp),0.6660443532588545,0.050785412102327676,-0.5275993604509477,1.0,1.0,0.0,False
2024-02-29,29,2023-12,2024-03,3,forecast,0,0.16314174772169565,up,0.16314174772169565,call (0.15-0.30pp),0.2582333257406422,0.12017205880077153,-0.5275993604509477,1.0,1.0,0.0,False
2024-03-20,20,2024-01,2024-02,1,nowcast,3,0.5222335059948513,up,0.5222335059948513,strong (>0.30pp),0.6660443532588545,0.050785412102327676,-0.5275993604509477,1.0,1.0,0.0,False
2024-03-20,20,2024-01,2024-03,2,forecast,0,0.10872581089866884,up,0.10872581089866884,lean (0.05-0.15pp),0.2582333257406422,0.12017205880077153,-0.5275993604509477,1.0,1.0,0.0,False
2024-03-20,20,2024-01,2024-04,3,forecast,0,-0.220343963622871,down,0.220343963622871,call (0.15-0.30pp),-0.2970962476211314,0.062105193794259606,0.26333717124937817,1.0,0.0,0.0,False
2024-03-31,31,2024-02,2024-03,1,forecast,0,0.14087014523056496,up,0.14087014523056496,lean (0.05-0.15pp),0.2582333257406422,0.12017205880077153,-0.5275993604509477,1.0,1.0,0.0,False
2024-03-31,31,2024-02,2024-04,2,forecast,0,-0.18879493679442305,down,0.18879493679442305,call (0.15-0.30pp),-0.2970962476211314,0.062105193794259606,0.26333717124937817,1.0,0.0,0.0,False
2024-03-31,31,2024-02,2024-05,3,forecast,0,0.09720737767167087,up,0.09720737767167087,lean (0.05-0.15pp),0.49819082259843217,0.15671613317569388,0.26333717124937817,1.0,1.0,1.0,False
2024-04-20,20,2024-02,2024-03,1,nowcast,3,0.20082104288301483,up,0.20082104288301483,call (0.15-0.30pp),0.2582333257406422,0.12017205880077153,-0.5275993604509477,1.0,1.0,0.0,False
2024-04-20,20,2024-02,2024-04,2,forecast,0,-0.1948874395388378,down,0.1948874395388378,call (0.15-0.30pp),-0.2970962476211314,0.062105193794259606,0.26333717124937817,1.0,0.0,0.0,False
2024-04-20,20,2024-02,2024-05,3,forecast,0,0.09127232936119167,up,0.09127232936119167,lean (0.05-0.15pp),0.49819082259843217,0.15671613317569388,0.26333717124937817,1.0,1.0,1.0,False
2024-04-30,30,2024-03,2024-04,1,forecast,0,-0.17631197508709562,down,0.17631197508709562,call (0.15-0.30pp),-0.2970962476211314,0.062105193794259606,0.26333717124937817,1.0,0.0,0.0,False
2024-04-30,30,2024-03,2024-05,2,forecast,0,0.1100462181392814,up,0.1100462181392814,lean (0.05-0.15pp),0.49819082259843217,0.15671613317569388,0.26333717124937817,1.0,1.0,1.0,False
2024-04-30,30,2024-03,2024-06,3,forecast,0,0.009417375652875926,up,0.009417375652875926,toss-up (<0.05pp),0.059051841561519325,-0.024391564979886482,0.26333717124937817,1.0,0.0,1.0,False
2024-05-20,20,2024-03,2024-04,1,nowcast,3,-0.2516154609627952,down,0.2516154609627952,call (0.15-0.30pp),-0.2970962476211314,0.062105193794259606,0.26333717124937817,1.0,0.0,0.0,False
2024-05-20,20,2024-03,2024-05,2,forecast,0,0.11906903449869777,up,0.11906903449869777,lean (0.05-0.15pp),0.49819082259843217,0.15671613317569388,0.26333717124937817,1.0,1.0,1.0,False
2024-05-20,20,2024-03,2024-06,3,forecast,0,0.018517227702607997,up,0.018517227702607997,toss-up (<0.05pp),0.059051841561519325,-0.024391564979886482,0.26333717124937817,1.0,0.0,1.0,False
2024-05-31,31,2024-04,2024-05,1,forecast,0,0.10632634121845452,up,0.10632634121845452,lean (0.05-0.15pp),0.49819082259843217,0.15671613317569388,0.26333717124937817,1.0,1.0,1.0,False
2024-05-31,31,2024-04,2024-06,2,forecast,0,0.005816514054424182,up,0.005816514054424182,toss-up (<0.05pp),0.059051841561519325,-0.024391564979886482,0.26333717124937817,1.0,0.0,1.0,False
2024-05-31,31,2024-04,2024-07,3,forecast,0,-0.28791855836813873,down,0.28791855836813873,call (0.15-0.30pp),-0.2805034791660388,-0.19900165540067682,-0.3352418866658935,1.0,1.0,1.0,False
2024-06-20,20,2024-04,2024-05,1,nowcast,3,0.33234425608936746,up,0.33234425608936746,strong (>0.30pp),0.49819082259843217,0.15671613317569388,0.26333717124937817,1.0,1.0,1.0,False
2024-06-20,20,2024-04,2024-06,2,forecast,0,0.02743337765223064,up,0.02743337765223064,toss-up (<0.05pp),0.059051841561519325,-0.024391564979886482,0.26333717124937817,1.0,0.0,1.0,False
2024-06-20,20,2024-04,2024-07,3,forecast,0,-0.2670726141816848,down,0.2670726141816848,call (0.15-0.30pp),-0.2805034791660388,-0.19900165540067682,-0.3352418866658935,1.0,1.0,1.0,False
2024-06-30,30,2024-05,2024-06,1,forecast,0,0.036338413305081474,up,0.036338413305081474,toss-up (<0.05pp),0.059051841561519325,-0.024391564979886482,0.26333717124937817,1.0,0.0,1.0,False
2024-06-30,30,2024-05,2024-07,2,forecast,0,-0.25869268368328147,down,0.25869268368328147,call (0.15-0.30pp),-0.2805034791660388,-0.19900165540067682,-0.3352418866658935,1.0,1.0,1.0,False
2024-06-30,30,2024-05,2024-08,3,forecast,0,0.011379625327068155,up,0.011379625327068155,toss-up (<0.05pp),0.008257724732008143,-0.1622085268042861,-0.3352418866658935,1.0,0.0,0.0,False
2024-07-20,20,2024-05,2024-06,1,nowcast,3,0.05049175968698805,up,0.05049175968698805,lean (0.05-0.15pp),0.059051841561519325,-0.024391564979886482,0.26333717124937817,1.0,0.0,1.0,False
2024-07-20,20,2024-05,2024-07,2,forecast,0,-0.25125356929436293,down,0.25125356929436293,call (0.15-0.30pp),-0.2805034791660388,-0.19900165540067682,-0.3352418866658935,1.0,1.0,1.0,False
2024-07-20,20,2024-05,2024-08,3,forecast,0,0.01885840502240388,up,0.01885840502240388,toss-up (<0.05pp),0.008257724732008143,-0.1622085268042861,-0.3352418866658935,1.0,0.0,0.0,False
2024-07-31,31,2024-06,2024-07,1,forecast,0,-0.267136671211321,down,0.267136671211321,call (0.15-0.30pp),-0.2805034791660388,-0.19900165540067682,-0.3352418866658935,1.0,1.0,1.0,False
2024-07-31,31,2024-06,2024-08,2,forecast,0,0.002994547169676842,up,0.002994547169676842,toss-up (<0.05pp),0.008257724732008143,-0.1622085268042861,-0.3352418866658935,1.0,0.0,0.0,False
2024-07-31,31,2024-06,2024-09,3,forecast,0,-0.009914151087619949,down,0.009914151087619949,toss-up (<0.05pp),0.11779819925543666,-0.1504970359489155,-0.3352418866658935,0.0,1.0,1.0,False
2024-08-20,20,2024-06,2024-07,1,nowcast,3,-0.35982351890075925,down,0.35982351890075925,strong (>0.30pp),-0.2805034791660388,-0.19900165540067682,-0.3352418866658935,1.0,1.0,1.0,False
2024-08-20,20,2024-06,2024-08,2,forecast,0,0.05092869679388379,up,0.05092869679388379,lean (0.05-0.15pp),0.008257724732008143,-0.1622085268042861,-0.3352418866658935,1.0,0.0,0.0,False
2024-08-20,20,2024-06,2024-09,3,forecast,0,0.03804499721928867,up,0.03804499721928867,toss-up (<0.05pp),0.11779819925543666,-0.1504970359489155,-0.3352418866658935,1.0,0.0,0.0,False
2024-08-31,31,2024-07,2024-08,1,forecast,0,0.12139357628320191,up,0.12139357628320191,lean (0.05-0.15pp),0.008257724732008143,-0.1622085268042861,-0.3352418866658935,1.0,0.0,0.0,False
2024-08-31,31,2024-07,2024-09,2,forecast,0,0.10860117868873864,up,0.10860117868873864,lean (0.05-0.15pp),0.11779819925543666,-0.1504970359489155,-0.3352418866658935,1.0,0.0,0.0,False
2024-08-31,31,2024-07,2024-10,3,forecast,0,0.23705355613716783,up,0.23705355613716783,call (0.15-0.30pp),0.03130859795115182,-0.08634465401684555,-0.39160115272274254,1.0,0.0,0.0,False
2024-09-20,20,2024-07,2024-08,1,nowcast,3,0.12775781738192382,up,0.12775781738192382,lean (0.05-0.15pp),0.008257724732008143,-0.1622085268042861,-0.3352418866658935,1.0,0.0,0.0,False
2024-09-20,20,2024-07,2024-09,2,forecast,0,0.07382361695584816,up,0.07382361695584816,lean (0.05-0.15pp),0.11779819925543666,-0.1504970359489155,-0.3352418866658935,1.0,0.0,0.0,False
2024-09-20,20,2024-07,2024-10,3,forecast,0,0.20213429664319715,up,0.20213429664319715,call (0.15-0.30pp),0.03130859795115182,-0.08634465401684555,-0.39160115272274254,1.0,0.0,0.0,False
2024-09-30,30,2024-08,2024-09,1,forecast,0,0.04667003929499369,up,0.04667003929499369,toss-up (<0.05pp),0.11779819925543666,-0.1504970359489155,-0.3352418866658935,1.0,0.0,0.0,False
2024-09-30,30,2024-08,2024-10,2,forecast,0,0.17473026879890607,up,0.17473026879890607,call (0.15-0.30pp),0.03130859795115182,-0.08634465401684555,-0.39160115272274254,1.0,0.0,0.0,False
2024-09-30,30,2024-08,2024-11,3,forecast,0,-0.1308048114371907,down,0.1308048114371907,lean (0.05-0.15pp),-0.08073778862145442,-0.13473487814821272,-0.39160115272274254,1.0,1.0,1.0,False
2024-10-20,20,2024-08,2024-09,1,nowcast,3,0.011083152458191137,up,0.011083152458191137,toss-up (<0.05pp),0.11779819925543666,-0.1504970359489155,-0.3352418866658935,1.0,0.0,0.0,False
2024-10-20,20,2024-08,2024-10,2,forecast,0,0.16629864871786637,up,0.16629864871786637,call (0.15-0.30pp),0.03130859795115182,-0.08634465401684555,-0.39160115272274254,1.0,0.0,0.0,False
2024-10-20,20,2024-08,2024-11,3,forecast,0,-0.13910755950483633,down,0.13910755950483633,lean (0.05-0.15pp),-0.08073778862145442,-0.13473487814821272,-0.39160115272274254,1.0,1.0,1.0,False
2024-10-31,31,2024-09,2024-10,1,forecast,0,0.18177192084292138,up,0.18177192084292138,call (0.15-0.30pp),0.03130859795115182,-0.08634465401684555,-0.39160115272274254,1.0,0.0,0.0,False
2024-10-31,31,2024-09,2024-11,2,forecast,0,-0.12399374884419778,down,0.12399374884419778,lean (0.05-0.15pp),-0.08073778862145442,-0.13473487814821272,-0.39160115272274254,1.0,1.0,1.0,False
2024-10-31,31,2024-09,2024-12,3,forecast,0,-0.0179114792269619,down,0.0179114792269619,toss-up (<0.05pp),0.40203064802584176,-0.15308265366464902,-0.39160115272274254,0.0,1.0,1.0,False
2024-11-20,20,2024-09,2024-10,1,nowcast,3,0.14052432920319546,up,0.14052432920319546,lean (0.05-0.15pp),0.03130859795115182,-0.08634465401684555,-0.39160115272274254,1.0,0.0,0.0,False
2024-11-20,20,2024-09,2024-11,2,forecast,0,-0.11102656090791196,down,0.11102656090791196,lean (0.05-0.15pp),-0.08073778862145442,-0.13473487814821272,-0.39160115272274254,1.0,1.0,1.0,False
2024-11-20,20,2024-09,2024-12,3,forecast,0,-0.004990035685770167,down,0.004990035685770167,toss-up (<0.05pp),0.40203064802584176,-0.15308265366464902,-0.39160115272274254,0.0,1.0,1.0,False
2024-11-30,30,2024-10,2024-11,1,forecast,0,-0.11500185366597471,down,0.11500185366597471,lean (0.05-0.15pp),-0.08073778862145442,-0.13473487814821272,-0.39160115272274254,1.0,1.0,1.0,False
2024-11-30,30,2024-10,2024-12,2,forecast,0,-0.009078203269230478,down,0.009078203269230478,toss-up (<0.05pp),0.40203064802584176,-0.15308265366464902,-0.39160115272274254,0.0,1.0,1.0,False
2024-11-30,30,2024-10,2025-01,3,forecast,0,0.7989799750337978,up,0.7989799750337978,strong (>0.30pp),0.02955612462325341,-0.0951889502290415,-0.380515470679077,1.0,0.0,0.0,False
2024-12-20,20,2024-10,2024-11,1,nowcast,3,-0.10258340930837662,down,0.10258340930837662,lean (0.05-0.15pp),-0.08073778862145442,-0.13473487814821272,-0.39160115272274254,1.0,1.0,1.0,False
2024-12-20,20,2024-10,2024-12,2,forecast,0,-0.036900588259025646,down,0.036900588259025646,toss-up (<0.05pp),0.40203064802584176,-0.15308265366464902,-0.39160115272274254,0.0,1.0,1.0,False
2024-12-20,20,2024-10,2025-01,3,forecast,0,0.7708272824399787,up,0.7708272824399787,strong (>0.30pp),0.02955612462325341,-0.0951889502290415,-0.380515470679077,1.0,0.0,0.0,False
2024-12-31,31,2024-11,2024-12,1,forecast,0,-0.05296875692122338,down,0.05296875692122338,lean (0.05-0.15pp),0.40203064802584176,-0.15308265366464902,-0.39160115272274254,0.0,1.0,1.0,False
2024-12-31,31,2024-11,2025-01,2,forecast,0,0.7546917466762393,up,0.7546917466762393,strong (>0.30pp),0.02955612462325341,-0.0951889502290415,-0.380515470679077,1.0,0.0,0.0,False
2024-12-31,31,2024-11,2025-02,3,forecast,0,-0.3494680506398229,down,0.3494680506398229,strong (>0.30pp),-0.43528033429702795,-0.21018728956547772,-0.380515470679077,1.0,1.0,1.0,False
2025-01-20,20,2024-11,2024-12,1,nowcast,3,0.17034569876477335,up,0.17034569876477335,call (0.15-0.30pp),0.40203064802584176,-0.15308265366464902,-0.39160115272274254,1.0,0.0,0.0,False
2025-01-20,20,2024-11,2025-01,2,forecast,0,0.7910842733736434,up,0.7910842733736434,strong (>0.30pp),0.02955612462325341,-0.0951889502290415,-0.380515470679077,1.0,0.0,0.0,False
2025-01-20,20,2024-11,2025-02,3,forecast,0,-0.315721550386594,down,0.315721550386594,strong (>0.30pp),-0.43528033429702795,-0.21018728956547772,-0.380515470679077,1.0,1.0,1.0,False
2025-01-31,31,2024-12,2025-01,1,forecast,0,0.8342129424167677,up,0.8342129424167677,strong (>0.30pp),0.02955612462325341,-0.0951889502290415,-0.380515470679077,1.0,0.0,0.0,False
2025-01-31,31,2024-12,2025-02,2,forecast,0,-0.27534243895324106,down,0.27534243895324106,call (0.15-0.30pp),-0.43528033429702795,-0.21018728956547772,-0.380515470679077,1.0,1.0,1.0,False
2025-01-31,31,2024-12,2025-03,3,forecast,0,0.017552828500644324,up,0.017552828500644324,toss-up (<0.05pp),0.42516339191056574,0.00876924430108783,-0.380515470679077,1.0,1.0,0.0,False
2025-02-20,20,2024-12,2025-01,1,nowcast,3,0.5720104063847709,up,0.5720104063847709,strong (>0.30pp),0.02955612462325341,-0.0951889502290415,-0.380515470679077,1.0,0.0,0.0,False
2025-02-20,20,2024-12,2025-02,2,forecast,0,-0.2985038338307211,down,0.2985038338307211,call (0.15-0.30pp),-0.43528033429702795,-0.21018728956547772,-0.380515470679077,1.0,1.0,1.0,False
2025-02-20,20,2024-12,2025-03,3,forecast,0,-0.006355800010560131,down,0.006355800010560131,toss-up (<0.05pp),0.42516339191056574,0.00876924430108783,-0.380515470679077,0.0,0.0,1.0,False
2025-02-28,28,2024-12,2025-01,1,nowcast,3,0.5720104063847709,up,0.5720104063847709,strong (>0.30pp),0.02955612462325341,-0.0951889502290415,-0.380515470679077,1.0,0.0,0.0,False
2025-02-28,28,2024-12,2025-02,2,forecast,0,-0.2985038338307211,down,0.2985038338307211,call (0.15-0.30pp),-0.43528033429702795,-0.21018728956547772,-0.380515470679077,1.0,1.0,1.0,False
2025-02-28,28,2024-12,2025-03,3,forecast,0,-0.006355800010560131,down,0.006355800010560131,toss-up (<0.05pp),0.42516339191056574,0.00876924430108783,-0.380515470679077,0.0,0.0,1.0,False
2025-03-20,20,2025-01,2025-02,1,nowcast,3,-0.21913221509703984,down,0.21913221509703984,call (0.15-0.30pp),-0.43528033429702795,-0.21018728956547772,-0.380515470679077,1.0,1.0,1.0,False
2025-03-20,20,2025-01,2025-03,2,forecast,0,-0.07728658490897544,down,0.07728658490897544,lean (0.05-0.15pp),0.42516339191056574,0.00876924430108783,-0.380515470679077,0.0,0.0,1.0,False
2025-03-20,20,2025-01,2025-04,3,forecast,0,0.1490487550093178,up,0.1490487550093178,lean (0.05-0.15pp),0.10087835510919074,0.002238853812719377,0.06119349487541115,1.0,1.0,1.0,False
2025-03-31,31,2025-02,2025-03,1,forecast,0,-0.10665296221472609,down,0.10665296221472609,lean (0.05-0.15pp),0.42516339191056574,0.00876924430108783,-0.380515470679077,0.0,0.0,1.0,False
2025-03-31,31,2025-02,2025-04,2,forecast,0,0.11912557234443621,up,0.11912557234443621,lean (0.05-0.15pp),0.10087835510919074,0.002238853812719377,0.06119349487541115,1.0,1.0,1.0,False
2025-03-31,31,2025-02,2025-05,3,forecast,0,-0.38969800392341103,down,0.38969800392341103,strong (>0.30pp),-0.8056953243510634,0.0785491917166592,0.06119349487541115,1.0,0.0,0.0,False
2025-04-20,20,2025-02,2025-03,1,nowcast,3,0.029577676345637904,up,0.029577676345637904,toss-up (<0.05pp),0.42516339191056574,0.00876924430108783,-0.380515470679077,1.0,1.0,0.0,False
2025-04-20,20,2025-02,2025-04,2,forecast,0,0.14904604218979323,up,0.14904604218979323,lean (0.05-0.15pp),0.10087835510919074,0.002238853812719377,0.06119349487541115,1.0,1.0,1.0,False
2025-04-20,20,2025-02,2025-05,3,forecast,0,-0.36067750358304007,down,0.36067750358304007,strong (>0.30pp),-0.8056953243510634,0.0785491917166592,0.06119349487541115,1.0,0.0,0.0,False
2025-04-30,30,2025-03,2025-04,1,forecast,0,0.1839184671265759,up,0.1839184671265759,call (0.15-0.30pp),0.10087835510919074,0.002238853812719377,0.06119349487541115,1.0,1.0,1.0,False
2025-04-30,30,2025-03,2025-05,2,forecast,0,-0.32801433248426104,down,0.32801433248426104,strong (>0.30pp),-0.8056953243510634,0.0785491917166592,0.06119349487541115,1.0,0.0,0.0,False
2025-04-30,30,2025-03,2025-06,3,forecast,0,0.01237554137565322,up,0.01237554137565322,toss-up (<0.05pp),0.06070334291083945,0.19869979885058786,0.06119349487541115,1.0,1.0,1.0,False
2025-05-20,20,2025-03,2025-04,1,nowcast,3,0.15202509397309605,up,0.15202509397309605,call (0.15-0.30pp),0.10087835510919074,0.002238853812719377,0.06119349487541115,1.0,1.0,1.0,False
2025-05-20,20,2025-03,2025-05,2,forecast,0,-0.3189024486643044,down,0.3189024486643044,strong (>0.30pp),-0.8056953243510634,0.0785491917166592,0.06119349487541115,1.0,0.0,0.0,False
2025-05-20,20,2025-03,2025-06,3,forecast,0,0.02138449208011206,up,0.02138449208011206,toss-up (<0.05pp),0.06070334291083945,0.19869979885058786,0.06119349487541115,1.0,1.0,1.0,False
2025-05-31,31,2025-04,2025-05,1,forecast,0,-0.3198101704520173,down,0.3198101704520173,strong (>0.30pp),-0.8056953243510634,0.0785491917166592,0.06119349487541115,1.0,0.0,0.0,False
2025-05-31,31,2025-04,2025-06,2,forecast,0,0.02030648681201619,up,0.02030648681201619,toss-up (<0.05pp),0.06070334291083945,0.19869979885058786,0.06119349487541115,1.0,1.0,1.0,False
2025-05-31,31,2025-04,2025-07,3,forecast,0,0.06486415573527804,up,0.06486415573527804,lean (0.05-0.15pp),0.3664730667624738,0.20904354737165676,0.25470126338165144,1.0,1.0,1.0,False
2025-06-20,20,2025-04,2025-05,1,nowcast,3,-0.5575461743562382,down,0.5575461743562382,strong (>0.30pp),-0.8056953243510634,0.0785491917166592,0.06119349487541115,1.0,0.0,0.0,False
2025-06-20,20,2025-04,2025-06,2,forecast,0,-0.014631217610272529,down,0.014631217610272529,toss-up (<0.05pp),0.06070334291083945,0.19869979885058786,0.06119349487541115,0.0,0.0,0.0,False
2025-06-20,20,2025-04,2025-07,3,forecast,0,0.02979033423198274,up,0.02979033423198274,toss-up (<0.05pp),0.3664730667624738,0.20904354737165676,0.25470126338165144,1.0,1.0,1.0,False
2025-06-30,30,2025-05,2025-06,1,forecast,0,-0.06974241503814316,down,0.06974241503814316,lean (0.05-0.15pp),0.06070334291083945,0.19869979885058786,0.06119349487541115,0.0,0.0,0.0,False
2025-06-30,30,2025-05,2025-07,2,forecast,0,-0.02543139815891493,down,0.02543139815891493,toss-up (<0.05pp),0.3664730667624738,0.20904354737165676,0.25470126338165144,0.0,0.0,0.0,False
2025-06-30,30,2025-05,2025-08,3,forecast,0,-0.04399265458818746,down,0.04399265458818746,toss-up (<0.05pp),-0.019524027044748316,-0.07963704648303871,0.25470126338165144,1.0,1.0,0.0,False
2025-07-20,20,2025-05,2025-06,1,nowcast,3,0.02428295094087929,up,0.02428295094087929,toss-up (<0.05pp),0.06070334291083945,0.19869979885058786,0.06119349487541115,1.0,1.0,1.0,False
2025-07-20,20,2025-05,2025-07,2,forecast,0,-0.04130789981393601,down,0.04130789981393601,toss-up (<0.05pp),0.3664730667624738,0.20904354737165676,0.25470126338165144,0.0,0.0,0.0,False
2025-07-20,20,2025-05,2025-08,3,forecast,0,-0.05987013132719987,down,0.05987013132719987,lean (0.05-0.15pp),-0.019524027044748316,-0.07963704648303871,0.25470126338165144,1.0,1.0,0.0,False
2025-07-31,31,2025-06,2025-07,1,forecast,0,-0.09040690685051533,down,0.09040690685051533,lean (0.05-0.15pp),0.3664730667624738,0.20904354737165676,0.25470126338165144,0.0,0.0,0.0,False
2025-07-31,31,2025-06,2025-08,2,forecast,0,-0.10889424915427881,down,0.10889424915427881,lean (0.05-0.15pp),-0.019524027044748316,-0.07963704648303871,0.25470126338165144,1.0,1.0,0.0,False
2025-07-31,31,2025-06,2025-09,3,forecast,0,-0.2305289351266504,down,0.2305289351266504,call (0.15-0.30pp),-0.1823931429052683,-0.21925828145530346,0.25470126338165144,1.0,1.0,0.0,False
2025-08-20,20,2025-06,2025-07,1,nowcast,3,0.05947062881983545,up,0.05947062881983545,lean (0.05-0.15pp),0.3664730667624738,0.20904354737165676,0.25470126338165144,1.0,1.0,1.0,False
2025-08-20,20,2025-06,2025-08,2,forecast,0,-0.04374441121524075,down,0.04374441121524075,toss-up (<0.05pp),-0.019524027044748316,-0.07963704648303871,0.25470126338165144,1.0,1.0,0.0,False
2025-08-20,20,2025-06,2025-09,3,forecast,0,-0.16581341834369656,down,0.16581341834369656,call (0.15-0.30pp),-0.1823931429052683,-0.21925828145530346,0.25470126338165144,1.0,1.0,0.0,False
2025-08-31,31,2025-07,2025-08,1,forecast,0,0.0654375627615611,up,0.0654375627615611,lean (0.05-0.15pp),-0.019524027044748316,-0.07963704648303871,0.25470126338165144,0.0,0.0,1.0,False
2025-08-31,31,2025-07,2025-09,2,forecast,0,-0.057239331193015275,down,0.057239331193015275,lean (0.05-0.15pp),-0.1823931429052683,-0.21925828145530346,0.25470126338165144,1.0,1.0,0.0,False
2025-08-31,31,2025-07,2025-10,3,forecast,0,0.15766598766802087,up,0.15766598766802087,call (0.15-0.30pp),-0.03509413420372809,-0.2308364318558409,-0.34586811134476037,0.0,0.0,0.0,False
2025-09-20,20,2025-07,2025-08,1,nowcast,3,-0.06057724978580925,down,0.06057724978580925,lean (0.05-0.15pp),-0.019524027044748316,-0.07963704648303871,0.25470126338165144,1.0,1.0,0.0,False
2025-09-20,20,2025-07,2025-09,2,forecast,0,-0.09400044567267063,down,0.09400044567267063,lean (0.05-0.15pp),-0.1823931429052683,-0.21925828145530346,0.25470126338165144,1.0,1.0,0.0,False
2025-09-20,20,2025-07,2025-10,3,forecast,0,0.12053917057597285,up,0.12053917057597285,lean (0.05-0.15pp),-0.03509413420372809,-0.2308364318558409,-0.34586811134476037,0.0,0.0,0.0,False
2025-09-30,30,2025-08,2025-09,1,forecast,0,-0.04984653427080321,down,0.04984653427080321,toss-up (<0.05pp),-0.1823931429052683,-0.21925828145530346,0.25470126338165144,1.0,1.0,0.0,False
2025-09-30,30,2025-08,2025-10,2,forecast,0,0.16490319207296267,up,0.16490319207296267,call (0.15-0.30pp),-0.03509413420372809,-0.2308364318558409,-0.34586811134476037,0.0,0.0,0.0,False
2025-09-30,30,2025-08,2025-11,3,forecast,0,-0.02872939594136259,down,0.02872939594136259,toss-up (<0.05pp),-0.1780303880776657,-0.03590976337399798,-0.34586811134476037,1.0,1.0,1.0,False
2025-10-20,20,2025-08,2025-09,1,nowcast,3,-0.07782965886744542,down,0.07782965886744542,lean (0.05-0.15pp),-0.1823931429052683,-0.21925828145530346,0.25470126338165144,1.0,1.0,0.0,False
2025-10-20,20,2025-08,2025-10,2,forecast,0,0.14019049149434082,up,0.14019049149434082,lean (0.05-0.15pp),-0.03509413420372809,-0.2308364318558409,-0.34586811134476037,0.0,0.0,0.0,False
2025-10-20,20,2025-08,2025-11,3,forecast,0,-0.05336912566935581,down,0.05336912566935581,lean (0.05-0.15pp),-0.1780303880776657,-0.03590976337399798,-0.34586811134476037,1.0,1.0,1.0,False
2025-10-31,31,2025-09,2025-10,1,forecast,0,0.07043340644827811,up,0.07043340644827811,lean (0.05-0.15pp),-0.03509413420372809,-0.2308364318558409,-0.34586811134476037,0.0,0.0,0.0,False
2025-10-31,31,2025-09,2025-11,2,forecast,0,-0.12280739729009227,down,0.12280739729009227,lean (0.05-0.15pp),-0.1780303880776657,-0.03590976337399798,-0.34586811134476037,1.0,1.0,1.0,False
2025-10-31,31,2025-09,2025-12,3,forecast,0,-0.4971590871259757,down,0.4971590871259757,strong (>0.30pp),-0.5825344844851532,0.25909611594958637,-0.34586811134476037,1.0,0.0,1.0,False
2025-11-20,20,2025-09,2025-10,1,nowcast,3,-0.0161488591654102,down,0.0161488591654102,toss-up (<0.05pp),-0.03509413420372809,-0.2308364318558409,-0.34586811134476037,1.0,1.0,1.0,False
2025-11-20,20,2025-09,2025-11,2,forecast,0,-0.1381211831467999,down,0.1381211831467999,lean (0.05-0.15pp),-0.1780303880776657,-0.03590976337399798,-0.34586811134476037,1.0,1.0,1.0,False
2025-11-20,20,2025-09,2025-12,3,forecast,0,-0.5120018875063748,down,0.5120018875063748,strong (>0.30pp),-0.5825344844851532,0.25909611594958637,-0.34586811134476037,1.0,0.0,1.0,False
2025-11-30,30,2025-10,2025-11,1,forecast,0,-0.13642647600289326,down,0.13642647600289326,lean (0.05-0.15pp),-0.1780303880776657,-0.03590976337399798,-0.34586811134476037,1.0,1.0,1.0,False
2025-11-30,30,2025-10,2025-12,2,forecast,0,-0.5102543964361717,down,0.5102543964361717,strong (>0.30pp),-0.5825344844851532,0.25909611594958637,-0.34586811134476037,1.0,0.0,1.0,False
2025-11-30,30,2025-10,2026-01,3,forecast,0,0.6617232853641797,up,0.6617232853641797,strong (>0.30pp),0.40249006866626136,0.43547870922182597,0.695443680627883,1.0,1.0,1.0,False
2025-12-20,20,2025-10,2025-11,1,nowcast,3,-0.12661794649373448,down,0.12661794649373448,lean (0.05-0.15pp),-0.1780303880776657,-0.03590976337399798,-0.34586811134476037,1.0,1.0,1.0,False
2025-12-20,20,2025-10,2025-12,2,forecast,0,-0.4796637241849089,down,0.4796637241849089,strong (>0.30pp),-0.5825344844851532,0.25909611594958637,-0.34586811134476037,1.0,0.0,1.0,False
2025-12-20,20,2025-10,2026-01,3,forecast,0,0.6928372257040571,up,0.6928372257040571,strong (>0.30pp),0.40249006866626136,0.43547870922182597,0.695443680627883,1.0,1.0,1.0,False
2025-12-31,31,2025-11,2025-12,1,forecast,0,-0.4499914257820148,down,0.4499914257820148,strong (>0.30pp),-0.5825344844851532,0.25909611594958637,-0.34586811134476037,1.0,0.0,1.0,False
2025-12-31,31,2025-11,2026-01,2,forecast,0,0.7223282545143928,up,0.7223282545143928,strong (>0.30pp),0.40249006866626136,0.43547870922182597,0.695443680627883,1.0,1.0,1.0,False
2025-12-31,31,2025-11,2026-02,3,forecast,0,0.08876624435902869,up,0.08876624435902869,lean (0.05-0.15pp),0.18458081275603,0.21899161170026993,0.695443680627883,1.0,1.0,1.0,False
2026-01-20,20,2025-11,2025-12,1,nowcast,3,-0.4717387629795011,down,0.4717387629795011,strong (>0.30pp),-0.5825344844851532,0.25909611594958637,-0.34586811134476037,1.0,0.0,1.0,False
2026-01-20,20,2025-11,2026-01,2,forecast,0,0.7033971070514733,up,0.7033971070514733,strong (>0.30pp),0.40249006866626136,0.43547870922182597,0.695443680627883,1.0,1.0,1.0,False
2026-01-20,20,2025-11,2026-02,3,forecast,0,0.06994202857064646,up,0.06994202857064646,lean (0.05-0.15pp),0.18458081275603,0.21899161170026993,0.695443680627883,1.0,1.0,1.0,False
2026-01-31,31,2025-12,2026-01,1,forecast,0,0.6889232950721969,up,0.6889232950721969,strong (>0.30pp),0.40249006866626136,0.43547870922182597,0.695443680627883,1.0,1.0,1.0,False
2026-01-31,31,2025-12,2026-02,2,forecast,0,0.05614507165101479,up,0.05614507165101479,lean (0.05-0.15pp),0.18458081275603,0.21899161170026993,0.695443680627883,1.0,1.0,1.0,False
2026-01-31,31,2025-12,2026-03,3,forecast,0,-0.5108167385319939,down,0.5108167385319939,strong (>0.30pp),-0.45512524359372364,-0.14340649388209226,0.695443680627883,1.0,1.0,0.0,False
2026-02-20,20,2025-12,2026-01,1,nowcast,3,0.6286168557558369,up,0.6286168557558369,strong (>0.30pp),0.40249006866626136,0.43547870922182597,0.695443680627883,1.0,1.0,1.0,False
2026-02-20,20,2025-12,2026-02,2,forecast,0,0.021174371229748523,up,0.021174371229748523,toss-up (<0.05pp),0.18458081275603,0.21899161170026993,0.695443680627883,1.0,1.0,1.0,False
2026-02-20,20,2025-12,2026-03,3,forecast,0,-0.5450887527473025,down,0.5450887527473025,strong (>0.30pp),-0.45512524359372364,-0.14340649388209226,0.695443680627883,1.0,1.0,0.0,False
2026-02-28,28,2025-12,2026-01,1,nowcast,3,0.6286168557558369,up,0.6286168557558369,strong (>0.30pp),0.40249006866626136,0.43547870922182597,0.695443680627883,1.0,1.0,1.0,False
2026-02-28,28,2025-12,2026-02,2,forecast,0,0.021174371229748523,up,0.021174371229748523,toss-up (<0.05pp),0.18458081275603,0.21899161170026993,0.695443680627883,1.0,1.0,1.0,False
2026-02-28,28,2025-12,2026-03,3,forecast,0,-0.5450887527473025,down,0.5450887527473025,strong (>0.30pp),-0.45512524359372364,-0.14340649388209226,0.695443680627883,1.0,1.0,0.0,False
2026-03-20,20,2026-01,2026-02,1,nowcast,3,0.15905005817731244,up,0.15905005817731244,call (0.15-0.30pp),0.18458081275603,0.21899161170026993,0.695443680627883,1.0,1.0,1.0,False
2026-03-20,20,2026-01,2026-03,2,forecast,0,-0.5770192689527276,down,0.5770192689527276,strong (>0.30pp),-0.45512524359372364,-0.14340649388209226,0.695443680627883,1.0,1.0,0.0,False
2026-03-20,20,2026-01,2026-04,3,forecast,0,-0.030284423587167986,down,0.030284423587167986,toss-up (<0.05pp),0.13115134196932665,-0.19976629963278647,-0.5870717944099546,0.0,1.0,1.0,False
2026-03-31,31,2026-02,2026-03,1,forecast,0,-0.5929194201267585,down,0.5929194201267585,strong (>0.30pp),-0.45512524359372364,-0.14340649388209226,0.695443680627883,1.0,1.0,0.0,False
2026-03-31,31,2026-02,2026-04,2,forecast,0,-0.04603529404423323,down,0.04603529404423323,toss-up (<0.05pp),0.13115134196932665,-0.19976629963278647,-0.5870717944099546,0.0,1.0,1.0,False
2026-03-31,31,2026-02,2026-05,3,forecast,0,0.346625674137635,up,0.346625674137635,strong (>0.30pp),0.5775980878027109,-0.3672963079161429,-0.5870717944099546,1.0,0.0,0.0,False
2026-04-20,20,2026-02,2026-03,1,nowcast,3,-0.5649203634746858,down,0.5649203634746858,strong (>0.30pp),-0.45512524359372364,-0.14340649388209226,0.695443680627883,1.0,1.0,0.0,False
2026-04-20,20,2026-02,2026-04,2,forecast,0,-0.04065725485535854,down,0.04065725485535854,toss-up (<0.05pp),0.13115134196932665,-0.19976629963278647,-0.5870717944099546,0.0,1.0,1.0,False
2026-04-20,20,2026-02,2026-05,3,forecast,0,0.35214981804225776,up,0.35214981804225776,strong (>0.30pp),0.5775980878027109,-0.3672963079161429,-0.5870717944099546,1.0,0.0,0.0,False
2026-04-30,30,2026-03,2026-04,1,forecast,0,-0.028255552197187228,down,0.028255552197187228,toss-up (<0.05pp),0.13115134196932665,-0.19976629963278647,-0.5870717944099546,0.0,1.0,1.0,False
2026-04-30,30,2026-03,2026-05,2,forecast,0,0.3650665563460276,up,0.3650665563460276,strong (>0.30pp),0.5775980878027109,-0.3672963079161429,-0.5870717944099546,1.0,0.0,0.0,False
2026-04-30,30,2026-03,2026-06,3,forecast,0,-0.15883024820484426,down,0.15883024820484426,call (0.15-0.30pp),0.1402195352487201,-0.305474455048671,-0.5870717944099546,0.0,1.0,1.0,False
2026-05-20,20,2026-03,2026-04,1,nowcast,3,0.11865598565590219,up,0.11865598565590219,lean (0.05-0.15pp),0.13115134196932665,-0.19976629963278647,-0.5870717944099546,1.0,0.0,0.0,False
2026-05-20,20,2026-03,2026-05,2,forecast,0,0.40567506641944195,up,0.40567506641944195,strong (>0.30pp),0.5775980878027109,-0.3672963079161429,-0.5870717944099546,1.0,0.0,0.0,False
2026-05-20,20,2026-03,2026-06,3,forecast,0,-0.1190923079168682,down,0.1190923079168682,lean (0.05-0.15pp),0.1402195352487201,-0.305474455048671,-0.5870717944099546,0.0,1.0,1.0,False
2026-05-31,31,2026-04,2026-05,1,forecast,0,0.40134576048680426,up,0.40134576048680426,strong (>0.30pp),0.5775980878027109,-0.3672963079161429,-0.5870717944099546,1.0,0.0,0.0,False
2026-05-31,31,2026-04,2026-06,2,forecast,0,-0.12347590236234662,down,0.12347590236234662,lean (0.05-0.15pp),0.1402195352487201,-0.305474455048671,-0.5870717944099546,0.0,1.0,1.0,False
2026-05-31,31,2026-04,2026-07,3,forecast,0,-0.38319714585657305,down,0.38319714585657305,strong (>0.30pp),-0.5010414021016318,,,1.0,,,False
2026-06-20,20,2026-04,2026-05,1,nowcast,3,0.39983199455337903,up,0.39983199455337903,strong (>0.30pp),0.5775980878027109,-0.3672963079161429,-0.5870717944099546,1.0,0.0,0.0,False
2026-06-20,20,2026-04,2026-06,2,forecast,0,-0.1150417625557898,down,0.1150417625557898,lean (0.05-0.15pp),0.1402195352487201,-0.305474455048671,-0.5870717944099546,0.0,1.0,1.0,False
2026-06-20,20,2026-04,2026-07,3,forecast,0,-0.3748220594605556,down,0.3748220594605556,strong (>0.30pp),-0.5010414021016318,,,1.0,,,False
2026-06-30,30,2026-05,2026-06,1,forecast,0,-0.08767946305667795,down,0.08767946305667795,lean (0.05-0.15pp),0.1402195352487201,-0.305474455048671,-0.5870717944099546,0.0,1.0,1.0,False
2026-06-30,30,2026-05,2026-07,2,forecast,0,-0.3481097612220818,down,0.3481097612220818,strong (>0.30pp),-0.5010414021016318,,,1.0,,,False
2026-06-30,30,2026-05,2026-08,3,forecast,0,0.01833953100645047,up,0.01833953100645047,toss-up (<0.05pp),,,,,,,False
2026-07-20,20,2026-05,2026-06,1,nowcast,3,-0.050492435995508345,down,0.050492435995508345,lean (0.05-0.15pp),0.1402195352487201,-0.305474455048671,-0.5870717944099546,0.0,1.0,1.0,False
2026-07-20,20,2026-05,2026-07,2,forecast,0,-0.3318324127204342,down,0.3318324127204342,strong (>0.30pp),-0.5010414021016318,,,1.0,,,False
2026-07-20,20,2026-05,2026-08,3,forecast,0,0.03475932844814178,up,0.03475932844814178,toss-up (<0.05pp),,,,,,,False
2026-07-31,31,2026-06,2026-07,1,forecast,0,-0.293132415287789,down,0.293132415287789,call (0.15-0.30pp),-0.5010414021016318,,,1.0,,,False
2026-07-31,31,2026-06,2026-08,2,forecast,0,0.07418800684255711,up,0.07418800684255711,lean (0.05-0.15pp),,,,,,,False
2026-07-31,31,2026-06,2026-09,3,forecast,0,0.11461631219096269,up,0.11461631219096269,lean (0.05-0.15pp),,,,,,,False
2026-08-20,20,2026-06,2026-07,1,nowcast,3,-0.41000438237537296,down,0.41000438237537296,strong (>0.30pp),-0.5010414021016318,,,1.0,,,False
2026-08-20,20,2026-06,2026-08,2,forecast,0,0.0771366054738376,up,0.0771366054738376,lean (0.05-0.15pp),,,,,,,False
2026-08-20,20,2026-06,2026-09,3,forecast,0,0.11752538764673304,up,0.11752538764673304,lean (0.05-0.15pp),,,,,,,False
2026-08-31,31,2026-07,2026-08,1,forecast,0,0.09746039035720688,up,0.09746039035720688,lean (0.05-0.15pp),,,,,,,False
2026-08-31,31,2026-07,2026-09,2,forecast,0,0.13786422208614812,up,0.13786422208614812,lean (0.05-0.15pp),,,,,,,False
2026-08-31,31,2026-07,2026-10,3,forecast,0,0.20530702187111505,up,0.20530702187111505,call (0.15-0.30pp),,,,,,,False
