asof,asof_quarter,horizon,target_quarter,call,grade,made_call,pred_delta,real_delta,pred_dir,real_dir,hit,conviction_pp,covid_target,consumer_stretched
2017-01-31,2017Q1,0,2017Q1,growth_yoy,call,True,0.04407311204439601,-0.09410460885972416,accelerating,decelerating,0.0,0.04407311204439601,False,False
2017-01-31,2017Q1,0,2017Q1,growth_qoq,call,True,-0.02749834423588654,-0.06740890270671152,decelerating,decelerating,1.0,0.02749834423588654,False,False
2017-01-31,2017Q1,0,2017Q1,inflation_yoy,call,True,0.6903530880973066,0.7802979721370489,accelerating,accelerating,1.0,0.6903530880973066,False,False
2017-01-31,2017Q1,0,2017Q1,inflation_qoq,call,True,-0.019198373112105926,0.06895808175360063,decelerating,accelerating,0.0,0.019198373112105926,False,False
2017-01-31,2017Q1,1,2017Q2,growth_yoy,call,True,0.2504512238854728,0.2429520995615997,accelerating,accelerating,1.0,0.2504512238854728,False,False
2017-01-31,2017Q1,1,2017Q2,growth_qoq,lean,True,-0.01261014664827309,0.07298235226935734,decelerating,accelerating,0.0,0.01261014664827309,False,False
2017-01-31,2017Q1,1,2017Q2,inflation_yoy,call,True,-0.20690396896756447,-0.6962729391697249,decelerating,decelerating,1.0,0.20690396896756447,False,False
2017-01-31,2017Q1,1,2017Q2,inflation_qoq,call,True,-0.0193347829698709,-0.5883637843055789,decelerating,decelerating,1.0,0.0193347829698709,False,False
2017-01-31,2017Q1,2,2017Q3,growth_yoy,call,True,-0.14498047690341131,0.08040761841630051,decelerating,accelerating,0.0,0.14498047690341131,False,False
2017-01-31,2017Q1,2,2017Q3,growth_qoq,abstain,False,,0.22865156824358746,no call,accelerating,,,False,False
2017-01-31,2017Q1,2,2017Q3,inflation_yoy,call,True,0.17210356542945604,0.053553896562756,accelerating,accelerating,1.0,0.17210356542945604,False,False
2017-01-31,2017Q1,2,2017Q3,inflation_qoq,call,True,-0.002750995729727812,0.3626667512592441,decelerating,accelerating,0.0,0.002750995729727812,False,False
2017-01-31,2017Q1,3,2017Q4,growth_yoy,call,True,0.012832970019283074,0.5833220845871789,accelerating,accelerating,1.0,0.012832970019283074,False,False
2017-01-31,2017Q1,3,2017Q4,growth_qoq,abstain,False,,0.3385224962145772,no call,accelerating,,,False,False
2017-01-31,2017Q1,3,2017Q4,inflation_yoy,call,True,-0.046245079555284896,0.16312939955184613,decelerating,accelerating,0.0,0.046245079555284896,False,False
2017-01-31,2017Q1,3,2017Q4,inflation_qoq,call,True,-0.0040903974740436055,0.3174870925466866,decelerating,accelerating,0.0,0.0040903974740436055,False,False
2017-01-31,2017Q1,4,2018Q1,growth_yoy,call,True,-0.056949946018547415,0.3346665979973462,decelerating,accelerating,0.0,0.056949946018547415,False,False
2017-01-31,2017Q1,4,2018Q1,growth_qoq,abstain,False,,-0.31363682495104683,no call,decelerating,,,False,False
2017-01-31,2017Q1,4,2018Q1,inflation_yoy,call,True,-0.027612737786101516,0.1408517422751463,decelerating,accelerating,0.0,0.027612737786101516,False,False
2017-01-31,2017Q1,4,2018Q1,inflation_qoq,call,True,-0.000957930611278357,0.047111037814961954,decelerating,accelerating,0.0,0.000957930611278357,False,False
2017-02-28,2017Q1,0,2017Q1,growth_yoy,call,True,0.18840628407941207,-0.09410460885972416,accelerating,decelerating,0.0,0.18840628407941207,False,False
2017-02-28,2017Q1,0,2017Q1,growth_qoq,call,True,-0.02749834423588654,-0.06740890270671152,decelerating,decelerating,1.0,0.02749834423588654,False,False
2017-02-28,2017Q1,0,2017Q1,inflation_yoy,call,True,0.923059031378296,0.7802979721370489,accelerating,accelerating,1.0,0.923059031378296,False,False
2017-02-28,2017Q1,0,2017Q1,inflation_qoq,call,True,0.20924924116376697,0.06895808175360063,accelerating,accelerating,1.0,0.20924924116376697,False,False
2017-02-28,2017Q1,1,2017Q2,growth_yoy,call,True,0.25080483790822505,0.2429520995615997,accelerating,accelerating,1.0,0.25080483790822505,False,False
2017-02-28,2017Q1,1,2017Q2,growth_qoq,lean,True,-0.01261014664827309,0.07298235226935734,decelerating,accelerating,0.0,0.01261014664827309,False,False
2017-02-28,2017Q1,1,2017Q2,inflation_yoy,call,True,-0.15732112821572208,-0.6962729391697249,decelerating,decelerating,1.0,0.15732112821572208,False,False
2017-02-28,2017Q1,1,2017Q2,inflation_qoq,call,True,-0.19866494651461508,-0.5883637843055789,decelerating,decelerating,1.0,0.19866494651461508,False,False
2017-02-28,2017Q1,2,2017Q3,growth_yoy,call,True,-0.14518517596162628,0.08040761841630051,decelerating,accelerating,0.0,0.14518517596162628,False,False
2017-02-28,2017Q1,2,2017Q3,growth_qoq,abstain,False,,0.22865156824358746,no call,accelerating,,,False,False
2017-02-28,2017Q1,2,2017Q3,inflation_yoy,call,True,0.2011131851381207,0.053553896562756,accelerating,accelerating,1.0,0.2011131851381207,False,False
2017-02-28,2017Q1,2,2017Q3,inflation_qoq,call,True,-0.023940979438585863,0.3626667512592441,decelerating,accelerating,0.0,0.023940979438585863,False,False
2017-02-28,2017Q1,3,2017Q4,growth_yoy,call,True,0.012851088989029869,0.5833220845871789,accelerating,accelerating,1.0,0.012851088989029869,False,False
2017-02-28,2017Q1,3,2017Q4,growth_qoq,abstain,False,,0.3385224962145772,no call,accelerating,,,False,False
2017-02-28,2017Q1,3,2017Q4,inflation_yoy,call,True,-0.03593572520634858,0.16312939955184613,decelerating,accelerating,0.0,0.03593572520634858,False,False
2017-02-28,2017Q1,3,2017Q4,inflation_qoq,call,True,-0.021794289312082604,0.3174870925466866,decelerating,accelerating,0.0,0.021794289312082604,False,False
2017-02-28,2017Q1,4,2018Q1,growth_yoy,call,True,-0.20145015198784755,0.3346665979973462,decelerating,accelerating,0.0,0.20145015198784755,False,False
2017-02-28,2017Q1,4,2018Q1,growth_qoq,abstain,False,,-0.31363682495104683,no call,decelerating,,,False,False
2017-02-28,2017Q1,4,2018Q1,inflation_yoy,call,True,-0.25515501150292774,0.1408517422751463,decelerating,accelerating,0.0,0.25515501150292774,False,False
2017-02-28,2017Q1,4,2018Q1,inflation_qoq,call,True,-0.006098283323985321,0.047111037814961954,decelerating,accelerating,0.0,0.006098283323985321,False,False
2017-03-31,2017Q1,0,2017Q1,growth_yoy,call,True,0.16640598566000087,-0.09410460885972416,accelerating,decelerating,0.0,0.16640598566000087,False,False
2017-03-31,2017Q1,0,2017Q1,growth_qoq,call,True,-0.02749834423588654,-0.06740890270671152,decelerating,decelerating,1.0,0.02749834423588654,False,False
2017-03-31,2017Q1,0,2017Q1,inflation_yoy,call,True,0.8405493396111077,0.7802979721370489,accelerating,accelerating,1.0,0.8405493396111077,False,False
2017-03-31,2017Q1,0,2017Q1,inflation_qoq,call,True,0.12820050980282272,0.06895808175360063,accelerating,accelerating,1.0,0.12820050980282272,False,False
2017-03-31,2017Q1,1,2017Q2,growth_yoy,call,True,0.25075093751989463,0.2429520995615997,accelerating,accelerating,1.0,0.25075093751989463,False,False
2017-03-31,2017Q1,1,2017Q2,growth_qoq,lean,True,-0.01261014664827309,0.07298235226935734,decelerating,accelerating,0.0,0.01261014664827309,False,False
2017-03-31,2017Q1,1,2017Q2,inflation_yoy,call,True,-0.2721317777518646,-0.6962729391697249,decelerating,decelerating,1.0,0.2721317777518646,False,False
2017-03-31,2017Q1,1,2017Q2,inflation_qoq,call,True,-0.23042151566785574,-0.5883637843055789,decelerating,decelerating,1.0,0.23042151566785574,False,False
2017-03-31,2017Q1,2,2017Q3,growth_yoy,call,True,-0.14515397426140275,0.08040761841630051,decelerating,accelerating,0.0,0.14515397426140275,False,False
2017-03-31,2017Q1,2,2017Q3,growth_qoq,abstain,False,,0.22865156824358746,no call,accelerating,,,False,False
2017-03-31,2017Q1,2,2017Q3,inflation_yoy,call,True,0.21689621399373005,0.053553896562756,accelerating,accelerating,1.0,0.21689621399373005,False,False
2017-03-31,2017Q1,2,2017Q3,inflation_qoq,call,True,0.10472523276441326,0.3626667512592441,accelerating,accelerating,1.0,0.10472523276441326,False,False
2017-03-31,2017Q1,3,2017Q4,growth_yoy,call,True,0.01284832716557105,0.5833220845871789,accelerating,accelerating,1.0,0.01284832716557105,False,False
2017-03-31,2017Q1,3,2017Q4,growth_qoq,abstain,False,,0.3385224962145772,no call,accelerating,,,False,False
2017-03-31,2017Q1,3,2017Q4,inflation_yoy,call,True,-0.018980365202366567,0.16312939955184613,decelerating,accelerating,0.0,0.018980365202366567,False,False
2017-03-31,2017Q1,3,2017Q4,inflation_qoq,call,True,-0.021086722485463838,0.3174870925466866,decelerating,accelerating,0.0,0.021086722485463838,False,False
2017-03-31,2017Q1,4,2018Q1,growth_yoy,call,True,-0.17942439305684843,0.3346665979973462,decelerating,accelerating,0.0,0.17942439305684843,False,False
2017-03-31,2017Q1,4,2018Q1,growth_qoq,abstain,False,,-0.31363682495104683,no call,decelerating,,,False,False
2017-03-31,2017Q1,4,2018Q1,inflation_yoy,call,True,-0.15140206911876675,0.1408517422751463,decelerating,accelerating,0.0,0.15140206911876675,False,False
2017-03-31,2017Q1,4,2018Q1,inflation_qoq,call,True,-0.001896221671437992,0.047111037814961954,decelerating,accelerating,0.0,0.001896221671437992,False,False
2017-04-30,2017Q2,0,2017Q2,growth_yoy,call,True,0.3284556462394228,0.2429520995615997,accelerating,accelerating,1.0,0.3284556462394228,False,False
2017-04-30,2017Q2,0,2017Q2,growth_qoq,split,True,-0.09029739670992712,0.07298235226935734,decelerating,accelerating,0.0,0.09029739670992712,False,False
2017-04-30,2017Q2,0,2017Q2,inflation_yoy,call,True,-0.2999385263814971,-0.6962729391697249,decelerating,decelerating,1.0,0.2999385263814971,False,False
2017-04-30,2017Q2,0,2017Q2,inflation_qoq,call,True,-0.198542701122828,-0.5883637843055789,decelerating,decelerating,1.0,0.198542701122828,False,False
2017-04-30,2017Q2,1,2017Q3,growth_yoy,call,True,-0.1448953453037749,0.08040761841630051,decelerating,accelerating,0.0,0.1448953453037749,False,False
2017-04-30,2017Q2,1,2017Q3,growth_qoq,lean,True,-0.0800190493549846,0.22865156824358746,decelerating,accelerating,0.0,0.0800190493549846,False,False
2017-04-30,2017Q2,1,2017Q3,inflation_yoy,call,True,0.23233751702855798,0.053553896562756,accelerating,accelerating,1.0,0.23233751702855798,False,False
2017-04-30,2017Q2,1,2017Q3,inflation_qoq,call,True,0.14741871580159494,0.3626667512592441,accelerating,accelerating,1.0,0.14741871580159494,False,False
2017-04-30,2017Q2,2,2017Q4,growth_yoy,call,True,0.012825434582164341,0.5833220845871789,accelerating,accelerating,1.0,0.012825434582164341,False,False
2017-04-30,2017Q2,2,2017Q4,growth_qoq,abstain,False,,0.3385224962145772,no call,accelerating,,,False,False
2017-04-30,2017Q2,2,2017Q4,inflation_yoy,call,True,-0.007402257768984732,0.16312939955184613,decelerating,accelerating,0.0,0.007402257768984732,False,False
2017-04-30,2017Q2,2,2017Q4,inflation_qoq,call,True,-0.02506482145845368,0.3174870925466866,decelerating,accelerating,0.0,0.02506482145845368,False,False
2017-04-30,2017Q2,3,2018Q1,growth_yoy,call,True,0.08144999032795308,0.3346665979973462,accelerating,accelerating,1.0,0.08144999032795308,False,False
2017-04-30,2017Q2,3,2018Q1,growth_qoq,abstain,False,,-0.31363682495104683,no call,decelerating,,,False,False
2017-04-30,2017Q2,3,2018Q1,inflation_yoy,call,True,-0.07592759086452183,0.1408517422751463,decelerating,accelerating,0.0,0.07592759086452183,False,False
2017-04-30,2017Q2,3,2018Q1,inflation_qoq,call,True,0.0016210298553254177,0.047111037814961954,accelerating,accelerating,1.0,0.0016210298553254177,False,False
2017-04-30,2017Q2,4,2018Q2,growth_yoy,call,True,-0.0783042339588258,-0.029847248237091506,decelerating,decelerating,1.0,0.0783042339588258,False,False
2017-04-30,2017Q2,4,2018Q2,growth_qoq,abstain,False,,-0.2825846608052629,no call,decelerating,,,False,False
2017-04-30,2017Q2,4,2018Q2,inflation_yoy,call,True,0.15840205078462644,0.4382436799120235,accelerating,accelerating,1.0,0.15840205078462644,False,False
2017-04-30,2017Q2,4,2018Q2,inflation_qoq,call,True,0.031400261521929984,-0.2982312149923949,accelerating,decelerating,0.0,0.031400261521929984,False,False
2017-05-31,2017Q2,0,2017Q2,growth_yoy,call,True,0.4993273736948689,0.2429520995615997,accelerating,accelerating,1.0,0.4993273736948689,False,False
2017-05-31,2017Q2,0,2017Q2,growth_qoq,split,True,-0.09029739670992712,0.07298235226935734,decelerating,accelerating,0.0,0.09029739670992712,False,False
2017-05-31,2017Q2,0,2017Q2,inflation_yoy,call,True,-0.48924061873318125,-0.6962729391697249,decelerating,decelerating,1.0,0.48924061873318125,False,False
2017-05-31,2017Q2,0,2017Q2,inflation_qoq,call,True,-0.3846252265977679,-0.5883637843055789,decelerating,decelerating,1.0,0.3846252265977679,False,False
2017-05-31,2017Q2,1,2017Q3,growth_yoy,call,True,-0.14513709012815568,0.08040761841630051,decelerating,accelerating,0.0,0.14513709012815568,False,False
2017-05-31,2017Q2,1,2017Q3,growth_qoq,lean,True,-0.0800190493549846,0.22865156824358746,decelerating,accelerating,0.0,0.0800190493549846,False,False
2017-05-31,2017Q2,1,2017Q3,inflation_yoy,call,True,0.19241780671962072,0.053553896562756,accelerating,accelerating,1.0,0.19241780671962072,False,False
2017-05-31,2017Q2,1,2017Q3,inflation_qoq,call,True,0.2947379538891237,0.3626667512592441,accelerating,accelerating,1.0,0.2947379538891237,False,False
2017-05-31,2017Q2,2,2017Q4,growth_yoy,call,True,0.012846832663848673,0.5833220845871789,accelerating,accelerating,1.0,0.012846832663848673,False,False
2017-05-31,2017Q2,2,2017Q4,growth_qoq,abstain,False,,0.3385224962145772,no call,accelerating,,,False,False
2017-05-31,2017Q2,2,2017Q4,inflation_yoy,call,True,-0.006674662241749285,0.16312939955184613,decelerating,accelerating,0.0,0.006674662241749285,False,False
2017-05-31,2017Q2,2,2017Q4,inflation_qoq,call,True,0.014398315604902123,0.3174870925466866,accelerating,accelerating,1.0,0.014398315604902123,False,False
2017-05-31,2017Q2,3,2018Q1,growth_yoy,call,True,0.08158588229580932,0.3346665979973462,accelerating,accelerating,1.0,0.08158588229580932,False,False
2017-05-31,2017Q2,3,2018Q1,growth_qoq,abstain,False,,-0.31363682495104683,no call,decelerating,,,False,False
2017-05-31,2017Q2,3,2018Q1,inflation_yoy,call,True,-0.07426630656905209,0.1408517422751463,decelerating,accelerating,0.0,0.07426630656905209,False,False
2017-05-31,2017Q2,3,2018Q1,inflation_qoq,call,True,0.002389892128462634,0.047111037814961954,accelerating,accelerating,1.0,0.002389892128462634,False,False
2017-05-31,2017Q2,4,2018Q2,growth_yoy,call,True,-0.2490915066394317,-0.029847248237091506,decelerating,decelerating,1.0,0.2490915066394317,False,False
2017-05-31,2017Q2,4,2018Q2,growth_qoq,abstain,False,,-0.2825846608052629,no call,decelerating,,,False,False
2017-05-31,2017Q2,4,2018Q2,inflation_yoy,call,True,0.353490895354998,0.4382436799120235,accelerating,accelerating,1.0,0.353490895354998,False,False
2017-05-31,2017Q2,4,2018Q2,inflation_qoq,call,True,0.03544511849626897,-0.2982312149923949,accelerating,decelerating,0.0,0.03544511849626897,False,False
2017-06-30,2017Q2,0,2017Q2,growth_yoy,call,True,0.32417258937766924,0.2429520995615997,accelerating,accelerating,1.0,0.32417258937766924,False,False
2017-06-30,2017Q2,0,2017Q2,growth_qoq,split,True,-0.09029739670992712,0.07298235226935734,decelerating,accelerating,0.0,0.09029739670992712,False,False
2017-06-30,2017Q2,0,2017Q2,inflation_yoy,call,True,-0.6675219429422545,-0.6962729391697249,decelerating,decelerating,1.0,0.6675219429422545,False,False
2017-06-30,2017Q2,0,2017Q2,inflation_qoq,call,True,-0.560039228933884,-0.5883637843055789,decelerating,decelerating,1.0,0.560039228933884,False,False
2017-06-30,2017Q2,1,2017Q3,growth_yoy,call,True,-0.14488928574760696,0.08040761841630051,decelerating,accelerating,0.0,0.14488928574760696,False,False
2017-06-30,2017Q2,1,2017Q3,growth_qoq,lean,True,-0.0800190493549846,0.22865156824358746,decelerating,accelerating,0.0,0.0800190493549846,False,False
2017-06-30,2017Q2,1,2017Q3,inflation_yoy,call,True,0.05500112177974836,0.053553896562756,accelerating,accelerating,1.0,0.05500112177974836,False,False
2017-06-30,2017Q2,1,2017Q3,inflation_qoq,call,True,0.33532591496678865,0.3626667512592441,accelerating,accelerating,1.0,0.33532591496678865,False,False
2017-06-30,2017Q2,2,2017Q4,growth_yoy,call,True,0.012824898219587766,0.5833220845871789,accelerating,accelerating,1.0,0.012824898219587766,False,False
2017-06-30,2017Q2,2,2017Q4,growth_qoq,abstain,False,,0.3385224962145772,no call,accelerating,,,False,False
2017-06-30,2017Q2,2,2017Q4,inflation_yoy,call,True,0.001763312551705809,0.16312939955184613,accelerating,accelerating,1.0,0.001763312551705809,False,False
2017-06-30,2017Q2,2,2017Q4,inflation_qoq,call,True,0.15753129375348784,0.3174870925466866,accelerating,accelerating,1.0,0.15753129375348784,False,False
2017-06-30,2017Q2,3,2018Q1,growth_yoy,call,True,0.08144658407089889,0.3346665979973462,accelerating,accelerating,1.0,0.08144658407089889,False,False
2017-06-30,2017Q2,3,2018Q1,growth_qoq,abstain,False,,-0.31363682495104683,no call,decelerating,,,False,False
2017-06-30,2017Q2,3,2018Q1,inflation_yoy,call,True,-0.06334251688400938,0.1408517422751463,decelerating,accelerating,0.0,0.06334251688400938,False,False
2017-06-30,2017Q2,3,2018Q1,inflation_qoq,call,True,0.004647527613066416,0.047111037814961954,accelerating,accelerating,1.0,0.004647527613066416,False,False
2017-06-30,2017Q2,4,2018Q2,growth_yoy,call,True,-0.07402329403363161,-0.029847248237091506,decelerating,decelerating,1.0,0.07402329403363161,False,False
2017-06-30,2017Q2,4,2018Q2,growth_qoq,abstain,False,,-0.2825846608052629,no call,decelerating,,,False,False
2017-06-30,2017Q2,4,2018Q2,inflation_yoy,call,True,0.5450302204521067,0.4382436799120235,accelerating,accelerating,1.0,0.5450302204521067,False,False
2017-06-30,2017Q2,4,2018Q2,inflation_qoq,call,True,0.038043281441613175,-0.2982312149923949,accelerating,decelerating,0.0,0.038043281441613175,False,False
2017-07-31,2017Q3,0,2017Q3,growth_yoy,call,True,0.11520996347622603,0.08040761841630051,accelerating,accelerating,1.0,0.11520996347622603,False,False
2017-07-31,2017Q3,0,2017Q3,growth_qoq,split,True,0.019022033282640516,0.22865156824358746,accelerating,accelerating,1.0,0.019022033282640516,False,False
2017-07-31,2017Q3,0,2017Q3,inflation_yoy,call,True,0.06809178518836223,0.053553896562756,accelerating,accelerating,1.0,0.06809178518836223,False,False
2017-07-31,2017Q3,0,2017Q3,inflation_qoq,call,True,0.3766526385012403,0.3626667512592441,accelerating,accelerating,1.0,0.3766526385012403,False,False
2017-07-31,2017Q3,1,2017Q4,growth_yoy,call,True,0.0028391402553840095,0.5833220845871789,accelerating,accelerating,1.0,0.0028391402553840095,False,False
2017-07-31,2017Q3,1,2017Q4,growth_qoq,lean,True,0.0027867247813229135,0.3385224962145772,accelerating,accelerating,1.0,0.0027867247813229135,False,False
2017-07-31,2017Q3,1,2017Q4,inflation_yoy,call,True,0.008224344669294226,0.16312939955184613,accelerating,accelerating,1.0,0.008224344669294226,False,False
2017-07-31,2017Q3,1,2017Q4,inflation_qoq,call,True,0.15089778511920837,0.3174870925466866,accelerating,accelerating,1.0,0.15089778511920837,False,False
2017-07-31,2017Q3,2,2018Q1,growth_yoy,call,True,0.07156589405088454,0.3346665979973462,accelerating,accelerating,1.0,0.07156589405088454,False,False
2017-07-31,2017Q3,2,2018Q1,growth_qoq,abstain,False,,-0.31363682495104683,no call,decelerating,,,False,False
2017-07-31,2017Q3,2,2018Q1,inflation_yoy,call,True,-0.05895590434652487,0.1408517422751463,decelerating,accelerating,0.0,0.05895590434652487,False,False
2017-07-31,2017Q3,2,2018Q1,inflation_qoq,call,True,0.0026051155604944753,0.047111037814961954,accelerating,accelerating,1.0,0.0026051155604944753,False,False
2017-07-31,2017Q3,3,2018Q2,growth_yoy,call,True,-0.0028410448177362824,-0.029847248237091506,decelerating,decelerating,1.0,0.0028410448177362824,False,False
2017-07-31,2017Q3,3,2018Q2,growth_qoq,abstain,False,,-0.2825846608052629,no call,decelerating,,,False,False
2017-07-31,2017Q3,3,2018Q2,inflation_yoy,call,True,0.5800922080809807,0.4382436799120235,accelerating,accelerating,1.0,0.5800922080809807,False,False
2017-07-31,2017Q3,3,2018Q2,inflation_qoq,call,True,0.03967130263182739,-0.2982312149923949,accelerating,decelerating,0.0,0.03967130263182739,False,False
2017-07-31,2017Q3,4,2018Q3,growth_yoy,call,True,-0.2701544670281386,-0.16893220580334045,decelerating,decelerating,1.0,0.2701544670281386,False,False
2017-07-31,2017Q3,4,2018Q3,growth_qoq,abstain,False,,0.09287228429846195,no call,accelerating,,,False,False
2017-07-31,2017Q3,4,2018Q3,inflation_yoy,call,True,0.20776293711179195,-0.07712161843226628,accelerating,decelerating,0.0,0.20776293711179195,False,False
2017-07-31,2017Q3,4,2018Q3,inflation_qoq,call,True,0.010576730197864315,-0.1425685698416279,accelerating,decelerating,0.0,0.010576730197864315,False,False
2017-08-31,2017Q3,0,2017Q3,growth_yoy,call,True,-0.3918037330760349,0.08040761841630051,decelerating,accelerating,0.0,0.3918037330760349,False,False
2017-08-31,2017Q3,0,2017Q3,growth_qoq,split,True,0.019022033282640516,0.22865156824358746,accelerating,accelerating,1.0,0.019022033282640516,False,False
2017-08-31,2017Q3,0,2017Q3,inflation_yoy,call,True,-0.13321675571825375,0.053553896562756,decelerating,accelerating,0.0,0.13321675571825375,False,False
2017-08-31,2017Q3,0,2017Q3,inflation_qoq,call,True,0.17826663682025679,0.3626667512592441,accelerating,accelerating,1.0,0.17826663682025679,False,False
2017-08-31,2017Q3,1,2017Q4,growth_yoy,call,True,0.0028250890646841498,0.5833220845871789,accelerating,accelerating,1.0,0.0028250890646841498,False,False
2017-08-31,2017Q3,1,2017Q4,growth_qoq,lean,True,0.0027867247813229135,0.3385224962145772,accelerating,accelerating,1.0,0.0027867247813229135,False,False
2017-08-31,2017Q3,1,2017Q4,inflation_yoy,call,True,0.03156663670464965,0.16312939955184613,accelerating,accelerating,1.0,0.03156663670464965,False,False
2017-08-31,2017Q3,1,2017Q4,inflation_qoq,call,True,0.37236256471444573,0.3174870925466866,accelerating,accelerating,1.0,0.37236256471444573,False,False
2017-08-31,2017Q3,2,2018Q1,growth_yoy,call,True,0.0712117072427132,0.3346665979973462,accelerating,accelerating,1.0,0.0712117072427132,False,False
2017-08-31,2017Q3,2,2018Q1,growth_qoq,abstain,False,,-0.31363682495104683,no call,decelerating,,,False,False
2017-08-31,2017Q3,2,2018Q1,inflation_yoy,call,True,-0.04836000649165073,0.1408517422751463,decelerating,accelerating,0.0,0.04836000649165073,False,False
2017-08-31,2017Q3,2,2018Q1,inflation_qoq,call,True,-0.01009513312058008,0.047111037814961954,decelerating,accelerating,0.0,0.01009513312058008,False,False
2017-08-31,2017Q3,3,2018Q2,growth_yoy,call,True,-0.0028269842011541257,-0.029847248237091506,decelerating,decelerating,1.0,0.0028269842011541257,False,False
2017-08-31,2017Q3,3,2018Q2,growth_qoq,abstain,False,,-0.2825846608052629,no call,decelerating,,,False,False
2017-08-31,2017Q3,3,2018Q2,inflation_yoy,call,True,0.5914162827103109,0.4382436799120235,accelerating,accelerating,1.0,0.5914162827103109,False,False
2017-08-31,2017Q3,3,2018Q2,inflation_qoq,call,True,0.041371768541398346,-0.2982312149923949,accelerating,decelerating,0.0,0.041371768541398346,False,False
2017-08-31,2017Q3,4,2018Q3,growth_yoy,call,True,0.23721340690641135,-0.16893220580334045,accelerating,decelerating,0.0,0.23721340690641135,False,False
2017-08-31,2017Q3,4,2018Q3,growth_qoq,abstain,False,,0.09287228429846195,no call,accelerating,,,False,False
2017-08-31,2017Q3,4,2018Q3,inflation_yoy,call,True,0.4241613432618201,-0.07712161843226628,accelerating,decelerating,0.0,0.4241613432618201,False,False
2017-08-31,2017Q3,4,2018Q3,inflation_qoq,call,True,0.01208747514431785,-0.1425685698416279,accelerating,decelerating,0.0,0.01208747514431785,False,False
2017-09-30,2017Q3,0,2017Q3,growth_yoy,call,True,-0.30679455576068104,0.08040761841630051,decelerating,accelerating,0.0,0.30679455576068104,False,False
2017-09-30,2017Q3,0,2017Q3,growth_qoq,split,True,0.019022033282640516,0.22865156824358746,accelerating,accelerating,1.0,0.019022033282640516,False,False
2017-09-30,2017Q3,0,2017Q3,inflation_yoy,call,True,-0.03311542334903583,0.053553896562756,decelerating,accelerating,0.0,0.03311542334903583,False,False
2017-09-30,2017Q3,0,2017Q3,inflation_qoq,call,True,0.2770426323871922,0.3626667512592441,accelerating,accelerating,1.0,0.2770426323871922,False,False
2017-09-30,2017Q3,1,2017Q4,growth_yoy,call,True,0.002827444977704374,0.5833220845871789,accelerating,accelerating,1.0,0.002827444977704374,False,False
2017-09-30,2017Q3,1,2017Q4,growth_qoq,lean,True,0.0027867247813229135,0.3385224962145772,accelerating,accelerating,1.0,0.0027867247813229135,False,False
2017-09-30,2017Q3,1,2017Q4,inflation_yoy,call,True,0.11283417297305309,0.16312939955184613,accelerating,accelerating,1.0,0.11283417297305309,False,False
2017-09-30,2017Q3,1,2017Q4,inflation_qoq,call,True,0.353733359974151,0.3174870925466866,accelerating,accelerating,1.0,0.353733359974151,False,False
2017-09-30,2017Q3,2,2018Q1,growth_yoy,call,True,0.07127109248099561,0.3346665979973462,accelerating,accelerating,1.0,0.07127109248099561,False,False
2017-09-30,2017Q3,2,2018Q1,growth_qoq,abstain,False,,-0.31363682495104683,no call,decelerating,,,False,False
2017-09-30,2017Q3,2,2018Q1,inflation_yoy,call,True,-0.0449296295901882,0.1408517422751463,decelerating,accelerating,0.0,0.0449296295901882,False,False
2017-09-30,2017Q3,2,2018Q1,inflation_qoq,call,True,-0.08676984750108918,0.047111037814961954,decelerating,accelerating,0.0,0.08676984750108918,False,False
2017-09-30,2017Q3,3,2018Q2,growth_yoy,call,True,-0.0028293416945768257,-0.029847248237091506,decelerating,decelerating,1.0,0.0028293416945768257,False,False
2017-09-30,2017Q3,3,2018Q2,growth_qoq,abstain,False,,-0.2825846608052629,no call,decelerating,,,False,False
2017-09-30,2017Q3,3,2018Q2,inflation_yoy,call,True,0.5976014094545661,0.4382436799120235,accelerating,accelerating,1.0,0.5976014094545661,False,False
2017-09-30,2017Q3,3,2018Q2,inflation_qoq,call,True,0.04291929903266212,-0.2982312149923949,accelerating,decelerating,0.0,0.04291929903266212,False,False
2017-09-30,2017Q3,4,2018Q3,growth_yoy,call,True,0.15214484593319977,-0.16893220580334045,accelerating,decelerating,0.0,0.15214484593319977,False,False
2017-09-30,2017Q3,4,2018Q3,growth_qoq,abstain,False,,0.09287228429846195,no call,accelerating,,,False,False
2017-09-30,2017Q3,4,2018Q3,inflation_yoy,call,True,0.3294220148973923,-0.07712161843226628,accelerating,decelerating,0.0,0.3294220148973923,False,False
2017-09-30,2017Q3,4,2018Q3,inflation_qoq,call,True,0.01252852515984948,-0.1425685698416279,accelerating,decelerating,0.0,0.01252852515984948,False,False
2017-10-31,2017Q4,0,2017Q4,growth_yoy,call,True,-0.24384720373402669,0.5833220845871789,decelerating,accelerating,0.0,0.24384720373402669,False,False
2017-10-31,2017Q4,0,2017Q4,growth_qoq,call,True,-0.11607597567044098,0.3385224962145772,decelerating,accelerating,0.0,0.11607597567044098,False,False
2017-10-31,2017Q4,0,2017Q4,inflation_yoy,call,True,0.3275023774556465,0.16312939955184613,accelerating,accelerating,1.0,0.3275023774556465,False,False
2017-10-31,2017Q4,0,2017Q4,inflation_qoq,call,True,0.4797358184579048,0.3174870925466866,accelerating,accelerating,1.0,0.4797358184579048,False,False
2017-10-31,2017Q4,1,2018Q1,growth_yoy,call,True,0.08419023986918628,0.3346665979973462,accelerating,accelerating,1.0,0.08419023986918628,False,False
2017-10-31,2017Q4,1,2018Q1,growth_qoq,lean,True,0.21882814637663728,-0.31363682495104683,accelerating,decelerating,0.0,0.21882814637663728,False,False
2017-10-31,2017Q4,1,2018Q1,inflation_yoy,call,True,-0.02695949792572705,0.1408517422751463,decelerating,accelerating,0.0,0.02695949792572705,False,False
2017-10-31,2017Q4,1,2018Q1,inflation_qoq,call,True,-0.2805838328909793,0.047111037814961954,decelerating,accelerating,0.0,0.2805838328909793,False,False
2017-10-31,2017Q4,2,2018Q2,growth_yoy,call,True,0.009988639595182036,-0.029847248237091506,accelerating,decelerating,0.0,0.009988639595182036,False,False
2017-10-31,2017Q4,2,2018Q2,growth_qoq,abstain,False,,-0.2825846608052629,no call,decelerating,,,False,False
2017-10-31,2017Q4,2,2018Q2,inflation_yoy,call,True,0.6095084307855911,0.4382436799120235,accelerating,accelerating,1.0,0.6095084307855911,False,False
2017-10-31,2017Q4,2,2018Q2,inflation_qoq,call,True,0.03493094702242683,-0.2982312149923949,accelerating,decelerating,0.0,0.03493094702242683,False,False
2017-10-31,2017Q4,3,2018Q3,growth_yoy,call,True,-0.22202546142631174,-0.16893220580334045,decelerating,decelerating,1.0,0.22202546142631174,False,False
2017-10-31,2017Q4,3,2018Q3,growth_qoq,abstain,False,,0.09287228429846195,no call,accelerating,,,False,False
2017-10-31,2017Q4,3,2018Q3,inflation_yoy,call,True,0.25050156290040704,-0.07712161843226628,accelerating,decelerating,0.0,0.25050156290040704,False,False
2017-10-31,2017Q4,3,2018Q3,inflation_qoq,call,True,0.010022721052327377,-0.1425685698416279,accelerating,decelerating,0.0,0.010022721052327377,False,False
2017-10-31,2017Q4,4,2018Q4,growth_yoy,call,True,0.25920358516544617,-1.004919889234146,accelerating,decelerating,0.0,0.25920358516544617,False,False
2017-10-31,2017Q4,4,2018Q4,growth_qoq,abstain,False,,-0.48205320619572056,no call,decelerating,,,False,False
2017-10-31,2017Q4,4,2018Q4,inflation_yoy,call,True,-0.24296546932388186,-0.3957872653396941,decelerating,decelerating,1.0,0.24296546932388186,False,False
2017-10-31,2017Q4,4,2018Q4,inflation_qoq,call,True,-0.0016280329375284452,0.005278572516287383,decelerating,accelerating,0.0,0.0016280329375284452,False,False
2017-11-30,2017Q4,0,2017Q4,growth_yoy,call,True,0.38799321841578305,0.5833220845871789,accelerating,accelerating,1.0,0.38799321841578305,False,False
2017-11-30,2017Q4,0,2017Q4,growth_qoq,call,True,-0.11607597567044098,0.3385224962145772,decelerating,accelerating,0.0,0.11607597567044098,False,False
2017-11-30,2017Q4,0,2017Q4,inflation_yoy,call,True,0.21542963344132926,0.16312939955184613,accelerating,accelerating,1.0,0.21542963344132926,False,False
2017-11-30,2017Q4,0,2017Q4,inflation_qoq,call,True,0.36917734985955075,0.3174870925466866,accelerating,accelerating,1.0,0.36917734985955075,False,False
2017-11-30,2017Q4,1,2018Q1,growth_yoy,call,True,0.084710905153762,0.3346665979973462,accelerating,accelerating,1.0,0.084710905153762,False,False
2017-11-30,2017Q4,1,2018Q1,growth_qoq,lean,True,0.21882814637663728,-0.31363682495104683,accelerating,decelerating,0.0,0.21882814637663728,False,False
2017-11-30,2017Q4,1,2018Q1,inflation_yoy,call,True,0.017441089341548643,0.1408517422751463,accelerating,accelerating,1.0,0.017441089341548643,False,False
2017-11-30,2017Q4,1,2018Q1,inflation_qoq,call,True,-0.12636287972667137,0.047111037814961954,decelerating,accelerating,0.0,0.12636287972667137,False,False
2017-11-30,2017Q4,2,2018Q2,growth_yoy,call,True,0.010050413238849032,-0.029847248237091506,accelerating,decelerating,0.0,0.010050413238849032,False,False
2017-11-30,2017Q4,2,2018Q2,growth_qoq,abstain,False,,-0.2825846608052629,no call,decelerating,,,False,False
2017-11-30,2017Q4,2,2018Q2,inflation_yoy,call,True,0.5914441060442734,0.4382436799120235,accelerating,accelerating,1.0,0.5914441060442734,False,False
2017-11-30,2017Q4,2,2018Q2,inflation_qoq,call,True,-0.026033639182321267,-0.2982312149923949,decelerating,decelerating,1.0,0.026033639182321267,False,False
2017-11-30,2017Q4,3,2018Q3,growth_yoy,call,True,-0.2233985534882299,-0.16893220580334045,decelerating,decelerating,1.0,0.2233985534882299,False,False
2017-11-30,2017Q4,3,2018Q3,growth_qoq,abstain,False,,0.09287228429846195,no call,accelerating,,,False,False
2017-11-30,2017Q4,3,2018Q3,inflation_yoy,call,True,0.2322008790849832,-0.07712161843226628,accelerating,decelerating,0.0,0.2322008790849832,False,False
2017-11-30,2017Q4,3,2018Q3,inflation_qoq,call,True,0.009618315099424457,-0.1425685698416279,accelerating,decelerating,0.0,0.009618315099424457,False,False
2017-11-30,2017Q4,4,2018Q4,growth_yoy,call,True,-0.37184618385068813,-1.004919889234146,decelerating,decelerating,1.0,0.37184618385068813,False,False
2017-11-30,2017Q4,4,2018Q4,growth_qoq,abstain,False,,-0.48205320619572056,no call,decelerating,,,False,False
2017-11-30,2017Q4,4,2018Q4,inflation_yoy,call,True,-0.14900966216137324,-0.3957872653396941,decelerating,decelerating,1.0,0.14900966216137324,False,False
2017-11-30,2017Q4,4,2018Q4,inflation_qoq,call,True,-0.0025806218711510454,0.005278572516287383,decelerating,accelerating,0.0,0.0025806218711510454,False,False
2017-12-31,2017Q4,0,2017Q4,growth_yoy,call,True,0.41784002896769756,0.5833220845871789,accelerating,accelerating,1.0,0.41784002896769756,False,False
2017-12-31,2017Q4,0,2017Q4,growth_qoq,call,True,-0.11607597567044098,0.3385224962145772,decelerating,accelerating,0.0,0.11607597567044098,False,False
2017-12-31,2017Q4,0,2017Q4,inflation_yoy,call,True,0.17378472267201395,0.16312939955184613,accelerating,accelerating,1.0,0.17378472267201395,False,False
2017-12-31,2017Q4,0,2017Q4,inflation_qoq,call,True,0.3280272990635602,0.3174870925466866,accelerating,accelerating,1.0,0.3280272990635602,False,False
2017-12-31,2017Q4,1,2018Q1,growth_yoy,call,True,0.08473550028500476,0.3346665979973462,accelerating,accelerating,1.0,0.08473550028500476,False,False
2017-12-31,2017Q4,1,2018Q1,growth_qoq,lean,True,0.21882814637663728,-0.31363682495104683,accelerating,decelerating,0.0,0.21882814637663728,False,False
2017-12-31,2017Q4,1,2018Q1,inflation_yoy,call,True,0.006019605539734574,0.1408517422751463,accelerating,accelerating,1.0,0.006019605539734574,False,False
2017-12-31,2017Q4,1,2018Q1,inflation_qoq,call,True,-0.0964276484623161,0.047111037814961954,decelerating,accelerating,0.0,0.0964276484623161,False,False
2017-12-31,2017Q4,2,2018Q2,growth_yoy,call,True,0.01005333129564523,-0.029847248237091506,accelerating,decelerating,0.0,0.01005333129564523,False,False
2017-12-31,2017Q4,2,2018Q2,growth_qoq,abstain,False,,-0.2825846608052629,no call,decelerating,,,False,False
2017-12-31,2017Q4,2,2018Q2,inflation_yoy,call,True,0.6008676980137517,0.4382436799120235,accelerating,accelerating,1.0,0.6008676980137517,False,False
2017-12-31,2017Q4,2,2018Q2,inflation_qoq,call,True,-0.005280774476235095,-0.2982312149923949,decelerating,decelerating,1.0,0.005280774476235095,False,False
2017-12-31,2017Q4,3,2018Q3,growth_yoy,call,True,-0.22346341546477522,-0.16893220580334045,decelerating,decelerating,1.0,0.22346341546477522,False,False
2017-12-31,2017Q4,3,2018Q3,growth_qoq,abstain,False,,0.09287228429846195,no call,accelerating,,,False,False
2017-12-31,2017Q4,3,2018Q3,inflation_yoy,call,True,0.24227653594783893,-0.07712161843226628,accelerating,decelerating,0.0,0.24227653594783893,False,False
2017-12-31,2017Q4,3,2018Q3,inflation_qoq,call,True,0.01004210615185297,-0.1425685698416279,accelerating,decelerating,0.0,0.01004210615185297,False,False
2017-12-31,2017Q4,4,2018Q4,growth_yoy,call,True,-0.4016556456140741,-1.004919889234146,decelerating,decelerating,1.0,0.4016556456140741,False,False
2017-12-31,2017Q4,4,2018Q4,growth_qoq,abstain,False,,-0.48205320619572056,no call,decelerating,,,False,False
2017-12-31,2017Q4,4,2018Q4,inflation_yoy,call,True,-0.09497640120376483,-0.3957872653396941,decelerating,decelerating,1.0,0.09497640120376483,False,False
2017-12-31,2017Q4,4,2018Q4,inflation_qoq,call,True,-0.0007090502009754474,0.005278572516287383,decelerating,accelerating,0.0,0.0007090502009754474,False,False
2018-01-31,2018Q1,0,2018Q1,growth_yoy,call,True,0.47190856000638437,0.3346665979973462,accelerating,accelerating,1.0,0.47190856000638437,False,False
2018-01-31,2018Q1,0,2018Q1,growth_qoq,call,True,-0.4364873298558055,-0.31363682495104683,decelerating,decelerating,1.0,0.4364873298558055,False,False
2018-01-31,2018Q1,0,2018Q1,inflation_yoy,call,True,0.14455422668734697,0.1408517422751463,accelerating,accelerating,1.0,0.14455422668734697,False,False
2018-01-31,2018Q1,0,2018Q1,inflation_qoq,call,True,0.05078265286397876,0.047111037814961954,accelerating,accelerating,1.0,0.05078265286397876,False,False
2018-01-31,2018Q1,1,2018Q2,growth_yoy,call,True,0.010107318678564958,-0.029847248237091506,accelerating,decelerating,0.0,0.010107318678564958,False,False
2018-01-31,2018Q1,1,2018Q2,growth_qoq,lean,True,0.5573506425912145,-0.2825846608052629,accelerating,decelerating,0.0,0.5573506425912145,False,False
2018-01-31,2018Q1,1,2018Q2,inflation_yoy,call,True,0.637743353999717,0.4382436799120235,accelerating,accelerating,1.0,0.637743353999717,False,False
2018-01-31,2018Q1,1,2018Q2,inflation_qoq,call,True,-0.10660071828174633,-0.2982312149923949,decelerating,decelerating,1.0,0.10660071828174633,False,False
2018-01-31,2018Q1,2,2018Q3,growth_yoy,call,True,-0.22466343609688355,-0.16893220580334045,decelerating,decelerating,1.0,0.22466343609688355,False,False
2018-01-31,2018Q1,2,2018Q3,growth_qoq,abstain,False,,0.09287228429846195,no call,accelerating,,,False,False
2018-01-31,2018Q1,2,2018Q3,inflation_yoy,call,True,0.2643897043757666,-0.07712161843226628,accelerating,decelerating,0.0,0.2643897043757666,False,False
2018-01-31,2018Q1,2,2018Q3,inflation_qoq,call,True,-0.0040701386630814795,-0.1425685698416279,decelerating,decelerating,1.0,0.0040701386630814795,False,False
2018-01-31,2018Q1,3,2018Q4,growth_yoy,call,True,-0.5690593123191867,-1.004919889234146,decelerating,decelerating,1.0,0.5690593123191867,False,False
2018-01-31,2018Q1,3,2018Q4,growth_qoq,abstain,False,,-0.48205320619572056,no call,decelerating,,,False,False
2018-01-31,2018Q1,3,2018Q4,inflation_yoy,call,True,-0.05849573320186119,-0.3957872653396941,decelerating,decelerating,1.0,0.05849573320186119,False,False
2018-01-31,2018Q1,3,2018Q4,inflation_qoq,call,True,0.003355611138533554,0.005278572516287383,accelerating,accelerating,1.0,0.003355611138533554,False,False
2018-01-31,2018Q1,4,2019Q1,growth_yoy,call,True,-0.38410541538655973,-0.19155202488416734,decelerating,decelerating,1.0,0.38410541538655973,False,False
2018-01-31,2018Q1,4,2019Q1,growth_qoq,abstain,False,,0.4826738633308958,no call,accelerating,,,False,False
2018-01-31,2018Q1,4,2019Q1,inflation_yoy,call,True,-0.10713664329523986,-0.5840349026527376,decelerating,decelerating,1.0,0.10713664329523986,False,False
2018-01-31,2018Q1,4,2019Q1,inflation_qoq,call,True,0.0024781340841606436,-0.14014887681546018,accelerating,decelerating,0.0,0.0024781340841606436,False,False
2018-02-28,2018Q1,0,2018Q1,growth_yoy,call,True,-0.21222097916000493,0.3346665979973462,decelerating,accelerating,0.0,0.21222097916000493,False,False
2018-02-28,2018Q1,0,2018Q1,growth_qoq,call,True,-0.4364873298558055,-0.31363682495104683,decelerating,decelerating,1.0,0.4364873298558055,False,False
2018-02-28,2018Q1,0,2018Q1,inflation_yoy,call,True,0.1657432062725097,0.1408517422751463,accelerating,accelerating,1.0,0.1657432062725097,False,False
2018-02-28,2018Q1,0,2018Q1,inflation_qoq,call,True,0.07165496151120276,0.047111037814961954,accelerating,accelerating,1.0,0.07165496151120276,False,False
2018-02-28,2018Q1,1,2018Q2,growth_yoy,call,True,0.010040487914908525,-0.029847248237091506,accelerating,decelerating,0.0,0.010040487914908525,False,False
2018-02-28,2018Q1,1,2018Q2,growth_qoq,lean,True,0.5573506425912145,-0.2825846608052629,accelerating,decelerating,0.0,0.5573506425912145,False,False
2018-02-28,2018Q1,1,2018Q2,inflation_yoy,call,True,0.6077874730036887,0.4382436799120235,accelerating,accelerating,1.0,0.6077874730036887,False,False
2018-02-28,2018Q1,1,2018Q2,inflation_qoq,call,True,-0.15690096496532302,-0.2982312149923949,decelerating,decelerating,1.0,0.15690096496532302,False,False
2018-02-28,2018Q1,2,2018Q3,growth_yoy,call,True,-0.22317793539448072,-0.16893220580334045,decelerating,decelerating,1.0,0.22317793539448072,False,False
2018-02-28,2018Q1,2,2018Q3,growth_qoq,abstain,False,,0.09287228429846195,no call,accelerating,,,False,False
2018-02-28,2018Q1,2,2018Q3,inflation_yoy,call,True,0.27253286470573546,-0.07712161843226628,accelerating,decelerating,0.0,0.27253286470573546,False,False
2018-02-28,2018Q1,2,2018Q3,inflation_qoq,call,True,0.033341481692050756,-0.1425685698416279,accelerating,decelerating,0.0,0.033341481692050756,False,False
2018-02-28,2018Q1,3,2018Q4,growth_yoy,call,True,-0.5652966261302739,-1.004919889234146,decelerating,decelerating,1.0,0.5652966261302739,False,False
2018-02-28,2018Q1,3,2018Q4,growth_qoq,abstain,False,,-0.48205320619572056,no call,decelerating,,,False,False
2018-02-28,2018Q1,3,2018Q4,inflation_yoy,call,True,-0.0492278974985636,-0.3957872653396941,decelerating,decelerating,1.0,0.0492278974985636,False,False
2018-02-28,2018Q1,3,2018Q4,inflation_qoq,call,True,0.004424024548566052,0.005278572516287383,accelerating,accelerating,1.0,0.004424024548566052,False,False
2018-02-28,2018Q1,4,2019Q1,growth_yoy,call,True,0.2948427676521481,-0.19155202488416734,accelerating,decelerating,0.0,0.2948427676521481,False,False
2018-02-28,2018Q1,4,2019Q1,growth_qoq,abstain,False,,0.4826738633308958,no call,accelerating,,,False,False
2018-02-28,2018Q1,4,2019Q1,inflation_yoy,call,True,-0.11813274254646178,-0.5840349026527376,decelerating,decelerating,1.0,0.11813274254646178,False,False
2018-02-28,2018Q1,4,2019Q1,inflation_qoq,call,True,0.003599063537818026,-0.14014887681546018,accelerating,decelerating,0.0,0.003599063537818026,False,False
2018-03-31,2018Q1,0,2018Q1,growth_yoy,call,True,0.13523436113005438,0.3346665979973462,accelerating,accelerating,1.0,0.13523436113005438,False,False
2018-03-31,2018Q1,0,2018Q1,growth_qoq,call,True,-0.4364873298558055,-0.31363682495104683,decelerating,decelerating,1.0,0.4364873298558055,False,False
2018-03-31,2018Q1,0,2018Q1,inflation_yoy,call,True,0.2178817012849832,0.1408517422751463,accelerating,accelerating,1.0,0.2178817012849832,False,False
2018-03-31,2018Q1,0,2018Q1,inflation_qoq,call,True,0.12309840801574268,0.047111037814961954,accelerating,accelerating,1.0,0.12309840801574268,False,False
2018-03-31,2018Q1,1,2018Q2,growth_yoy,call,True,0.010074429886985925,-0.029847248237091506,accelerating,decelerating,0.0,0.010074429886985925,False,False
2018-03-31,2018Q1,1,2018Q2,growth_qoq,lean,True,0.5573506425912145,-0.2825846608052629,accelerating,decelerating,0.0,0.5573506425912145,False,False
2018-03-31,2018Q1,1,2018Q2,inflation_yoy,call,True,0.6349416304326359,0.4382436799120235,accelerating,accelerating,1.0,0.6349416304326359,False,False
2018-03-31,2018Q1,1,2018Q2,inflation_qoq,call,True,-0.1821015319258823,-0.2982312149923949,decelerating,decelerating,1.0,0.1821015319258823,False,False
2018-03-31,2018Q1,2,2018Q3,growth_yoy,call,True,-0.22393239068767556,-0.16893220580334045,decelerating,decelerating,1.0,0.22393239068767556,False,False
2018-03-31,2018Q1,2,2018Q3,growth_qoq,abstain,False,,0.09287228429846195,no call,accelerating,,,False,False
2018-03-31,2018Q1,2,2018Q3,inflation_yoy,call,True,0.2532480328576967,-0.07712161843226628,accelerating,decelerating,0.0,0.2532480328576967,False,False
2018-03-31,2018Q1,2,2018Q3,inflation_qoq,call,True,-0.011945495466214595,-0.1425685698416279,decelerating,decelerating,1.0,0.011945495466214595,False,False
2018-03-31,2018Q1,3,2018Q4,growth_yoy,call,True,-0.5672076171565621,-1.004919889234146,decelerating,decelerating,1.0,0.5672076171565621,False,False
2018-03-31,2018Q1,3,2018Q4,growth_qoq,abstain,False,,-0.48205320619572056,no call,decelerating,,,False,False
2018-03-31,2018Q1,3,2018Q4,inflation_yoy,call,True,-0.06922677349027628,-0.3957872653396941,decelerating,decelerating,1.0,0.06922677349027628,False,False
2018-03-31,2018Q1,3,2018Q4,inflation_qoq,call,True,0.003974355146052488,0.005278572516287383,accelerating,accelerating,1.0,0.003974355146052488,False,False
2018-03-31,2018Q1,4,2019Q1,growth_yoy,call,True,-0.049981068290505526,-0.19155202488416734,decelerating,decelerating,1.0,0.049981068290505526,False,False
2018-03-31,2018Q1,4,2019Q1,growth_qoq,abstain,False,,0.4826738633308958,no call,accelerating,,,False,False
2018-03-31,2018Q1,4,2019Q1,inflation_yoy,call,True,-0.19183429310557054,-0.5840349026527376,decelerating,decelerating,1.0,0.19183429310557054,False,False
2018-03-31,2018Q1,4,2019Q1,inflation_qoq,call,True,0.0023452386160860428,-0.14014887681546018,accelerating,decelerating,0.0,0.0023452386160860428,False,False
2018-04-30,2018Q2,0,2018Q2,growth_yoy,call,True,0.08590106131487474,-0.029847248237091506,accelerating,decelerating,0.0,0.08590106131487474,False,False
2018-04-30,2018Q2,0,2018Q2,growth_qoq,call,True,-0.1308197556847287,-0.2825846608052629,decelerating,decelerating,1.0,0.1308197556847287,False,False
2018-04-30,2018Q2,0,2018Q2,inflation_yoy,call,True,0.5766964627484645,0.4382436799120235,accelerating,accelerating,1.0,0.5766964627484645,False,False
2018-04-30,2018Q2,0,2018Q2,inflation_qoq,call,True,-0.16266281131323002,-0.2982312149923949,decelerating,decelerating,1.0,0.16266281131323002,False,False
2018-04-30,2018Q2,1,2018Q3,growth_yoy,call,True,-0.22453002209901207,-0.16893220580334045,decelerating,decelerating,1.0,0.22453002209901207,False,False
2018-04-30,2018Q2,1,2018Q3,growth_qoq,lean,True,0.24371381764016764,0.09287228429846195,accelerating,accelerating,1.0,0.24371381764016764,False,False
2018-04-30,2018Q2,1,2018Q3,inflation_yoy,call,True,0.26916076670569655,-0.07712161843226628,accelerating,decelerating,0.0,0.26916076670569655,False,False
2018-04-30,2018Q2,1,2018Q3,inflation_qoq,call,True,0.06048616331211232,-0.1425685698416279,accelerating,decelerating,0.0,0.06048616331211232,False,False
2018-04-30,2018Q2,2,2018Q4,growth_yoy,call,True,-0.5687213824842274,-1.004919889234146,decelerating,decelerating,1.0,0.5687213824842274,False,False
2018-04-30,2018Q2,2,2018Q4,growth_qoq,abstain,False,,-0.48205320619572056,no call,decelerating,,,False,False
2018-04-30,2018Q2,2,2018Q4,inflation_yoy,call,True,-0.06374630806045278,-0.3957872653396941,decelerating,decelerating,1.0,0.06374630806045278,False,False
2018-04-30,2018Q2,2,2018Q4,inflation_qoq,call,True,-0.006631074188123698,0.005278572516287383,decelerating,accelerating,0.0,0.006631074188123698,False,False
2018-04-30,2018Q2,3,2019Q1,growth_yoy,call,True,-0.2480847317535284,-0.19155202488416734,decelerating,decelerating,1.0,0.2480847317535284,False,False
2018-04-30,2018Q2,3,2019Q1,growth_qoq,abstain,False,,0.4826738633308958,no call,accelerating,,,False,False
2018-04-30,2018Q2,3,2019Q1,inflation_yoy,call,True,-0.10987556829429357,-0.5840349026527376,decelerating,decelerating,1.0,0.10987556829429357,False,False
2018-04-30,2018Q2,3,2019Q1,inflation_qoq,call,True,0.0013169817703051478,-0.14014887681546018,accelerating,decelerating,0.0,0.0013169817703051478,False,False
2018-04-30,2018Q2,4,2019Q2,growth_yoy,call,True,-0.07504380809315592,0.30856696809786754,decelerating,accelerating,0.0,0.07504380809315592,False,False
2018-04-30,2018Q2,4,2019Q2,growth_qoq,abstain,False,,0.21082775826193334,no call,accelerating,,,False,False
2018-04-30,2018Q2,4,2019Q2,inflation_yoy,call,True,0.04037033908671894,0.1926838918973346,accelerating,accelerating,1.0,0.04037033908671894,False,False
2018-04-30,2018Q2,4,2019Q2,inflation_qoq,call,True,-0.015774973397220116,0.46774501771116306,decelerating,accelerating,0.0,0.015774973397220116,False,False
2018-05-31,2018Q2,0,2018Q2,growth_yoy,call,True,0.30828858976481577,-0.029847248237091506,accelerating,decelerating,0.0,0.30828858976481577,False,False
2018-05-31,2018Q2,0,2018Q2,growth_qoq,call,True,-0.1308197556847287,-0.2825846608052629,decelerating,decelerating,1.0,0.1308197556847287,False,False
2018-05-31,2018Q2,0,2018Q2,inflation_yoy,call,True,0.5659554628142232,0.4382436799120235,accelerating,accelerating,1.0,0.5659554628142232,False,False
2018-05-31,2018Q2,0,2018Q2,inflation_qoq,call,True,-0.1731823726609516,-0.2982312149923949,decelerating,decelerating,1.0,0.1731823726609516,False,False
2018-05-31,2018Q2,1,2018Q3,growth_yoy,call,True,-0.22501286130165443,-0.16893220580334045,decelerating,decelerating,1.0,0.22501286130165443,False,False
2018-05-31,2018Q2,1,2018Q3,growth_qoq,lean,True,0.24371381764016764,0.09287228429846195,accelerating,accelerating,1.0,0.24371381764016764,False,False
2018-05-31,2018Q2,1,2018Q3,inflation_yoy,call,True,0.30736976664453897,-0.07712161843226628,accelerating,decelerating,0.0,0.30736976664453897,False,False
2018-05-31,2018Q2,1,2018Q3,inflation_qoq,call,True,0.10837407971475699,-0.1425685698416279,accelerating,decelerating,0.0,0.10837407971475699,False,False
2018-05-31,2018Q2,2,2018Q4,growth_yoy,call,True,-0.5699443858771858,-1.004919889234146,decelerating,decelerating,1.0,0.5699443858771858,False,False
2018-05-31,2018Q2,2,2018Q4,growth_qoq,abstain,False,,-0.48205320619572056,no call,decelerating,,,False,False
2018-05-31,2018Q2,2,2018Q4,inflation_yoy,call,True,-0.0678632343815786,-0.3957872653396941,decelerating,decelerating,1.0,0.0678632343815786,False,False
2018-05-31,2018Q2,2,2018Q4,inflation_qoq,call,True,-0.0480085986020784,0.005278572516287383,decelerating,accelerating,0.0,0.0480085986020784,False,False
2018-05-31,2018Q2,3,2019Q1,growth_yoy,call,True,-0.2486182240364343,-0.19155202488416734,decelerating,decelerating,1.0,0.2486182240364343,False,False
2018-05-31,2018Q2,3,2019Q1,growth_qoq,abstain,False,,0.4826738633308958,no call,accelerating,,,False,False
2018-05-31,2018Q2,3,2019Q1,inflation_yoy,call,True,-0.11888560387765734,-0.5840349026527376,decelerating,decelerating,1.0,0.11888560387765734,False,False
2018-05-31,2018Q2,3,2019Q1,inflation_qoq,call,True,-0.0034658805899923095,-0.14014887681546018,decelerating,decelerating,1.0,0.0034658805899923095,False,False
2018-05-31,2018Q2,4,2019Q2,growth_yoy,call,True,-0.29519200166456816,0.30856696809786754,decelerating,accelerating,0.0,0.29519200166456816,False,False
2018-05-31,2018Q2,4,2019Q2,growth_qoq,abstain,False,,0.21082775826193334,no call,accelerating,,,False,False
2018-05-31,2018Q2,4,2019Q2,inflation_yoy,call,True,0.03691475881527273,0.1926838918973346,accelerating,accelerating,1.0,0.03691475881527273,False,False
2018-05-31,2018Q2,4,2019Q2,inflation_qoq,call,True,-0.0209844586443797,0.46774501771116306,decelerating,accelerating,0.0,0.0209844586443797,False,False
2018-06-30,2018Q2,0,2018Q2,growth_yoy,call,True,0.19019960885855447,-0.029847248237091506,accelerating,decelerating,0.0,0.19019960885855447,False,False
2018-06-30,2018Q2,0,2018Q2,growth_qoq,call,True,-0.1308197556847287,-0.2825846608052629,decelerating,decelerating,1.0,0.1308197556847287,False,False
2018-06-30,2018Q2,0,2018Q2,inflation_yoy,call,True,0.47516200465109737,0.4382436799120235,accelerating,accelerating,1.0,0.47516200465109737,False,False
2018-06-30,2018Q2,0,2018Q2,inflation_qoq,call,True,-0.26207676021201554,-0.2982312149923949,decelerating,decelerating,1.0,0.26207676021201554,False,False
2018-06-30,2018Q2,1,2018Q3,growth_yoy,call,True,-0.22475647107249586,-0.16893220580334045,decelerating,decelerating,1.0,0.22475647107249586,False,False
2018-06-30,2018Q2,1,2018Q3,growth_qoq,lean,True,0.24371381764016764,0.09287228429846195,accelerating,accelerating,1.0,0.24371381764016764,False,False
2018-06-30,2018Q2,1,2018Q3,inflation_yoy,call,True,0.20314250690898206,-0.07712161843226628,accelerating,decelerating,0.0,0.20314250690898206,False,False
2018-06-30,2018Q2,1,2018Q3,inflation_qoq,call,True,0.09558129848228347,-0.1425685698416279,accelerating,decelerating,0.0,0.09558129848228347,False,False
2018-06-30,2018Q2,2,2018Q4,growth_yoy,call,True,-0.569294964458078,-1.004919889234146,decelerating,decelerating,1.0,0.569294964458078,False,False
2018-06-30,2018Q2,2,2018Q4,growth_qoq,abstain,False,,-0.48205320619572056,no call,decelerating,,,False,False
2018-06-30,2018Q2,2,2018Q4,inflation_yoy,call,True,-0.06841198134693505,-0.3957872653396941,decelerating,decelerating,1.0,0.06841198134693505,False,False
2018-06-30,2018Q2,2,2018Q4,inflation_qoq,call,True,0.053014239861681745,0.005278572516287383,accelerating,accelerating,1.0,0.053014239861681745,False,False
2018-06-30,2018Q2,3,2019Q1,growth_yoy,call,True,-0.2483349367475629,-0.19155202488416734,decelerating,decelerating,1.0,0.2483349367475629,False,False
2018-06-30,2018Q2,3,2019Q1,growth_qoq,abstain,False,,0.4826738633308958,no call,accelerating,,,False,False
2018-06-30,2018Q2,3,2019Q1,inflation_yoy,call,True,-0.1221629000595672,-0.5840349026527376,decelerating,decelerating,1.0,0.1221629000595672,False,False
2018-06-30,2018Q2,3,2019Q1,inflation_qoq,call,True,-0.006236169286832904,-0.14014887681546018,decelerating,decelerating,1.0,0.006236169286832904,False,False
2018-06-30,2018Q2,4,2019Q2,growth_yoy,call,True,-0.17829211969542236,0.30856696809786754,decelerating,accelerating,0.0,0.17829211969542236,False,False
2018-06-30,2018Q2,4,2019Q2,growth_qoq,abstain,False,,0.21082775826193334,no call,accelerating,,,False,False
2018-06-30,2018Q2,4,2019Q2,inflation_yoy,call,True,0.11964335198288278,0.1926838918973346,accelerating,accelerating,1.0,0.11964335198288278,False,False
2018-06-30,2018Q2,4,2019Q2,inflation_qoq,call,True,-0.025258705811825877,0.46774501771116306,decelerating,accelerating,0.0,0.025258705811825877,False,False
2018-07-31,2018Q3,0,2018Q3,growth_yoy,call,True,-0.12988280229266902,-0.16893220580334045,decelerating,decelerating,1.0,0.12988280229266902,False,False
2018-07-31,2018Q3,0,2018Q3,growth_qoq,split,True,0.07033396134383413,0.09287228429846195,accelerating,accelerating,1.0,0.07033396134383413,False,False
2018-07-31,2018Q3,0,2018Q3,inflation_yoy,call,True,0.2393573699056062,-0.07712161843226628,accelerating,decelerating,0.0,0.2393573699056062,False,False
2018-07-31,2018Q3,0,2018Q3,inflation_qoq,call,True,0.16729575843894562,-0.1425685698416279,accelerating,decelerating,0.0,0.16729575843894562,False,False
2018-07-31,2018Q3,1,2018Q4,growth_yoy,call,True,-0.5686050861389846,-1.004919889234146,decelerating,decelerating,1.0,0.5686050861389846,False,False
2018-07-31,2018Q3,1,2018Q4,growth_qoq,lean,True,-0.03887084316509526,-0.48205320619572056,decelerating,decelerating,1.0,0.03887084316509526,False,False
2018-07-31,2018Q3,1,2018Q4,inflation_yoy,call,True,-0.052129457594563444,-0.3957872653396941,decelerating,decelerating,1.0,0.052129457594563444,False,False
2018-07-31,2018Q3,1,2018Q4,inflation_qoq,call,True,0.03335625939597797,0.005278572516287383,accelerating,accelerating,1.0,0.03335625939597797,False,False
2018-07-31,2018Q3,2,2019Q1,growth_yoy,call,True,-0.2480340015567961,-0.19155202488416734,decelerating,decelerating,1.0,0.2480340015567961,False,False
2018-07-31,2018Q3,2,2019Q1,growth_qoq,abstain,False,,0.4826738633308958,no call,accelerating,,,False,False
2018-07-31,2018Q3,2,2019Q1,inflation_yoy,call,True,-0.11579963425744433,-0.5840349026527376,decelerating,decelerating,1.0,0.11579963425744433,False,False
2018-07-31,2018Q3,2,2019Q1,inflation_qoq,call,True,-0.015883919044568096,-0.14014887681546018,decelerating,decelerating,1.0,0.015883919044568096,False,False
2018-07-31,2018Q3,3,2019Q2,growth_yoy,call,True,0.03957518178534514,0.30856696809786754,accelerating,accelerating,1.0,0.03957518178534514,False,False
2018-07-31,2018Q3,3,2019Q2,growth_qoq,abstain,False,,0.21082775826193334,no call,accelerating,,,False,False
2018-07-31,2018Q3,3,2019Q2,inflation_yoy,call,True,0.16272460704030633,0.1926838918973346,accelerating,accelerating,1.0,0.16272460704030633,False,False
2018-07-31,2018Q3,3,2019Q2,inflation_qoq,call,True,-0.025539879151947886,0.46774501771116306,decelerating,accelerating,0.0,0.025539879151947886,False,False
2018-07-31,2018Q3,4,2019Q3,growth_yoy,call,True,-0.09368492667483075,0.5550911739446107,decelerating,accelerating,0.0,0.09368492667483075,False,False
2018-07-31,2018Q3,4,2019Q3,growth_qoq,abstain,False,,0.3348560158825231,no call,accelerating,,,False,False
2018-07-31,2018Q3,4,2019Q3,inflation_yoy,call,True,-0.023693694613680094,-0.07307289007228612,decelerating,decelerating,1.0,0.023693694613680094,False,False
2018-07-31,2018Q3,4,2019Q3,inflation_qoq,call,True,-0.01523647693766339,-0.40484052390632463,decelerating,decelerating,1.0,0.01523647693766339,False,False
2018-08-31,2018Q3,0,2018Q3,growth_yoy,call,True,-0.1512738427901228,-0.16893220580334045,decelerating,decelerating,1.0,0.1512738427901228,False,False
2018-08-31,2018Q3,0,2018Q3,growth_qoq,split,True,0.07033396134383413,0.09287228429846195,accelerating,accelerating,1.0,0.07033396134383413,False,False
2018-08-31,2018Q3,0,2018Q3,inflation_yoy,call,True,-0.07084771585769456,-0.07712161843226628,decelerating,decelerating,1.0,0.07084771585769456,False,False
2018-08-31,2018Q3,0,2018Q3,inflation_qoq,call,True,-0.13640665220369108,-0.1425685698416279,decelerating,decelerating,1.0,0.13640665220369108,False,False
2018-08-31,2018Q3,1,2018Q4,growth_yoy,call,True,-0.5684871917619017,-1.004919889234146,decelerating,decelerating,1.0,0.5684871917619017,False,False
2018-08-31,2018Q3,1,2018Q4,growth_qoq,lean,True,-0.03887084316509526,-0.48205320619572056,decelerating,decelerating,1.0,0.03887084316509526,False,False
2018-08-31,2018Q3,1,2018Q4,inflation_yoy,call,True,-0.10400634196145297,-0.3957872653396941,decelerating,decelerating,1.0,0.10400634196145297,False,False
2018-08-31,2018Q3,1,2018Q4,inflation_qoq,call,True,0.2861173554433494,0.005278572516287383,accelerating,accelerating,1.0,0.2861173554433494,False,False
2018-08-31,2018Q3,2,2019Q1,growth_yoy,call,True,-0.24798257427482984,-0.19155202488416734,decelerating,decelerating,1.0,0.24798257427482984,False,False
2018-08-31,2018Q3,2,2019Q1,growth_qoq,abstain,False,,0.4826738633308958,no call,accelerating,,,False,False
2018-08-31,2018Q3,2,2019Q1,inflation_yoy,call,True,-0.11977144201951884,-0.5840349026527376,decelerating,decelerating,1.0,0.11977144201951884,False,False
2018-08-31,2018Q3,2,2019Q1,inflation_qoq,call,True,0.030749722012624048,-0.14014887681546018,accelerating,decelerating,0.0,0.030749722012624048,False,False
2018-08-31,2018Q3,3,2019Q2,growth_yoy,call,True,0.039566976281202315,0.30856696809786754,accelerating,accelerating,1.0,0.039566976281202315,False,False
2018-08-31,2018Q3,3,2019Q2,growth_qoq,abstain,False,,0.21082775826193334,no call,accelerating,,,False,False
2018-08-31,2018Q3,3,2019Q2,inflation_yoy,call,True,0.1565384506083749,0.1926838918973346,accelerating,accelerating,1.0,0.1565384506083749,False,False
2018-08-31,2018Q3,3,2019Q2,inflation_qoq,call,True,-0.026738020284633457,0.46774501771116306,decelerating,accelerating,0.0,0.026738020284633457,False,False
2018-08-31,2018Q3,4,2019Q3,growth_yoy,call,True,-0.07245500233228341,0.5550911739446107,decelerating,accelerating,0.0,0.07245500233228341,False,False
2018-08-31,2018Q3,4,2019Q3,growth_qoq,abstain,False,,0.3348560158825231,no call,accelerating,,,False,False
2018-08-31,2018Q3,4,2019Q3,inflation_yoy,call,True,0.28060104995866997,-0.07307289007228612,accelerating,decelerating,0.0,0.28060104995866997,False,False
2018-08-31,2018Q3,4,2019Q3,inflation_qoq,call,True,-0.015414476988673265,-0.40484052390632463,decelerating,decelerating,1.0,0.015414476988673265,False,False
2018-09-30,2018Q3,0,2018Q3,growth_yoy,call,True,-0.12191728361801157,-0.16893220580334045,decelerating,decelerating,1.0,0.12191728361801157,False,False
2018-09-30,2018Q3,0,2018Q3,growth_qoq,split,True,0.07033396134383413,0.09287228429846195,accelerating,accelerating,1.0,0.07033396134383413,False,False
2018-09-30,2018Q3,0,2018Q3,inflation_yoy,call,True,-0.046971749522861206,-0.07712161843226628,decelerating,decelerating,1.0,0.046971749522861206,False,False
2018-09-30,2018Q3,0,2018Q3,inflation_qoq,call,True,-0.11292913875768917,-0.1425685698416279,decelerating,decelerating,1.0,0.11292913875768917,False,False
2018-09-30,2018Q3,1,2018Q4,growth_yoy,call,True,-0.5686489872228195,-1.004919889234146,decelerating,decelerating,1.0,0.5686489872228195,False,False
2018-09-30,2018Q3,1,2018Q4,growth_qoq,lean,True,-0.03887084316509526,-0.48205320619572056,decelerating,decelerating,1.0,0.03887084316509526,False,False
2018-09-30,2018Q3,1,2018Q4,inflation_yoy,call,True,-0.022662581638107415,-0.3957872653396941,decelerating,decelerating,1.0,0.022662581638107415,False,False
2018-09-30,2018Q3,1,2018Q4,inflation_qoq,call,True,0.3424383746945203,0.005278572516287383,accelerating,accelerating,1.0,0.3424383746945203,False,False
2018-09-30,2018Q3,2,2019Q1,growth_yoy,call,True,-0.24805315186298138,-0.19155202488416734,decelerating,decelerating,1.0,0.24805315186298138,False,False
2018-09-30,2018Q3,2,2019Q1,growth_qoq,abstain,False,,0.4826738633308958,no call,accelerating,,,False,False
2018-09-30,2018Q3,2,2019Q1,inflation_yoy,call,True,-0.10516479485253383,-0.5840349026527376,decelerating,decelerating,1.0,0.10516479485253383,False,False
2018-09-30,2018Q3,2,2019Q1,inflation_qoq,call,True,-0.03457708453047381,-0.14014887681546018,decelerating,decelerating,1.0,0.03457708453047381,False,False
2018-09-30,2018Q3,3,2019Q2,growth_yoy,call,True,0.039578237321458154,0.30856696809786754,accelerating,accelerating,1.0,0.039578237321458154,False,False
2018-09-30,2018Q3,3,2019Q2,growth_qoq,abstain,False,,0.21082775826193334,no call,accelerating,,,False,False
2018-09-30,2018Q3,3,2019Q2,inflation_yoy,call,True,0.1710823687232299,0.1926838918973346,accelerating,accelerating,1.0,0.1710823687232299,False,False
2018-09-30,2018Q3,3,2019Q2,inflation_qoq,call,True,-0.027124360933128422,0.46774501771116306,decelerating,accelerating,0.0,0.027124360933128422,False,False
2018-09-30,2018Q3,4,2019Q3,growth_yoy,call,True,-0.10159044949560325,0.5550911739446107,decelerating,accelerating,0.0,0.10159044949560325,False,False
2018-09-30,2018Q3,4,2019Q3,growth_qoq,abstain,False,,0.3348560158825231,no call,accelerating,,,False,False
2018-09-30,2018Q3,4,2019Q3,inflation_yoy,call,True,0.27284969704236195,-0.07307289007228612,accelerating,decelerating,0.0,0.27284969704236195,False,False
2018-09-30,2018Q3,4,2019Q3,inflation_qoq,call,True,-0.013952459998689548,-0.40484052390632463,decelerating,decelerating,1.0,0.013952459998689548,False,False
2018-10-31,2018Q4,0,2018Q4,growth_yoy,call,True,-0.18724372293299485,-1.004919889234146,decelerating,decelerating,1.0,0.18724372293299485,False,False
2018-10-31,2018Q4,0,2018Q4,growth_qoq,split,True,0.07312180965839227,-0.48205320619572056,accelerating,decelerating,0.0,0.07312180965839227,False,False
2018-10-31,2018Q4,0,2018Q4,inflation_yoy,call,True,-0.09050160014306341,-0.3957872653396941,decelerating,decelerating,1.0,0.09050160014306341,False,False
2018-10-31,2018Q4,0,2018Q4,inflation_qoq,call,True,0.30557252119942646,0.005278572516287383,accelerating,accelerating,1.0,0.30557252119942646,False,False
2018-10-31,2018Q4,1,2019Q1,growth_yoy,call,True,-0.21846654777470942,-0.19155202488416734,decelerating,decelerating,1.0,0.21846654777470942,False,False
2018-10-31,2018Q4,1,2019Q1,growth_qoq,lean,True,0.024235178909493005,0.4826738633308958,accelerating,accelerating,1.0,0.024235178909493005,False,False
2018-10-31,2018Q4,1,2019Q1,inflation_yoy,call,True,-0.10630744449292218,-0.5840349026527376,decelerating,decelerating,1.0,0.10630744449292218,False,False
2018-10-31,2018Q4,1,2019Q1,inflation_qoq,call,True,0.030701893236928512,-0.14014887681546018,accelerating,decelerating,0.0,0.030701893236928512,False,False
2018-10-31,2018Q4,2,2019Q2,growth_yoy,call,True,0.07013470737313732,0.30856696809786754,accelerating,accelerating,1.0,0.07013470737313732,False,False
2018-10-31,2018Q4,2,2019Q2,growth_qoq,abstain,False,,0.21082775826193334,no call,accelerating,,,False,False
2018-10-31,2018Q4,2,2019Q2,inflation_yoy,call,True,0.16700472019847545,0.1926838918973346,accelerating,accelerating,1.0,0.16700472019847545,False,False
2018-10-31,2018Q4,2,2019Q2,inflation_qoq,call,True,-0.029739425774066852,0.46774501771116306,decelerating,accelerating,0.0,0.029739425774066852,False,False
2018-10-31,2018Q4,3,2019Q3,growth_yoy,call,True,-0.024758005056968457,0.5550911739446107,decelerating,accelerating,0.0,0.024758005056968457,False,False
2018-10-31,2018Q4,3,2019Q3,growth_qoq,abstain,False,,0.3348560158825231,no call,accelerating,,,False,False
2018-10-31,2018Q4,3,2019Q3,inflation_yoy,call,True,0.29736643863707,-0.07307289007228612,accelerating,decelerating,0.0,0.29736643863707,False,False
2018-10-31,2018Q4,3,2019Q3,inflation_qoq,call,True,-0.015501131008721636,-0.40484052390632463,decelerating,decelerating,1.0,0.015501131008721636,False,False
2018-10-31,2018Q4,4,2019Q4,growth_yoy,call,True,-0.3502004905931555,0.5545596555552423,decelerating,accelerating,0.0,0.3502004905931555,False,False
2018-10-31,2018Q4,4,2019Q4,growth_qoq,abstain,False,,-0.4881239870268894,no call,decelerating,,,False,False
2018-10-31,2018Q4,4,2019Q4,inflation_yoy,call,True,-0.014733155581625468,0.2991071049003755,decelerating,accelerating,0.0,0.014733155581625468,False,False
2018-10-31,2018Q4,4,2019Q4,inflation_qoq,call,True,3.830055201881066e-05,0.37248295245990715,accelerating,accelerating,1.0,3.830055201881066e-05,False,False
2018-11-30,2018Q4,0,2018Q4,growth_yoy,call,True,-0.6298958080111383,-1.004919889234146,decelerating,decelerating,1.0,0.6298958080111383,False,False
2018-11-30,2018Q4,0,2018Q4,growth_qoq,split,True,0.07312180965839227,-0.48205320619572056,accelerating,decelerating,0.0,0.07312180965839227,False,False
2018-11-30,2018Q4,0,2018Q4,inflation_yoy,call,True,-0.357967932301436,-0.3957872653396941,decelerating,decelerating,1.0,0.357967932301436,False,False
2018-11-30,2018Q4,0,2018Q4,inflation_qoq,call,True,0.04249473759150302,0.005278572516287383,accelerating,accelerating,1.0,0.04249473759150302,False,False
2018-11-30,2018Q4,1,2019Q1,growth_yoy,call,True,-0.21752714564866604,-0.19155202488416734,decelerating,decelerating,1.0,0.21752714564866604,False,False
2018-11-30,2018Q4,1,2019Q1,growth_qoq,lean,True,0.024235178909493005,0.4826738633308958,accelerating,accelerating,1.0,0.024235178909493005,False,False
2018-11-30,2018Q4,1,2019Q1,inflation_yoy,call,True,-0.28975351764994883,-0.5840349026527376,decelerating,decelerating,1.0,0.28975351764994883,False,False
2018-11-30,2018Q4,1,2019Q1,inflation_qoq,call,True,0.11292662549031718,-0.14014887681546018,accelerating,decelerating,0.0,0.11292662549031718,False,False
2018-11-30,2018Q4,2,2019Q2,growth_yoy,call,True,0.06983312942498987,0.30856696809786754,accelerating,accelerating,1.0,0.06983312942498987,False,False
2018-11-30,2018Q4,2,2019Q2,growth_qoq,abstain,False,,0.21082775826193334,no call,accelerating,,,False,False
2018-11-30,2018Q4,2,2019Q2,inflation_yoy,call,True,0.16536627040764085,0.1926838918973346,accelerating,accelerating,1.0,0.16536627040764085,False,False
2018-11-30,2018Q4,2,2019Q2,inflation_qoq,call,True,0.1502222340526993,0.46774501771116306,accelerating,accelerating,1.0,0.1502222340526993,False,False
2018-11-30,2018Q4,3,2019Q3,growth_yoy,call,True,-0.02465154609185838,0.5550911739446107,decelerating,accelerating,0.0,0.02465154609185838,False,False
2018-11-30,2018Q4,3,2019Q3,growth_qoq,abstain,False,,0.3348560158825231,no call,accelerating,,,False,False
2018-11-30,2018Q4,3,2019Q3,inflation_yoy,call,True,0.2930200567777228,-0.07307289007228612,accelerating,decelerating,0.0,0.2930200567777228,False,False
2018-11-30,2018Q4,3,2019Q3,inflation_qoq,call,True,-0.017593874003640764,-0.40484052390632463,decelerating,decelerating,1.0,0.017593874003640764,False,False
2018-11-30,2018Q4,4,2019Q4,growth_yoy,call,True,0.09170731134195975,0.5545596555552423,accelerating,accelerating,1.0,0.09170731134195975,False,False
2018-11-30,2018Q4,4,2019Q4,growth_qoq,abstain,False,,-0.4881239870268894,no call,decelerating,,,False,False
2018-11-30,2018Q4,4,2019Q4,inflation_yoy,call,True,0.25162616813287864,0.2991071049003755,accelerating,accelerating,1.0,0.25162616813287864,False,False
2018-11-30,2018Q4,4,2019Q4,inflation_qoq,call,True,0.0012061411875707861,0.37248295245990715,accelerating,accelerating,1.0,0.0012061411875707861,False,False
2018-12-31,2018Q4,0,2018Q4,growth_yoy,call,True,-0.6893570335541277,-1.004919889234146,decelerating,decelerating,1.0,0.6893570335541277,False,False
2018-12-31,2018Q4,0,2018Q4,growth_qoq,split,True,0.07312180965839227,-0.48205320619572056,accelerating,decelerating,0.0,0.07312180965839227,False,False
2018-12-31,2018Q4,0,2018Q4,inflation_yoy,call,True,-0.3868772200420776,-0.3957872653396941,decelerating,decelerating,1.0,0.3868772200420776,False,False
2018-12-31,2018Q4,0,2018Q4,inflation_qoq,call,True,0.014051213230348303,0.005278572516287383,accelerating,accelerating,1.0,0.014051213230348303,False,False
2018-12-31,2018Q4,1,2019Q1,growth_yoy,call,True,-0.21740095624716016,-0.19155202488416734,decelerating,decelerating,1.0,0.21740095624716016,False,False
2018-12-31,2018Q4,1,2019Q1,growth_qoq,lean,True,0.024235178909493005,0.4826738633308958,accelerating,accelerating,1.0,0.024235178909493005,False,False
2018-12-31,2018Q4,1,2019Q1,inflation_yoy,call,True,-0.3789641609609484,-0.5840349026527376,decelerating,decelerating,1.0,0.3789641609609484,False,False
2018-12-31,2018Q4,1,2019Q1,inflation_qoq,call,True,0.053331757436914096,-0.14014887681546018,accelerating,decelerating,0.0,0.053331757436914096,False,False
2018-12-31,2018Q4,2,2019Q2,growth_yoy,call,True,0.06979261861528308,0.30856696809786754,accelerating,accelerating,1.0,0.06979261861528308,False,False
2018-12-31,2018Q4,2,2019Q2,growth_qoq,abstain,False,,0.21082775826193334,no call,accelerating,,,False,False
2018-12-31,2018Q4,2,2019Q2,inflation_yoy,call,True,0.17671220051869918,0.1926838918973346,accelerating,accelerating,1.0,0.17671220051869918,False,False
2018-12-31,2018Q4,2,2019Q2,inflation_qoq,call,True,0.24965125061158222,0.46774501771116306,accelerating,accelerating,1.0,0.24965125061158222,False,False
2018-12-31,2018Q4,3,2019Q3,growth_yoy,call,True,-0.02463724551415858,0.5550911739446107,decelerating,accelerating,0.0,0.02463724551415858,False,False
2018-12-31,2018Q4,3,2019Q3,growth_qoq,abstain,False,,0.3348560158825231,no call,accelerating,,,False,False
2018-12-31,2018Q4,3,2019Q3,inflation_yoy,call,True,0.3042180042075162,-0.07307289007228612,accelerating,decelerating,0.0,0.3042180042075162,False,False
2018-12-31,2018Q4,3,2019Q3,inflation_qoq,call,True,-0.017661894344556117,-0.40484052390632463,decelerating,decelerating,1.0,0.017661894344556117,False,False
2018-12-31,2018Q4,4,2019Q4,growth_yoy,call,True,0.15106855771547245,0.5545596555552423,accelerating,accelerating,1.0,0.15106855771547245,False,False
2018-12-31,2018Q4,4,2019Q4,growth_qoq,abstain,False,,-0.4881239870268894,no call,decelerating,,,False,False
2018-12-31,2018Q4,4,2019Q4,inflation_yoy,call,True,0.2929167616950723,0.2991071049003755,accelerating,accelerating,1.0,0.2929167616950723,False,False
2018-12-31,2018Q4,4,2019Q4,inflation_qoq,call,True,0.0020824968397503696,0.37248295245990715,accelerating,accelerating,1.0,0.0020824968397503696,False,False
2019-01-31,2019Q1,0,2019Q1,growth_yoy,call,True,-0.46677224803113315,-0.19155202488416734,decelerating,decelerating,1.0,0.46677224803113315,False,False
2019-01-31,2019Q1,0,2019Q1,growth_qoq,call,True,0.3283688625986422,0.4826738633308958,accelerating,accelerating,1.0,0.3283688625986422,False,False
2019-01-31,2019Q1,0,2019Q1,inflation_yoy,call,True,-0.40024960707428403,-0.5840349026527376,decelerating,decelerating,1.0,0.40024960707428403,False,False
2019-01-31,2019Q1,0,2019Q1,inflation_qoq,call,True,0.0410448464551294,-0.14014887681546018,accelerating,decelerating,0.0,0.0410448464551294,False,False
2019-01-31,2019Q1,1,2019Q2,growth_yoy,call,True,0.06940691159891266,0.30856696809786754,accelerating,accelerating,1.0,0.06940691159891266,False,False
2019-01-31,2019Q1,1,2019Q2,growth_qoq,lean,True,-0.45781802728622756,0.21082775826193334,decelerating,accelerating,0.0,0.45781802728622756,False,False
2019-01-31,2019Q1,1,2019Q2,inflation_yoy,call,True,0.005920119886485775,0.1926838918973346,accelerating,accelerating,1.0,0.005920119886485775,False,False
2019-01-31,2019Q1,1,2019Q2,inflation_qoq,call,True,0.10208696789248961,0.46774501771116306,accelerating,accelerating,1.0,0.10208696789248961,False,False
2019-01-31,2019Q1,2,2019Q3,growth_yoy,call,True,-0.024501088444139896,0.5550911739446107,decelerating,accelerating,0.0,0.024501088444139896,False,False
2019-01-31,2019Q1,2,2019Q3,growth_qoq,abstain,False,,0.3348560158825231,no call,accelerating,,,False,False
2019-01-31,2019Q1,2,2019Q3,inflation_yoy,call,True,0.13151887111459248,-0.07307289007228612,accelerating,decelerating,0.0,0.13151887111459248,False,False
2019-01-31,2019Q1,2,2019Q3,inflation_qoq,call,True,-0.018754275081445115,-0.40484052390632463,decelerating,decelerating,1.0,0.018754275081445115,False,False
2019-01-31,2019Q1,3,2019Q4,growth_yoy,call,True,0.46495720186434664,0.5545596555552423,accelerating,accelerating,1.0,0.46495720186434664,False,False
2019-01-31,2019Q1,3,2019Q4,growth_qoq,abstain,False,,-0.4881239870268894,no call,decelerating,,,False,False
2019-01-31,2019Q1,3,2019Q4,inflation_yoy,call,True,0.12888744860264367,0.2991071049003755,accelerating,accelerating,1.0,0.12888744860264367,False,False
2019-01-31,2019Q1,3,2019Q4,inflation_qoq,call,True,0.0025670365378482884,0.37248295245990715,accelerating,accelerating,1.0,0.0025670365378482884,False,False
2019-01-31,2019Q1,4,2020Q1,growth_yoy,call,True,0.25129505326146884,-1.9932414951223665,accelerating,decelerating,0.0,0.25129505326146884,True,False
2019-01-31,2019Q1,4,2020Q1,growth_qoq,abstain,False,,-1.9981995416104459,no call,decelerating,,,True,False
2019-01-31,2019Q1,4,2020Q1,inflation_yoy,call,True,0.0985858950205345,0.0964443521505487,accelerating,accelerating,1.0,0.0985858950205345,True,False
2019-01-31,2019Q1,4,2020Q1,inflation_qoq,call,True,0.011109268953046758,-0.34186666247340014,accelerating,decelerating,0.0,0.011109268953046758,True,False
2019-02-28,2019Q1,0,2019Q1,growth_yoy,call,True,-0.6547084081342858,-0.19155202488416734,decelerating,decelerating,1.0,0.6547084081342858,False,False
2019-02-28,2019Q1,0,2019Q1,growth_qoq,call,True,0.3283688625986422,0.4826738633308958,accelerating,accelerating,1.0,0.3283688625986422,False,False
2019-02-28,2019Q1,0,2019Q1,inflation_yoy,call,True,-0.6688303570688465,-0.5840349026527376,decelerating,decelerating,1.0,0.6688303570688465,False,False
2019-02-28,2019Q1,0,2019Q1,inflation_qoq,call,True,-0.22389004630454235,-0.14014887681546018,decelerating,decelerating,1.0,0.22389004630454235,False,False
2019-02-28,2019Q1,1,2019Q2,growth_yoy,call,True,0.06927859877536857,0.30856696809786754,accelerating,accelerating,1.0,0.06927859877536857,False,False
2019-02-28,2019Q1,1,2019Q2,growth_qoq,lean,True,-0.45781802728622756,0.21082775826193334,decelerating,accelerating,0.0,0.45781802728622756,False,False
2019-02-28,2019Q1,1,2019Q2,inflation_yoy,call,True,0.03678337761766981,0.1926838918973346,accelerating,accelerating,1.0,0.03678337761766981,False,False
2019-02-28,2019Q1,1,2019Q2,inflation_qoq,call,True,0.3975489191810233,0.46774501771116306,accelerating,accelerating,1.0,0.3975489191810233,False,False
2019-02-28,2019Q1,2,2019Q3,growth_yoy,call,True,-0.024455793188016273,0.5550911739446107,decelerating,accelerating,0.0,0.024455793188016273,False,False
2019-02-28,2019Q1,2,2019Q3,growth_qoq,abstain,False,,0.3348560158825231,no call,accelerating,,,False,False
2019-02-28,2019Q1,2,2019Q3,inflation_yoy,call,True,0.12071158023135498,-0.07307289007228612,accelerating,decelerating,0.0,0.12071158023135498,False,False
2019-02-28,2019Q1,2,2019Q3,inflation_qoq,call,True,-0.05966041347185147,-0.40484052390632463,decelerating,decelerating,1.0,0.05966041347185147,False,False
2019-02-28,2019Q1,3,2019Q4,growth_yoy,call,True,0.4640976337028091,0.5545596555552423,accelerating,accelerating,1.0,0.4640976337028091,False,False
2019-02-28,2019Q1,3,2019Q4,growth_qoq,abstain,False,,-0.4881239870268894,no call,decelerating,,,False,False
2019-02-28,2019Q1,3,2019Q4,inflation_yoy,call,True,0.11796191406946055,0.2991071049003755,accelerating,accelerating,1.0,0.11796191406946055,False,False
2019-02-28,2019Q1,3,2019Q4,inflation_qoq,call,True,0.0024743991797304687,0.37248295245990715,accelerating,accelerating,1.0,0.0024743991797304687,False,False
2019-02-28,2019Q1,4,2020Q1,growth_yoy,call,True,0.44017379909355725,-1.9932414951223665,accelerating,decelerating,0.0,0.44017379909355725,True,False
2019-02-28,2019Q1,4,2020Q1,growth_qoq,abstain,False,,-1.9981995416104459,no call,decelerating,,,True,False
2019-02-28,2019Q1,4,2020Q1,inflation_yoy,call,True,0.3558904300627219,0.0964443521505487,accelerating,accelerating,1.0,0.3558904300627219,True,False
2019-02-28,2019Q1,4,2020Q1,inflation_qoq,call,True,0.009728040384060499,-0.34186666247340014,accelerating,decelerating,0.0,0.009728040384060499,True,False
2019-03-31,2019Q1,0,2019Q1,growth_yoy,call,True,-0.671700268586406,-0.19155202488416734,decelerating,decelerating,1.0,0.671700268586406,False,False
2019-03-31,2019Q1,0,2019Q1,growth_qoq,call,True,0.3283688625986422,0.4826738633308958,accelerating,accelerating,1.0,0.3283688625986422,False,False
2019-03-31,2019Q1,0,2019Q1,inflation_yoy,call,True,-0.6261898913305346,-0.5840349026527376,decelerating,decelerating,1.0,0.6261898913305346,False,False
2019-03-31,2019Q1,0,2019Q1,inflation_qoq,call,True,-0.18178107964494927,-0.14014887681546018,decelerating,decelerating,1.0,0.18178107964494927,False,False
2019-03-31,2019Q1,1,2019Q2,growth_yoy,call,True,0.06926699763596389,0.30856696809786754,accelerating,accelerating,1.0,0.06926699763596389,False,False
2019-03-31,2019Q1,1,2019Q2,growth_qoq,lean,True,-0.45781802728622756,0.21082775826193334,decelerating,accelerating,0.0,0.45781802728622756,False,False
2019-03-31,2019Q1,1,2019Q2,inflation_yoy,call,True,0.12329907463048961,0.1926838918973346,accelerating,accelerating,1.0,0.12329907463048961,False,False
2019-03-31,2019Q1,1,2019Q2,inflation_qoq,call,True,0.44101884300340455,0.46774501771116306,accelerating,accelerating,1.0,0.44101884300340455,False,False
2019-03-31,2019Q1,2,2019Q3,growth_yoy,call,True,-0.024451697910832237,0.5550911739446107,decelerating,accelerating,0.0,0.024451697910832237,False,False
2019-03-31,2019Q1,2,2019Q3,growth_qoq,abstain,False,,0.3348560158825231,no call,accelerating,,,False,False
2019-03-31,2019Q1,2,2019Q3,inflation_yoy,call,True,0.14255228828549504,-0.07307289007228612,accelerating,decelerating,0.0,0.14255228828549504,False,False
2019-03-31,2019Q1,2,2019Q3,inflation_qoq,call,True,-0.12382978086109553,-0.40484052390632463,decelerating,decelerating,1.0,0.12382978086109553,False,False
2019-03-31,2019Q1,3,2019Q4,growth_yoy,call,True,0.46401991761964023,0.5545596555552423,accelerating,accelerating,1.0,0.46401991761964023,False,False
2019-03-31,2019Q1,3,2019Q4,growth_qoq,abstain,False,,-0.4881239870268894,no call,decelerating,,,False,False
2019-03-31,2019Q1,3,2019Q4,inflation_yoy,call,True,0.13930198011382622,0.2991071049003755,accelerating,accelerating,1.0,0.13930198011382622,False,False
2019-03-31,2019Q1,3,2019Q4,inflation_qoq,call,True,0.0019201516445077615,0.37248295245990715,accelerating,accelerating,1.0,0.0019201516445077615,False,False
2019-03-31,2019Q1,4,2020Q1,growth_yoy,call,True,0.45725088149106696,-1.9932414951223665,accelerating,decelerating,0.0,0.45725088149106696,True,False
2019-03-31,2019Q1,4,2020Q1,growth_qoq,abstain,False,,-1.9981995416104459,no call,decelerating,,,True,False
2019-03-31,2019Q1,4,2020Q1,inflation_yoy,call,True,0.33342423634404517,0.0964443521505487,accelerating,accelerating,1.0,0.33342423634404517,True,False
2019-03-31,2019Q1,4,2020Q1,inflation_qoq,call,True,0.008377542125770354,-0.34186666247340014,accelerating,decelerating,0.0,0.008377542125770354,True,False
2019-04-30,2019Q2,0,2019Q2,growth_yoy,call,True,-0.12361795120872099,0.30856696809786754,decelerating,accelerating,0.0,0.12361795120872099,False,False
2019-04-30,2019Q2,0,2019Q2,growth_qoq,split,True,0.22173779383017167,0.21082775826193334,accelerating,accelerating,1.0,0.22173779383017167,False,False
2019-04-30,2019Q2,0,2019Q2,inflation_yoy,call,True,0.33424935616711915,0.1926838918973346,accelerating,accelerating,1.0,0.33424935616711915,False,False
2019-04-30,2019Q2,0,2019Q2,inflation_qoq,call,True,0.6080209206067666,0.46774501771116306,accelerating,accelerating,1.0,0.6080209206067666,False,False
2019-04-30,2019Q2,1,2019Q3,growth_yoy,call,True,-0.024520885165157935,0.5550911739446107,decelerating,accelerating,0.0,0.024520885165157935,False,False
2019-04-30,2019Q2,1,2019Q3,growth_qoq,lean,True,0.024855836044668234,0.3348560158825231,accelerating,accelerating,1.0,0.024855836044668234,False,False
2019-04-30,2019Q2,1,2019Q3,inflation_yoy,call,True,0.1590868126271887,-0.07307289007228612,accelerating,decelerating,0.0,0.1590868126271887,False,False
2019-04-30,2019Q2,1,2019Q3,inflation_qoq,call,True,-0.31656331767446755,-0.40484052390632463,decelerating,decelerating,1.0,0.31656331767446755,False,False
2019-04-30,2019Q2,2,2019Q4,growth_yoy,call,True,0.465332884276215,0.5545596555552423,accelerating,accelerating,1.0,0.465332884276215,False,False
2019-04-30,2019Q2,2,2019Q4,growth_qoq,abstain,False,,-0.4881239870268894,no call,decelerating,,,False,False
2019-04-30,2019Q2,2,2019Q4,inflation_yoy,call,True,0.13822593310498865,0.2991071049003755,accelerating,accelerating,1.0,0.13822593310498865,False,False
2019-04-30,2019Q2,2,2019Q4,inflation_qoq,call,True,-0.015400584727420785,0.37248295245990715,decelerating,accelerating,0.0,0.015400584727420785,False,False
2019-04-30,2019Q2,3,2020Q1,growth_yoy,call,True,-0.02525759175158182,-1.9932414951223665,decelerating,decelerating,1.0,0.02525759175158182,True,False
2019-04-30,2019Q2,3,2020Q1,growth_qoq,abstain,False,,-1.9981995416104459,no call,decelerating,,,True,False
2019-04-30,2019Q2,3,2020Q1,inflation_yoy,call,True,0.2903342996842362,0.0964443521505487,accelerating,accelerating,1.0,0.2903342996842362,True,False
2019-04-30,2019Q2,3,2020Q1,inflation_qoq,call,True,0.008273170692341125,-0.34186666247340014,accelerating,decelerating,0.0,0.008273170692341125,True,False
2019-04-30,2019Q2,4,2020Q2,growth_yoy,call,True,0.19400139898286817,-8.757149987860636,accelerating,decelerating,0.0,0.19400139898286817,True,False
2019-04-30,2019Q2,4,2020Q2,growth_qoq,abstain,False,,-6.560462823665114,no call,decelerating,,,True,False
2019-04-30,2019Q2,4,2020Q2,inflation_yoy,call,True,-0.32257227346102635,-1.7357399133622071,decelerating,decelerating,1.0,0.32257227346102635,True,False
2019-04-30,2019Q2,4,2020Q2,inflation_qoq,call,True,0.006717913263520892,-1.3363402721502604,accelerating,decelerating,0.0,0.006717913263520892,True,False
2019-05-31,2019Q2,0,2019Q2,growth_yoy,call,True,-0.08717020979349677,0.30856696809786754,decelerating,accelerating,0.0,0.08717020979349677,False,False
2019-05-31,2019Q2,0,2019Q2,growth_qoq,split,True,0.22173779383017167,0.21082775826193334,accelerating,accelerating,1.0,0.22173779383017167,False,False
2019-05-31,2019Q2,0,2019Q2,inflation_yoy,call,True,0.3129701830139644,0.1926838918973346,accelerating,accelerating,1.0,0.3129701830139644,False,False
2019-05-31,2019Q2,0,2019Q2,inflation_qoq,call,True,0.58688084794567,0.46774501771116306,accelerating,accelerating,1.0,0.58688084794567,False,False
2019-05-31,2019Q2,1,2019Q3,growth_yoy,call,True,-0.024529663589678563,0.5550911739446107,decelerating,accelerating,0.0,0.024529663589678563,False,False
2019-05-31,2019Q2,1,2019Q3,growth_qoq,lean,True,0.024855836044668234,0.3348560158825231,accelerating,accelerating,1.0,0.024855836044668234,False,False
2019-05-31,2019Q2,1,2019Q3,inflation_yoy,call,True,0.0834698938734817,-0.07307289007228612,accelerating,decelerating,0.0,0.0834698938734817,False,False
2019-05-31,2019Q2,1,2019Q3,inflation_qoq,call,True,-0.3697842817312891,-0.40484052390632463,decelerating,decelerating,1.0,0.3697842817312891,False,False
2019-05-31,2019Q2,2,2019Q4,growth_yoy,call,True,0.46549947245519974,0.5545596555552423,accelerating,accelerating,1.0,0.46549947245519974,False,False
2019-05-31,2019Q2,2,2019Q4,growth_qoq,abstain,False,,-0.4881239870268894,no call,decelerating,,,False,False
2019-05-31,2019Q2,2,2019Q4,inflation_yoy,call,True,0.1189708341843585,0.2991071049003755,accelerating,accelerating,1.0,0.1189708341843585,False,False
2019-05-31,2019Q2,2,2019Q4,inflation_qoq,call,True,0.040147841063165046,0.37248295245990715,accelerating,accelerating,1.0,0.040147841063165046,False,False
2019-05-31,2019Q2,3,2020Q1,growth_yoy,call,True,-0.02526663391551054,-1.9932414951223665,decelerating,decelerating,1.0,0.02526663391551054,True,False
2019-05-31,2019Q2,3,2020Q1,growth_qoq,abstain,False,,-1.9981995416104459,no call,decelerating,,,True,False
2019-05-31,2019Q2,3,2020Q1,inflation_yoy,call,True,0.26925348698421114,0.0964443521505487,accelerating,accelerating,1.0,0.26925348698421114,True,False
2019-05-31,2019Q2,3,2020Q1,inflation_qoq,call,True,0.006700379808743939,-0.34186666247340014,accelerating,decelerating,0.0,0.006700379808743939,True,False
2019-05-31,2019Q2,4,2020Q2,growth_yoy,call,True,0.15740488997708635,-8.757149987860636,accelerating,decelerating,0.0,0.15740488997708635,True,False
2019-05-31,2019Q2,4,2020Q2,growth_qoq,abstain,False,,-6.560462823665114,no call,decelerating,,,True,False
2019-05-31,2019Q2,4,2020Q2,inflation_yoy,call,True,-0.32231462119361654,-1.7357399133622071,decelerating,decelerating,1.0,0.32231462119361654,True,False
2019-05-31,2019Q2,4,2020Q2,inflation_qoq,call,True,0.005945647222871386,-1.3363402721502604,accelerating,decelerating,0.0,0.005945647222871386,True,False
2019-06-30,2019Q2,0,2019Q2,growth_yoy,call,True,0.01322923827848932,0.30856696809786754,accelerating,accelerating,1.0,0.01322923827848932,False,False
2019-06-30,2019Q2,0,2019Q2,growth_qoq,split,True,0.22173779383017167,0.21082775826193334,accelerating,accelerating,1.0,0.22173779383017167,False,False
2019-06-30,2019Q2,0,2019Q2,inflation_yoy,call,True,0.21986950687582496,0.1926838918973346,accelerating,accelerating,1.0,0.21986950687582496,False,False
2019-06-30,2019Q2,0,2019Q2,inflation_qoq,call,True,0.4946766069776398,0.46774501771116306,accelerating,accelerating,1.0,0.4946766069776398,False,False
2019-06-30,2019Q2,1,2019Q3,growth_yoy,call,True,-0.02455384475821276,0.5550911739446107,decelerating,accelerating,0.0,0.02455384475821276,False,False
2019-06-30,2019Q2,1,2019Q3,growth_qoq,lean,True,0.024855836044668234,0.3348560158825231,accelerating,accelerating,1.0,0.024855836044668234,False,False
2019-06-30,2019Q2,1,2019Q3,inflation_yoy,call,True,-0.06432508585559527,-0.07307289007228612,decelerating,decelerating,1.0,0.06432508585559527,False,False
2019-06-30,2019Q2,1,2019Q3,inflation_qoq,call,True,-0.4230973460029652,-0.40484052390632463,decelerating,decelerating,1.0,0.4230973460029652,False,False
2019-06-30,2019Q2,2,2019Q4,growth_yoy,call,True,0.4659583585364224,0.5545596555552423,accelerating,accelerating,1.0,0.4659583585364224,False,False
2019-06-30,2019Q2,2,2019Q4,growth_qoq,abstain,False,,-0.4881239870268894,no call,decelerating,,,False,False
2019-06-30,2019Q2,2,2019Q4,inflation_yoy,call,True,0.12795991410878105,0.2991071049003755,accelerating,accelerating,1.0,0.12795991410878105,False,False
2019-06-30,2019Q2,2,2019Q4,inflation_qoq,call,True,0.19480580635935496,0.37248295245990715,accelerating,accelerating,1.0,0.19480580635935496,False,False
2019-06-30,2019Q2,3,2020Q1,growth_yoy,call,True,-0.025291541584171462,-1.9932414951223665,decelerating,decelerating,1.0,0.025291541584171462,True,False
2019-06-30,2019Q2,3,2020Q1,growth_qoq,abstain,False,,-1.9981995416104459,no call,decelerating,,,True,False
2019-06-30,2019Q2,3,2020Q1,inflation_yoy,call,True,0.2787212127922509,0.0964443521505487,accelerating,accelerating,1.0,0.2787212127922509,True,False
2019-06-30,2019Q2,3,2020Q1,inflation_qoq,call,True,0.007483629790128177,-0.34186666247340014,accelerating,decelerating,0.0,0.007483629790128177,True,False
2019-06-30,2019Q2,4,2020Q2,growth_yoy,call,True,0.0565956446610727,-8.757149987860636,accelerating,decelerating,0.0,0.0565956446610727,True,False
2019-06-30,2019Q2,4,2020Q2,growth_qoq,abstain,False,,-6.560462823665114,no call,decelerating,,,True,False
2019-06-30,2019Q2,4,2020Q2,inflation_yoy,call,True,-0.21687970149132751,-1.7357399133622071,decelerating,decelerating,1.0,0.21687970149132751,True,False
2019-06-30,2019Q2,4,2020Q2,inflation_qoq,call,True,0.007361273497341614,-1.3363402721502604,accelerating,decelerating,0.0,0.007361273497341614,True,False
2019-07-31,2019Q3,0,2019Q3,growth_yoy,call,True,-0.30159836849328325,0.5550911739446107,decelerating,accelerating,0.0,0.30159836849328325,False,False
2019-07-31,2019Q3,0,2019Q3,growth_qoq,call,True,-0.20024437053705113,0.3348560158825231,decelerating,accelerating,0.0,0.20024437053705113,False,False
2019-07-31,2019Q3,0,2019Q3,inflation_yoy,call,True,0.013775892208123253,-0.07307289007228612,accelerating,decelerating,0.0,0.013775892208123253,False,False
2019-07-31,2019Q3,0,2019Q3,inflation_qoq,call,True,-0.31911855262265476,-0.40484052390632463,decelerating,decelerating,1.0,0.31911855262265476,False,False
2019-07-31,2019Q3,1,2019Q4,growth_yoy,call,True,0.48852779273405034,0.5545596555552423,accelerating,accelerating,1.0,0.48852779273405034,False,False
2019-07-31,2019Q3,1,2019Q4,growth_qoq,lean,True,0.21359458467339332,-0.4881239870268894,accelerating,decelerating,0.0,0.21359458467339332,False,False
2019-07-31,2019Q3,1,2019Q4,inflation_yoy,call,True,0.13943727611983214,0.2991071049003755,accelerating,accelerating,1.0,0.13943727611983214,False,False
2019-07-31,2019Q3,1,2019Q4,inflation_qoq,call,True,0.12899523976253047,0.37248295245990715,accelerating,accelerating,1.0,0.12899523976253047,False,False
2019-07-31,2019Q3,2,2020Q1,growth_yoy,call,True,-0.002816450540010784,-1.9932414951223665,decelerating,decelerating,1.0,0.002816450540010784,True,False
2019-07-31,2019Q3,2,2020Q1,growth_qoq,abstain,False,,-1.9981995416104459,no call,decelerating,,,True,False
2019-07-31,2019Q3,2,2020Q1,inflation_yoy,call,True,0.2825133225549339,0.0964443521505487,accelerating,accelerating,1.0,0.2825133225549339,True,False
2019-07-31,2019Q3,2,2020Q1,inflation_qoq,call,True,-0.00018934659711256074,-0.34186666247340014,decelerating,decelerating,1.0,0.00018934659711256074,True,False
2019-07-31,2019Q3,3,2020Q2,growth_yoy,call,True,-0.21696492552898405,-8.757149987860636,decelerating,decelerating,1.0,0.21696492552898405,True,False
2019-07-31,2019Q3,3,2020Q2,growth_qoq,abstain,False,,-6.560462823665114,no call,decelerating,,,True,False
2019-07-31,2019Q3,3,2020Q2,inflation_yoy,call,True,-0.18556395168061934,-1.7357399133622071,decelerating,decelerating,1.0,0.18556395168061934,True,False
2019-07-31,2019Q3,3,2020Q2,inflation_qoq,call,True,0.007865350126490256,-1.3363402721502604,accelerating,decelerating,0.0,0.007865350126490256,True,False
2019-07-31,2019Q3,4,2020Q3,growth_yoy,call,True,0.30020703690634143,6.033942859011187,accelerating,accelerating,1.0,0.30020703690634143,True,False
2019-07-31,2019Q3,4,2020Q3,growth_qoq,abstain,False,,15.63906367058474,no call,accelerating,,,True,False
2019-07-31,2019Q3,4,2020Q3,inflation_yoy,call,True,0.14683801575098654,0.8136842075235167,accelerating,accelerating,1.0,0.14683801575098654,True,False
2019-07-31,2019Q3,4,2020Q3,inflation_qoq,call,True,0.007785895656375885,2.1189450584353953,accelerating,accelerating,1.0,0.007785895656375885,True,False
2019-08-31,2019Q3,0,2019Q3,growth_yoy,call,True,-0.1301045131339995,0.5550911739446107,decelerating,accelerating,0.0,0.1301045131339995,False,False
2019-08-31,2019Q3,0,2019Q3,growth_qoq,call,True,-0.20024437053705113,0.3348560158825231,decelerating,accelerating,0.0,0.20024437053705113,False,False
2019-08-31,2019Q3,0,2019Q3,inflation_yoy,call,True,-0.052709814575480074,-0.07307289007228612,decelerating,decelerating,1.0,0.052709814575480074,False,False
2019-08-31,2019Q3,0,2019Q3,inflation_qoq,call,True,-0.38474320639729775,-0.40484052390632463,decelerating,decelerating,1.0,0.38474320639729775,False,False
2019-08-31,2019Q3,1,2019Q4,growth_yoy,call,True,0.4893496397150754,0.5545596555552423,accelerating,accelerating,1.0,0.4893496397150754,False,False
2019-08-31,2019Q3,1,2019Q4,growth_qoq,lean,True,0.21359458467339332,-0.4881239870268894,accelerating,decelerating,0.0,0.21359458467339332,False,False
2019-08-31,2019Q3,1,2019Q4,inflation_yoy,call,True,0.09064474946203216,0.2991071049003755,accelerating,accelerating,1.0,0.09064474946203216,False,False
2019-08-31,2019Q3,1,2019Q4,inflation_qoq,call,True,0.14663714963312202,0.37248295245990715,accelerating,accelerating,1.0,0.14663714963312202,False,False
2019-08-31,2019Q3,2,2020Q1,growth_yoy,call,True,-0.0028211886356155347,-1.9932414951223665,decelerating,decelerating,1.0,0.0028211886356155347,True,False
2019-08-31,2019Q3,2,2020Q1,growth_qoq,abstain,False,,-1.9981995416104459,no call,decelerating,,,True,False
2019-08-31,2019Q3,2,2020Q1,inflation_yoy,call,True,0.2732474775419971,0.0964443521505487,accelerating,accelerating,1.0,0.2732474775419971,True,False
2019-08-31,2019Q3,2,2020Q1,inflation_qoq,call,True,0.038978662111399665,-0.34186666247340014,accelerating,decelerating,0.0,0.038978662111399665,True,False
2019-08-31,2019Q3,3,2020Q2,growth_yoy,call,True,-0.21732992414662533,-8.757149987860636,decelerating,decelerating,1.0,0.21732992414662533,True,False
2019-08-31,2019Q3,3,2020Q2,growth_qoq,abstain,False,,-6.560462823665114,no call,decelerating,,,True,False
2019-08-31,2019Q3,3,2020Q2,inflation_yoy,call,True,-0.1972983958813399,-1.7357399133622071,decelerating,decelerating,1.0,0.1972983958813399,True,False
2019-08-31,2019Q3,3,2020Q2,inflation_qoq,call,True,0.004891779540705521,-1.3363402721502604,accelerating,decelerating,0.0,0.004891779540705521,True,False
2019-08-31,2019Q3,4,2020Q3,growth_yoy,call,True,0.12826107127927866,6.033942859011187,accelerating,accelerating,1.0,0.12826107127927866,True,False
2019-08-31,2019Q3,4,2020Q3,growth_qoq,abstain,False,,15.63906367058474,no call,accelerating,,,True,False
2019-08-31,2019Q3,4,2020Q3,inflation_yoy,call,True,0.19926348253721904,0.8136842075235167,accelerating,accelerating,1.0,0.19926348253721904,True,False
2019-08-31,2019Q3,4,2020Q3,inflation_qoq,call,True,0.005701995594353804,2.1189450584353953,accelerating,accelerating,1.0,0.005701995594353804,True,False
2019-09-30,2019Q3,0,2019Q3,growth_yoy,call,True,-0.05798605001465784,0.5550911739446107,decelerating,accelerating,0.0,0.05798605001465784,False,False
2019-09-30,2019Q3,0,2019Q3,growth_qoq,call,True,-0.20024437053705113,0.3348560158825231,decelerating,accelerating,0.0,0.20024437053705113,False,False
2019-09-30,2019Q3,0,2019Q3,inflation_yoy,call,True,-0.050856853619970055,-0.07307289007228612,decelerating,decelerating,1.0,0.050856853619970055,False,False
2019-09-30,2019Q3,0,2019Q3,inflation_qoq,call,True,-0.3828912857636535,-0.40484052390632463,decelerating,decelerating,1.0,0.3828912857636535,False,False
2019-09-30,2019Q3,1,2019Q4,growth_yoy,call,True,0.48969525175501794,0.5545596555552423,accelerating,accelerating,1.0,0.48969525175501794,False,False
2019-09-30,2019Q3,1,2019Q4,growth_qoq,lean,True,0.21359458467339332,-0.4881239870268894,accelerating,decelerating,0.0,0.21359458467339332,False,False
2019-09-30,2019Q3,1,2019Q4,inflation_yoy,call,True,0.14360840313405454,0.2991071049003755,accelerating,accelerating,1.0,0.14360840313405454,False,False
2019-09-30,2019Q3,1,2019Q4,inflation_qoq,call,True,0.1970122726112189,0.37248295245990715,accelerating,accelerating,1.0,0.1970122726112189,False,False
2019-09-30,2019Q3,2,2020Q1,growth_yoy,call,True,-0.002823181151123677,-1.9932414951223665,decelerating,decelerating,1.0,0.002823181151123677,True,False
2019-09-30,2019Q3,2,2020Q1,growth_qoq,abstain,False,,-1.9981995416104459,no call,decelerating,,,True,False
2019-09-30,2019Q3,2,2020Q1,inflation_yoy,call,True,0.2706781119440931,0.0964443521505487,accelerating,accelerating,1.0,0.2706781119440931,True,False
2019-09-30,2019Q3,2,2020Q1,inflation_qoq,call,True,-0.015922991085237648,-0.34186666247340014,decelerating,decelerating,1.0,0.015922991085237648,True,False
2019-09-30,2019Q3,3,2020Q2,growth_yoy,call,True,-0.21748341733911492,-8.757149987860636,decelerating,decelerating,1.0,0.21748341733911492,True,False
2019-09-30,2019Q3,3,2020Q2,growth_qoq,abstain,False,,-6.560462823665114,no call,decelerating,,,True,False
2019-09-30,2019Q3,3,2020Q2,inflation_yoy,call,True,-0.20045010640271288,-1.7357399133622071,decelerating,decelerating,1.0,0.20045010640271288,True,False
2019-09-30,2019Q3,3,2020Q2,inflation_qoq,call,True,0.0045610937297935195,-1.3363402721502604,accelerating,decelerating,0.0,0.0045610937297935195,True,False
2019-09-30,2019Q3,4,2020Q3,growth_yoy,call,True,0.05595248182799217,6.033942859011187,accelerating,accelerating,1.0,0.05595248182799217,True,False
2019-09-30,2019Q3,4,2020Q3,growth_qoq,abstain,False,,15.63906367058474,no call,accelerating,,,True,False
2019-09-30,2019Q3,4,2020Q3,inflation_yoy,call,True,0.19396662294524836,0.8136842075235167,accelerating,accelerating,1.0,0.19396662294524836,True,False
2019-09-30,2019Q3,4,2020Q3,inflation_qoq,call,True,0.005232911283381547,2.1189450584353953,accelerating,accelerating,1.0,0.005232911283381547,True,False
2019-10-31,2019Q4,0,2019Q4,growth_yoy,call,True,0.12783132894391702,0.5545596555552423,accelerating,accelerating,1.0,0.12783132894391702,False,False
2019-10-31,2019Q4,0,2019Q4,growth_qoq,call,True,-0.4593649042977897,-0.4881239870268894,decelerating,decelerating,1.0,0.4593649042977897,False,False
2019-10-31,2019Q4,0,2019Q4,inflation_yoy,call,True,-0.008501171088052706,0.2991071049003755,decelerating,accelerating,0.0,0.008501171088052706,False,False
2019-10-31,2019Q4,0,2019Q4,inflation_qoq,call,True,0.06893494672479683,0.37248295245990715,accelerating,accelerating,1.0,0.06893494672479683,False,False
2019-10-31,2019Q4,1,2020Q1,growth_yoy,call,True,-0.002830088662242325,-1.9932414951223665,decelerating,decelerating,1.0,0.002830088662242325,True,False
2019-10-31,2019Q4,1,2020Q1,growth_qoq,lean,True,0.5484506005559164,-1.9981995416104459,accelerating,decelerating,0.0,0.5484506005559164,True,False
2019-10-31,2019Q4,1,2020Q1,inflation_yoy,call,True,0.2523016275442529,0.0964443521505487,accelerating,accelerating,1.0,0.2523016275442529,True,False
2019-10-31,2019Q4,1,2020Q1,inflation_qoq,call,True,0.11644110013535602,-0.34186666247340014,accelerating,decelerating,0.0,0.11644110013535602,True,False
2019-10-31,2019Q4,2,2020Q2,growth_yoy,call,True,-0.21801553662021966,-8.757149987860636,decelerating,decelerating,1.0,0.21801553662021966,True,False
2019-10-31,2019Q4,2,2020Q2,growth_qoq,abstain,False,,-6.560462823665114,no call,decelerating,,,True,False
2019-10-31,2019Q4,2,2020Q2,inflation_yoy,call,True,-0.20807976086751157,-1.7357399133622071,decelerating,decelerating,1.0,0.20807976086751157,True,False
2019-10-31,2019Q4,2,2020Q2,inflation_qoq,call,True,0.014321146818430108,-1.3363402721502604,accelerating,decelerating,0.0,0.014321146818430108,True,False
2019-10-31,2019Q4,3,2020Q3,growth_yoy,call,True,-0.5567676242631769,6.033942859011187,decelerating,accelerating,0.0,0.5567676242631769,True,False
2019-10-31,2019Q4,3,2020Q3,growth_qoq,abstain,False,,15.63906367058474,no call,accelerating,,,True,False
2019-10-31,2019Q4,3,2020Q3,inflation_yoy,call,True,0.2086656129078286,0.8136842075235167,accelerating,accelerating,1.0,0.2086656129078286,True,False
2019-10-31,2019Q4,3,2020Q3,inflation_qoq,call,True,0.006035214423150137,2.1189450584353953,accelerating,accelerating,1.0,0.006035214423150137,True,False
2019-10-31,2019Q4,4,2020Q4,growth_yoy,call,True,0.36204583173524707,0.4424568580500332,accelerating,accelerating,1.0,0.36204583173524707,True,False
2019-10-31,2019Q4,4,2020Q4,growth_qoq,abstain,False,,-6.62876406444346,no call,decelerating,,,True,False
2019-10-31,2019Q4,4,2020Q4,inflation_yoy,call,True,0.1410376134732163,0.01919772830204125,accelerating,accelerating,1.0,0.1410376134732163,True,False
2019-10-31,2019Q4,4,2020Q4,inflation_qoq,call,True,0.0020110717718679894,-0.42170688054545824,accelerating,decelerating,0.0,0.0020110717718679894,True,False
2019-11-30,2019Q4,0,2019Q4,growth_yoy,call,True,0.060169495699557984,0.5545596555552423,accelerating,accelerating,1.0,0.060169495699557984,False,False
2019-11-30,2019Q4,0,2019Q4,growth_qoq,call,True,-0.4593649042977897,-0.4881239870268894,decelerating,decelerating,1.0,0.4593649042977897,False,False
2019-11-30,2019Q4,0,2019Q4,inflation_yoy,call,True,0.24360928046958108,0.2991071049003755,accelerating,accelerating,1.0,0.24360928046958108,False,False
2019-11-30,2019Q4,0,2019Q4,inflation_qoq,call,True,0.3177141725525523,0.37248295245990715,accelerating,accelerating,1.0,0.3177141725525523,False,False
2019-11-30,2019Q4,1,2020Q1,growth_yoy,call,True,-0.0028282281920422037,-1.9932414951223665,decelerating,decelerating,1.0,0.0028282281920422037,True,False
2019-11-30,2019Q4,1,2020Q1,growth_qoq,lean,True,0.5484506005559164,-1.9981995416104459,accelerating,decelerating,0.0,0.5484506005559164,True,False
2019-11-30,2019Q4,1,2020Q1,inflation_yoy,call,True,0.3162934777404407,0.0964443521505487,accelerating,accelerating,1.0,0.3162934777404407,True,False
2019-11-30,2019Q4,1,2020Q1,inflation_qoq,call,True,-0.0700287895389673,-0.34186666247340014,decelerating,decelerating,1.0,0.0700287895389673,True,False
2019-11-30,2019Q4,2,2020Q2,growth_yoy,call,True,-0.217872215522541,-8.757149987860636,decelerating,decelerating,1.0,0.217872215522541,True,False
2019-11-30,2019Q4,2,2020Q2,growth_qoq,abstain,False,,-6.560462823665114,no call,decelerating,,,True,False
2019-11-30,2019Q4,2,2020Q2,inflation_yoy,call,True,-0.19516128339323036,-1.7357399133622071,decelerating,decelerating,1.0,0.19516128339323036,True,False
2019-11-30,2019Q4,2,2020Q2,inflation_qoq,call,True,-0.03464361320855147,-1.3363402721502604,decelerating,decelerating,1.0,0.03464361320855147,True,False
2019-11-30,2019Q4,3,2020Q3,growth_yoy,call,True,-0.5564016111419212,6.033942859011187,decelerating,accelerating,0.0,0.5564016111419212,True,False
2019-11-30,2019Q4,3,2020Q3,growth_qoq,abstain,False,,15.63906367058474,no call,accelerating,,,True,False
2019-11-30,2019Q4,3,2020Q3,inflation_yoy,call,True,0.22320010925660494,0.8136842075235167,accelerating,accelerating,1.0,0.22320010925660494,True,False
2019-11-30,2019Q4,3,2020Q3,inflation_qoq,call,True,0.006312309580813746,2.1189450584353953,accelerating,accelerating,1.0,0.006312309580813746,True,False
2019-11-30,2019Q4,4,2020Q4,growth_yoy,call,True,0.4291964702904494,0.4424568580500332,accelerating,accelerating,1.0,0.4291964702904494,True,False
2019-11-30,2019Q4,4,2020Q4,growth_qoq,abstain,False,,-6.62876406444346,no call,decelerating,,,True,False
2019-11-30,2019Q4,4,2020Q4,inflation_yoy,call,True,-0.0986122907680187,0.01919772830204125,decelerating,accelerating,0.0,0.0986122907680187,True,False
2019-11-30,2019Q4,4,2020Q4,inflation_qoq,call,True,0.0012671438351485875,-0.42170688054545824,accelerating,decelerating,0.0,0.0012671438351485875,True,False
2019-12-31,2019Q4,0,2019Q4,growth_yoy,call,True,0.17713604454687726,0.5545596555552423,accelerating,accelerating,1.0,0.17713604454687726,False,False
2019-12-31,2019Q4,0,2019Q4,growth_qoq,call,True,-0.4593649042977897,-0.4881239870268894,decelerating,decelerating,1.0,0.4593649042977897,False,False
2019-12-31,2019Q4,0,2019Q4,inflation_yoy,call,True,0.28098145670826624,0.2991071049003755,accelerating,accelerating,1.0,0.28098145670826624,False,False
2019-12-31,2019Q4,0,2019Q4,inflation_qoq,call,True,0.35459245441791243,0.37248295245990715,accelerating,accelerating,1.0,0.35459245441791243,False,False
2019-12-31,2019Q4,1,2020Q1,growth_yoy,call,True,-0.0028314443741850326,-1.9932414951223665,decelerating,decelerating,1.0,0.0028314443741850326,True,False
2019-12-31,2019Q4,1,2020Q1,growth_qoq,lean,True,0.5484506005559164,-1.9981995416104459,accelerating,decelerating,0.0,0.5484506005559164,True,False
2019-12-31,2019Q4,1,2020Q1,inflation_yoy,call,True,0.37783253297907216,0.0964443521505487,accelerating,accelerating,1.0,0.37783253297907216,True,False
2019-12-31,2019Q4,1,2020Q1,inflation_qoq,call,True,-0.04654313311369673,-0.34186666247340014,decelerating,decelerating,1.0,0.04654313311369673,True,False
2019-12-31,2019Q4,2,2020Q2,growth_yoy,call,True,-0.2181199737248729,-8.757149987860636,decelerating,decelerating,1.0,0.2181199737248729,True,False
2019-12-31,2019Q4,2,2020Q2,growth_qoq,abstain,False,,-6.560462823665114,no call,decelerating,,,True,False
2019-12-31,2019Q4,2,2020Q2,inflation_yoy,call,True,-0.19266174835485383,-1.7357399133622071,decelerating,decelerating,1.0,0.19266174835485383,True,False
2019-12-31,2019Q4,2,2020Q2,inflation_qoq,call,True,-0.09236505211154267,-1.3363402721502604,decelerating,decelerating,1.0,0.09236505211154267,True,False
2019-12-31,2019Q4,3,2020Q3,growth_yoy,call,True,-0.5570343355239871,6.033942859011187,decelerating,accelerating,0.0,0.5570343355239871,True,False
2019-12-31,2019Q4,3,2020Q3,growth_qoq,abstain,False,,15.63906367058474,no call,accelerating,,,True,False
2019-12-31,2019Q4,3,2020Q3,inflation_yoy,call,True,0.22708972433439145,0.8136842075235167,accelerating,accelerating,1.0,0.22708972433439145,True,False
2019-12-31,2019Q4,3,2020Q3,inflation_qoq,call,True,0.007271237741091063,2.1189450584353953,accelerating,accelerating,1.0,0.007271237741091063,True,False
2019-12-31,2019Q4,4,2020Q4,growth_yoy,call,True,0.3131136202096485,0.4424568580500332,accelerating,accelerating,1.0,0.3131136202096485,True,False
2019-12-31,2019Q4,4,2020Q4,growth_qoq,abstain,False,,-6.62876406444346,no call,decelerating,,,True,False
2019-12-31,2019Q4,4,2020Q4,inflation_yoy,call,True,-0.1325155565071734,0.01919772830204125,decelerating,accelerating,0.0,0.1325155565071734,True,False
2019-12-31,2019Q4,4,2020Q4,inflation_qoq,call,True,0.0012158761863112488,-0.42170688054545824,accelerating,decelerating,0.0,0.0012158761863112488,True,False
2020-01-31,2020Q1,0,2020Q1,growth_yoy,call,True,-0.6471220641745212,-1.9932414951223665,decelerating,decelerating,1.0,0.6471220641745212,True,False
2020-01-31,2020Q1,0,2020Q1,growth_qoq,split,True,-0.03666603374854871,-1.9981995416104459,decelerating,decelerating,1.0,0.03666603374854871,True,False
2020-01-31,2020Q1,0,2020Q1,inflation_yoy,call,True,0.3125363698271917,0.0964443521505487,accelerating,accelerating,1.0,0.3125363698271917,True,False
2020-01-31,2020Q1,0,2020Q1,inflation_qoq,call,True,-0.12869613772636956,-0.34186666247340014,decelerating,decelerating,1.0,0.12869613772636956,True,False
2020-01-31,2020Q1,1,2020Q2,growth_yoy,call,True,-0.2175546812622997,-8.757149987860636,decelerating,decelerating,1.0,0.2175546812622997,True,False
2020-01-31,2020Q1,1,2020Q2,growth_qoq,lean,True,0.06032661352902702,-6.560462823665114,accelerating,decelerating,0.0,0.06032661352902702,True,False
2020-01-31,2020Q1,1,2020Q2,inflation_yoy,call,True,-0.21835505088507023,-1.7357399133622071,decelerating,decelerating,1.0,0.21835505088507023,True,False
2020-01-31,2020Q1,1,2020Q2,inflation_qoq,call,True,-0.05343825471528785,-1.3363402721502604,decelerating,decelerating,1.0,0.05343825471528785,True,False
2020-01-31,2020Q1,2,2020Q3,growth_yoy,call,True,-0.555590692808039,6.033942859011187,decelerating,accelerating,0.0,0.555590692808039,True,False
2020-01-31,2020Q1,2,2020Q3,growth_qoq,abstain,False,,15.63906367058474,no call,accelerating,,,True,False
2020-01-31,2020Q1,2,2020Q3,inflation_yoy,call,True,0.20898164922990414,0.8136842075235167,accelerating,accelerating,1.0,0.20898164922990414,True,False
2020-01-31,2020Q1,2,2020Q3,inflation_qoq,call,True,0.014974391824118527,2.1189450584353953,accelerating,accelerating,1.0,0.014974391824118527,True,False
2020-01-31,2020Q1,3,2020Q4,growth_yoy,call,True,-0.06107536813153569,0.4424568580500332,decelerating,accelerating,0.0,0.06107536813153569,True,False
2020-01-31,2020Q1,3,2020Q4,growth_qoq,abstain,False,,-6.62876406444346,no call,decelerating,,,True,False
2020-01-31,2020Q1,3,2020Q4,inflation_yoy,call,True,-0.1676517707629297,0.01919772830204125,decelerating,accelerating,0.0,0.1676517707629297,True,False
2020-01-31,2020Q1,3,2020Q4,inflation_qoq,call,True,0.0019605796774291306,-0.42170688054545824,accelerating,decelerating,0.0,0.0019605796774291306,True,False
2020-01-31,2020Q1,4,2021Q1,growth_yoy,call,True,0.6390470619546562,2.722969418174248,accelerating,accelerating,1.0,0.6390470619546562,True,False
2020-01-31,2020Q1,4,2021Q1,growth_qoq,abstain,False,,0.2623013503610716,no call,accelerating,,,True,False
2020-01-31,2020Q1,4,2021Q1,inflation_yoy,call,True,-0.0369134691173536,0.6616428622164754,decelerating,accelerating,0.0,0.0369134691173536,True,False
2020-01-31,2020Q1,4,2021Q1,inflation_qoq,call,True,0.0003944771768127353,0.293834222115974,accelerating,accelerating,1.0,0.0003944771768127353,True,False
2020-02-29,2020Q1,0,2020Q1,growth_yoy,call,True,-0.10218857374522106,-1.9932414951223665,decelerating,decelerating,1.0,0.10218857374522106,True,False
2020-02-29,2020Q1,0,2020Q1,growth_qoq,split,True,-0.03666603374854871,-1.9981995416104459,decelerating,decelerating,1.0,0.03666603374854871,True,False
2020-02-29,2020Q1,0,2020Q1,inflation_yoy,call,True,0.27554761343269174,0.0964443521505487,accelerating,accelerating,1.0,0.27554761343269174,True,False
2020-02-29,2020Q1,0,2020Q1,inflation_qoq,call,True,-0.1652466398674335,-0.34186666247340014,decelerating,decelerating,1.0,0.1652466398674335,True,False
2020-02-29,2020Q1,1,2020Q2,growth_yoy,call,True,-0.21870898953042506,-8.757149987860636,decelerating,decelerating,1.0,0.21870898953042506,True,False
2020-02-29,2020Q1,1,2020Q2,growth_qoq,lean,True,0.06032661352902702,-6.560462823665114,accelerating,decelerating,0.0,0.06032661352902702,True,False
2020-02-29,2020Q1,1,2020Q2,inflation_yoy,call,True,-0.29965995439549964,-1.7357399133622071,decelerating,decelerating,1.0,0.29965995439549964,True,False
2020-02-29,2020Q1,1,2020Q2,inflation_qoq,call,True,-0.0968002889248476,-1.3363402721502604,decelerating,decelerating,1.0,0.0968002889248476,True,False
2020-02-29,2020Q1,2,2020Q3,growth_yoy,call,True,-0.5585385628639417,6.033942859011187,decelerating,accelerating,0.0,0.5585385628639417,True,False
2020-02-29,2020Q1,2,2020Q3,growth_qoq,abstain,False,,15.63906367058474,no call,accelerating,,,True,False
2020-02-29,2020Q1,2,2020Q3,inflation_yoy,call,True,0.21136275514538694,0.8136842075235167,accelerating,accelerating,1.0,0.21136275514538694,True,False
2020-02-29,2020Q1,2,2020Q3,inflation_qoq,call,True,0.0974668046346494,2.1189450584353953,accelerating,accelerating,1.0,0.0974668046346494,True,False
2020-02-29,2020Q1,3,2020Q4,growth_yoy,call,True,-0.0613994236839277,0.4424568580500332,decelerating,accelerating,0.0,0.0613994236839277,True,False
2020-02-29,2020Q1,3,2020Q4,growth_qoq,abstain,False,,-6.62876406444346,no call,decelerating,,,True,False
2020-02-29,2020Q1,3,2020Q4,inflation_yoy,call,True,-0.16698050845920243,0.01919772830204125,decelerating,accelerating,0.0,0.16698050845920243,True,False
2020-02-29,2020Q1,3,2020Q4,inflation_qoq,call,True,-0.00014582440994725943,-0.42170688054545824,decelerating,decelerating,1.0,0.00014582440994725943,True,False
2020-02-29,2020Q1,4,2021Q1,growth_yoy,call,True,0.09853980540177609,2.722969418174248,accelerating,accelerating,1.0,0.09853980540177609,True,False
2020-02-29,2020Q1,4,2021Q1,growth_qoq,abstain,False,,0.2623013503610716,no call,accelerating,,,True,False
2020-02-29,2020Q1,4,2021Q1,inflation_yoy,call,True,7.749429244974237e-07,0.6616428622164754,accelerating,accelerating,1.0,7.749429244974237e-07,True,False
2020-02-29,2020Q1,4,2021Q1,inflation_qoq,call,True,-0.00026664472214665835,0.293834222115974,decelerating,accelerating,0.0,0.00026664472214665835,True,False
2020-03-31,2020Q1,0,2020Q1,growth_yoy,call,True,0.0700717779256621,-1.9932414951223665,accelerating,decelerating,0.0,0.0700717779256621,True,False
2020-03-31,2020Q1,0,2020Q1,growth_qoq,split,True,-0.03666603374854871,-1.9981995416104459,decelerating,decelerating,1.0,0.03666603374854871,True,False
2020-03-31,2020Q1,0,2020Q1,inflation_yoy,call,True,0.15787225855196496,0.0964443521505487,accelerating,accelerating,1.0,0.15787225855196496,True,False
2020-03-31,2020Q1,0,2020Q1,inflation_qoq,call,True,-0.2812988820569684,-0.34186666247340014,decelerating,decelerating,1.0,0.2812988820569684,True,False
2020-03-31,2020Q1,1,2020Q2,growth_yoy,call,True,-0.21907388093773683,-8.757149987860636,decelerating,decelerating,1.0,0.21907388093773683,True,False
2020-03-31,2020Q1,1,2020Q2,growth_qoq,lean,True,0.06032661352902702,-6.560462823665114,accelerating,decelerating,0.0,0.06032661352902702,True,False
2020-03-31,2020Q1,1,2020Q2,inflation_yoy,call,True,-0.749872617497142,-1.7357399133622071,decelerating,decelerating,1.0,0.749872617497142,True,False
2020-03-31,2020Q1,1,2020Q2,inflation_qoq,call,True,-0.4243898051649042,-1.3363402721502604,decelerating,decelerating,1.0,0.4243898051649042,True,False
2020-03-31,2020Q1,2,2020Q3,growth_yoy,call,True,-0.5594704217814384,6.033942859011187,decelerating,accelerating,0.0,0.5594704217814384,True,False
2020-03-31,2020Q1,2,2020Q3,growth_qoq,abstain,False,,15.63906367058474,no call,accelerating,,,True,False
2020-03-31,2020Q1,2,2020Q3,inflation_yoy,call,True,0.20649196703964212,0.8136842075235167,accelerating,accelerating,1.0,0.20649196703964212,True,False
2020-03-31,2020Q1,2,2020Q3,inflation_qoq,call,True,0.5374533190061426,2.1189450584353953,accelerating,accelerating,1.0,0.5374533190061426,True,False
2020-03-31,2020Q1,3,2020Q4,growth_yoy,call,True,-0.06150186173261574,0.4424568580500332,decelerating,accelerating,0.0,0.06150186173261574,True,False
2020-03-31,2020Q1,3,2020Q4,growth_qoq,abstain,False,,-6.62876406444346,no call,decelerating,,,True,False
2020-03-31,2020Q1,3,2020Q4,inflation_yoy,call,True,-0.17613838614303212,0.01919772830204125,decelerating,accelerating,0.0,0.17613838614303212,True,False
2020-03-31,2020Q1,3,2020Q4,inflation_qoq,call,True,-0.006494720301897239,-0.42170688054545824,decelerating,decelerating,1.0,0.006494720301897239,True,False
2020-03-31,2020Q1,4,2021Q1,growth_yoy,call,True,-0.07232135789561056,2.722969418174248,decelerating,accelerating,0.0,0.07232135789561056,True,False
2020-03-31,2020Q1,4,2021Q1,growth_qoq,abstain,False,,0.2623013503610716,no call,accelerating,,,True,False
2020-03-31,2020Q1,4,2021Q1,inflation_yoy,call,True,0.10309999272029025,0.6616428622164754,accelerating,accelerating,1.0,0.10309999272029025,True,False
2020-03-31,2020Q1,4,2021Q1,inflation_qoq,call,True,-0.004610919348269071,0.293834222115974,decelerating,accelerating,0.0,0.004610919348269071,True,False
2020-04-30,2020Q2,0,2020Q2,growth_yoy,call,True,-5.78257097707533,-8.757149987860636,decelerating,decelerating,1.0,5.78257097707533,True,False
2020-04-30,2020Q2,0,2020Q2,growth_qoq,call,True,1.9018550507895426,-6.560462823665114,accelerating,decelerating,0.0,1.9018550507895426,True,False
2020-04-30,2020Q2,0,2020Q2,inflation_yoy,call,True,-1.0132166804530809,-1.7357399133622071,decelerating,decelerating,1.0,1.0132166804530809,True,False
2020-04-30,2020Q2,0,2020Q2,inflation_qoq,call,True,-0.6237678584659068,-1.3363402721502604,decelerating,decelerating,1.0,0.6237678584659068,True,False
2020-04-30,2020Q2,1,2020Q3,growth_yoy,call,True,-0.5181248781366499,6.033942859011187,decelerating,accelerating,0.0,0.5181248781366499,True,False
2020-04-30,2020Q2,1,2020Q3,growth_qoq,lean,True,-1.9378729280814189,15.63906367058474,decelerating,accelerating,0.0,1.9378729280814189,True,False
2020-04-30,2020Q2,1,2020Q3,inflation_yoy,call,True,0.18230246977142261,0.8136842075235167,accelerating,accelerating,1.0,0.18230246977142261,True,False
2020-04-30,2020Q2,1,2020Q3,inflation_qoq,call,True,0.7740633452170687,2.1189450584353953,accelerating,accelerating,1.0,0.7740633452170687,True,False
2020-04-30,2020Q2,2,2020Q4,growth_yoy,call,True,-0.0569567994567306,0.4424568580500332,decelerating,accelerating,0.0,0.0569567994567306,True,False
2020-04-30,2020Q2,2,2020Q4,growth_qoq,abstain,False,,-6.62876406444346,no call,decelerating,,,True,False
2020-04-30,2020Q2,2,2020Q4,inflation_yoy,call,True,-0.16377145097861878,0.01919772830204125,decelerating,accelerating,0.0,0.16377145097861878,True,False
2020-04-30,2020Q2,2,2020Q4,inflation_qoq,call,True,0.02853517132790362,-0.42170688054545824,accelerating,decelerating,0.0,0.02853517132790362,True,False
2020-04-30,2020Q2,3,2021Q1,growth_yoy,call,True,1.8655530602071475,2.722969418174248,accelerating,accelerating,1.0,1.8655530602071475,True,False
2020-04-30,2020Q2,3,2021Q1,growth_qoq,abstain,False,,0.2623013503610716,no call,accelerating,,,True,False
2020-04-30,2020Q2,3,2021Q1,inflation_yoy,call,True,0.172680546702201,0.6616428622164754,accelerating,accelerating,1.0,0.172680546702201,True,False
2020-04-30,2020Q2,3,2021Q1,inflation_qoq,call,True,-0.007948257393319835,0.293834222115974,decelerating,accelerating,0.0,0.007948257393319835,True,False
2020-04-30,2020Q2,4,2021Q2,growth_yoy,call,True,5.643045345162189,10.58491513298201,accelerating,accelerating,1.0,5.643045345162189,True,False
2020-04-30,2020Q2,4,2021Q2,growth_qoq,abstain,False,,0.3060748183366657,no call,accelerating,,,True,False
2020-04-30,2020Q2,4,2021Q2,inflation_yoy,call,True,0.8025378782129835,2.878495850081027,accelerating,accelerating,1.0,0.8025378782129835,True,False
2020-04-30,2020Q2,4,2021Q2,inflation_qoq,call,True,-0.003984935407252976,0.8077668412147521,decelerating,accelerating,0.0,0.003984935407252976,True,False
2020-05-31,2020Q2,0,2020Q2,growth_yoy,call,True,-14.801258046443744,-8.757149987860636,decelerating,decelerating,1.0,14.801258046443744,True,False
2020-05-31,2020Q2,0,2020Q2,growth_qoq,call,True,1.9018550507895426,-6.560462823665114,accelerating,decelerating,0.0,1.9018550507895426,True,False
2020-05-31,2020Q2,0,2020Q2,inflation_yoy,call,True,-1.4036035436745622,-1.7357399133622071,decelerating,decelerating,1.0,1.4036035436745622,True,False
2020-05-31,2020Q2,0,2020Q2,inflation_qoq,call,True,-1.0087686001411744,-1.3363402721502604,decelerating,decelerating,1.0,1.0087686001411744,True,False
2020-05-31,2020Q2,1,2020Q3,growth_yoy,call,True,-0.4692338605558284,6.033942859011187,decelerating,accelerating,0.0,0.4692338605558284,True,False
2020-05-31,2020Q2,1,2020Q3,growth_qoq,lean,True,-1.9378729280814189,15.63906367058474,decelerating,accelerating,0.0,1.9378729280814189,True,False
2020-05-31,2020Q2,1,2020Q3,inflation_yoy,call,True,0.5122096422943034,0.8136842075235167,accelerating,accelerating,1.0,0.5122096422943034,True,False
2020-05-31,2020Q2,1,2020Q3,inflation_qoq,call,True,1.4883605951436452,2.1189450584353953,accelerating,accelerating,1.0,1.4883605951436452,True,False
2020-05-31,2020Q2,2,2020Q4,growth_yoy,call,True,-0.051582272964978415,0.4424568580500332,decelerating,accelerating,0.0,0.051582272964978415,True,False
2020-05-31,2020Q2,2,2020Q4,growth_qoq,abstain,False,,-6.62876406444346,no call,decelerating,,,True,False
2020-05-31,2020Q2,2,2020Q4,inflation_yoy,call,True,-0.027570104662766326,0.01919772830204125,decelerating,accelerating,0.0,0.027570104662766326,True,False
2020-05-31,2020Q2,2,2020Q4,inflation_qoq,call,True,-0.16534941058550245,-0.42170688054545824,decelerating,decelerating,1.0,0.16534941058550245,True,False
2020-05-31,2020Q2,3,2021Q1,growth_yoy,call,True,1.689516758316877,2.722969418174248,accelerating,accelerating,1.0,1.689516758316877,True,False
2020-05-31,2020Q2,3,2021Q1,growth_qoq,abstain,False,,0.2623013503610716,no call,accelerating,,,True,False
2020-05-31,2020Q2,3,2021Q1,inflation_yoy,call,True,0.3104980676847131,0.6616428622164754,accelerating,accelerating,1.0,0.3104980676847131,True,False
2020-05-31,2020Q2,3,2021Q1,inflation_qoq,call,True,-0.006998416184478273,0.293834222115974,decelerating,accelerating,0.0,0.006998416184478273,True,False
2020-05-31,2020Q2,4,2021Q2,growth_yoy,call,True,14.7835031723483,10.58491513298201,accelerating,accelerating,1.0,14.7835031723483,True,False
2020-05-31,2020Q2,4,2021Q2,growth_qoq,abstain,False,,0.3060748183366657,no call,accelerating,,,True,False
2020-05-31,2020Q2,4,2021Q2,inflation_yoy,call,True,1.333199132829847,2.878495850081027,accelerating,accelerating,1.0,1.333199132829847,True,False
2020-05-31,2020Q2,4,2021Q2,inflation_qoq,call,True,-0.011311529197066683,0.8077668412147521,decelerating,accelerating,0.0,0.011311529197066683,True,False
2020-06-30,2020Q2,0,2020Q2,growth_yoy,call,True,-10.054897202749425,-8.757149987860636,decelerating,decelerating,1.0,10.054897202749425,True,False
2020-06-30,2020Q2,0,2020Q2,growth_qoq,call,True,1.9018550507895426,-6.560462823665114,accelerating,decelerating,0.0,1.9018550507895426,True,False
2020-06-30,2020Q2,0,2020Q2,inflation_yoy,call,True,-1.7573319439835384,-1.7357399133622071,decelerating,decelerating,1.0,1.7573319439835384,True,False
2020-06-30,2020Q2,0,2020Q2,inflation_qoq,call,True,-1.3576315811321016,-1.3363402721502604,decelerating,decelerating,1.0,1.3576315811321016,True,False
2020-06-30,2020Q2,1,2020Q3,growth_yoy,call,True,-0.4949642589684995,6.033942859011187,decelerating,accelerating,0.0,0.4949642589684995,True,False
2020-06-30,2020Q2,1,2020Q3,growth_qoq,lean,True,-1.9378729280814189,15.63906367058474,decelerating,accelerating,0.0,1.9378729280814189,True,False
2020-06-30,2020Q2,1,2020Q3,inflation_yoy,call,True,0.4393416121237263,0.8136842075235167,accelerating,accelerating,1.0,0.4393416121237263,True,False
2020-06-30,2020Q2,1,2020Q3,inflation_qoq,call,True,1.766199536904789,2.1189450584353953,accelerating,accelerating,1.0,1.766199536904789,True,False
2020-06-30,2020Q2,2,2020Q4,growth_yoy,call,True,-0.05441078246949438,0.4424568580500332,decelerating,accelerating,0.0,0.05441078246949438,True,False
2020-06-30,2020Q2,2,2020Q4,growth_qoq,abstain,False,,-6.62876406444346,no call,decelerating,,,True,False
2020-06-30,2020Q2,2,2020Q4,inflation_yoy,call,True,-0.0620695473264673,0.01919772830204125,decelerating,accelerating,0.0,0.0620695473264673,True,False
2020-06-30,2020Q2,2,2020Q4,inflation_qoq,call,True,-0.12890870524226994,-0.42170688054545824,decelerating,decelerating,1.0,0.12890870524226994,True,False
2020-06-30,2020Q2,3,2021Q1,growth_yoy,call,True,1.7821612645442464,2.722969418174248,accelerating,accelerating,1.0,1.7821612645442464,True,False
2020-06-30,2020Q2,3,2021Q1,growth_qoq,abstain,False,,0.2623013503610716,no call,accelerating,,,True,False
2020-06-30,2020Q2,3,2021Q1,inflation_yoy,call,True,0.27885187373412423,0.6616428622164754,accelerating,accelerating,1.0,0.27885187373412423,True,False
2020-06-30,2020Q2,3,2021Q1,inflation_qoq,call,True,-0.0024924928311298444,0.293834222115974,decelerating,accelerating,0.0,0.0024924928311298444,True,False
2020-06-30,2020Q2,4,2021Q2,growth_yoy,call,True,9.9730567303438,10.58491513298201,accelerating,accelerating,1.0,9.9730567303438,True,False
2020-06-30,2020Q2,4,2021Q2,growth_qoq,abstain,False,,0.3060748183366657,no call,accelerating,,,True,False
2020-06-30,2020Q2,4,2021Q2,inflation_yoy,call,True,1.656900089237075,2.878495850081027,accelerating,accelerating,1.0,1.656900089237075,True,False
2020-06-30,2020Q2,4,2021Q2,inflation_qoq,call,True,-0.010757815508877222,0.8077668412147521,decelerating,accelerating,0.0,0.010757815508877222,True,False
2020-07-31,2020Q3,0,2020Q3,growth_yoy,call,True,-2.505146048945284,6.033942859011187,decelerating,accelerating,0.0,2.505146048945284,True,False
2020-07-31,2020Q3,0,2020Q3,growth_qoq,call,True,7.580528759323718,15.63906367058474,accelerating,accelerating,1.0,7.580528759323718,True,False
2020-07-31,2020Q3,0,2020Q3,inflation_yoy,call,True,0.44975310752524883,0.8136842075235167,accelerating,accelerating,1.0,0.44975310752524883,True,False
2020-07-31,2020Q3,0,2020Q3,inflation_qoq,call,True,1.755224056866811,2.1189450584353953,accelerating,accelerating,1.0,1.755224056866811,True,False
2020-07-31,2020Q3,1,2020Q4,growth_yoy,call,True,-0.07375048855109334,0.4424568580500332,decelerating,accelerating,0.0,0.07375048855109334,True,False
2020-07-31,2020Q3,1,2020Q4,growth_qoq,lean,True,-8.476246742113325,-6.62876406444346,decelerating,decelerating,1.0,8.476246742113325,True,False
2020-07-31,2020Q3,1,2020Q4,inflation_yoy,call,True,-0.06897990969999912,0.01919772830204125,decelerating,accelerating,0.0,0.06897990969999912,True,False
2020-07-31,2020Q3,1,2020Q4,inflation_qoq,call,True,-0.14611712023380186,-0.42170688054545824,decelerating,decelerating,1.0,0.14611712023380186,True,False
2020-07-31,2020Q3,2,2021Q1,growth_yoy,call,True,1.7476409341062968,2.722969418174248,accelerating,accelerating,1.0,1.7476409341062968,True,False
2020-07-31,2020Q3,2,2021Q1,growth_qoq,abstain,False,,0.2623013503610716,no call,accelerating,,,True,False
2020-07-31,2020Q3,2,2021Q1,inflation_yoy,call,True,0.26629084037127115,0.6616428622164754,accelerating,accelerating,1.0,0.26629084037127115,True,False
2020-07-31,2020Q3,2,2021Q1,inflation_qoq,call,True,-0.008162436354197666,0.293834222115974,decelerating,accelerating,0.0,0.008162436354197666,True,False
2020-07-31,2020Q3,3,2021Q2,growth_yoy,call,True,8.443759332678404,10.58491513298201,accelerating,accelerating,1.0,8.443759332678404,True,False
2020-07-31,2020Q3,3,2021Q2,growth_qoq,abstain,False,,0.3060748183366657,no call,accelerating,,,True,False
2020-07-31,2020Q3,3,2021Q2,inflation_yoy,call,True,1.62466136465799,2.878495850081027,accelerating,accelerating,1.0,1.62466136465799,True,False
2020-07-31,2020Q3,3,2021Q2,inflation_qoq,call,True,-0.008430088261146551,0.8077668412147521,decelerating,accelerating,0.0,0.008430088261146551,True,False
2020-07-31,2020Q3,4,2021Q3,growth_yoy,call,True,2.205607811230559,-7.234858314338922,accelerating,decelerating,0.0,2.205607811230559,False,False
2020-07-31,2020Q3,4,2021Q3,growth_qoq,abstain,False,,-0.8768384094501869,no call,decelerating,,,False,False
2020-07-31,2020Q3,4,2021Q3,inflation_yoy,call,True,-0.17350440601127826,0.46714448295804534,decelerating,accelerating,0.0,0.17350440601127826,False,False
2020-07-31,2020Q3,4,2021Q3,inflation_qoq,call,True,-0.007428667613851303,-0.22949742215143676,decelerating,decelerating,1.0,0.007428667613851303,False,False
2020-08-31,2020Q3,0,2020Q3,growth_yoy,call,True,3.4218169023852774,6.033942859011187,accelerating,accelerating,1.0,3.4218169023852774,True,False
2020-08-31,2020Q3,0,2020Q3,growth_qoq,call,True,7.580528759323718,15.63906367058474,accelerating,accelerating,1.0,7.580528759323718,True,False
2020-08-31,2020Q3,0,2020Q3,inflation_yoy,call,True,0.7063631301628941,0.8136842075235167,accelerating,accelerating,1.0,0.7063631301628941,True,False
2020-08-31,2020Q3,0,2020Q3,inflation_qoq,call,True,2.0116366520892104,2.1189450584353953,accelerating,accelerating,1.0,2.0116366520892104,True,False
2020-08-31,2020Q3,1,2020Q4,growth_yoy,call,True,-0.07860214959903811,0.4424568580500332,decelerating,accelerating,0.0,0.07860214959903811,True,False
2020-08-31,2020Q3,1,2020Q4,growth_qoq,lean,True,-8.476246742113325,-6.62876406444346,decelerating,decelerating,1.0,8.476246742113325,True,False
2020-08-31,2020Q3,1,2020Q4,inflation_yoy,call,True,-0.0763823881571184,0.01919772830204125,decelerating,accelerating,0.0,0.0763823881571184,True,False
2020-08-31,2020Q3,1,2020Q4,inflation_qoq,call,True,-0.4097450651205925,-0.42170688054545824,decelerating,decelerating,1.0,0.4097450651205925,True,False
2020-08-31,2020Q3,2,2021Q1,growth_yoy,call,True,1.8626091412649477,2.722969418174248,accelerating,accelerating,1.0,1.8626091412649477,True,False
2020-08-31,2020Q3,2,2021Q1,growth_qoq,abstain,False,,0.2623013503610716,no call,accelerating,,,True,False
2020-08-31,2020Q3,2,2021Q1,inflation_yoy,call,True,0.24769052014813253,0.6616428622164754,accelerating,accelerating,1.0,0.24769052014813253,True,False
2020-08-31,2020Q3,2,2021Q1,inflation_qoq,call,True,-0.020055861588041957,0.293834222115974,decelerating,accelerating,0.0,0.020055861588041957,True,False
2020-08-31,2020Q3,3,2021Q2,growth_yoy,call,True,8.999230341174458,10.58491513298201,accelerating,accelerating,1.0,8.999230341174458,True,False
2020-08-31,2020Q3,3,2021Q2,growth_qoq,abstain,False,,0.3060748183366657,no call,accelerating,,,True,False
2020-08-31,2020Q3,3,2021Q2,inflation_yoy,call,True,1.6135023920775147,2.878495850081027,accelerating,accelerating,1.0,1.6135023920775147,True,False
2020-08-31,2020Q3,3,2021Q2,inflation_qoq,call,True,-0.0038680405388458183,0.8077668412147521,decelerating,accelerating,0.0,0.0038680405388458183,True,False
2020-08-31,2020Q3,4,2021Q3,growth_yoy,call,True,-4.386942694706741,-7.234858314338922,decelerating,decelerating,1.0,4.386942694706741,False,False
2020-08-31,2020Q3,4,2021Q3,growth_qoq,abstain,False,,-0.8768384094501869,no call,decelerating,,,False,False
2020-08-31,2020Q3,4,2021Q3,inflation_yoy,call,True,-0.4446842338412451,0.46714448295804534,decelerating,accelerating,0.0,0.4446842338412451,False,False
2020-08-31,2020Q3,4,2021Q3,inflation_qoq,call,True,-0.0028144363855009402,-0.22949742215143676,decelerating,decelerating,1.0,0.0028144363855009402,False,False
2020-09-30,2020Q3,0,2020Q3,growth_yoy,call,True,4.461576546318346,6.033942859011187,accelerating,accelerating,1.0,4.461576546318346,True,False
2020-09-30,2020Q3,0,2020Q3,growth_qoq,call,True,7.580528759323718,15.63906367058474,accelerating,accelerating,1.0,7.580528759323718,True,False
2020-09-30,2020Q3,0,2020Q3,inflation_yoy,call,True,0.773680745451085,0.8136842075235167,accelerating,accelerating,1.0,0.773680745451085,True,False
2020-09-30,2020Q3,0,2020Q3,inflation_qoq,call,True,2.078920056565514,2.1189450584353953,accelerating,accelerating,1.0,2.078920056565514,True,False
2020-09-30,2020Q3,1,2020Q4,growth_yoy,call,True,-0.07945327038469951,0.4424568580500332,decelerating,accelerating,0.0,0.07945327038469951,True,False
2020-09-30,2020Q3,1,2020Q4,growth_qoq,lean,True,-8.476246742113325,-6.62876406444346,decelerating,decelerating,1.0,8.476246742113325,True,False
2020-09-30,2020Q3,1,2020Q4,inflation_yoy,call,True,-0.1053848826804149,0.01919772830204125,decelerating,accelerating,0.0,0.1053848826804149,True,False
2020-09-30,2020Q3,1,2020Q4,inflation_qoq,call,True,-0.5058625786675819,-0.42170688054545824,decelerating,decelerating,1.0,0.5058625786675819,True,False
2020-09-30,2020Q3,2,2021Q1,growth_yoy,call,True,1.8827778690131192,2.722969418174248,accelerating,accelerating,1.0,1.8827778690131192,True,False
2020-09-30,2020Q3,2,2021Q1,growth_qoq,abstain,False,,0.2623013503610716,no call,accelerating,,,True,False
2020-09-30,2020Q3,2,2021Q1,inflation_yoy,call,True,0.2461111074442579,0.6616428622164754,accelerating,accelerating,1.0,0.2461111074442579,True,False
2020-09-30,2020Q3,2,2021Q1,inflation_qoq,call,True,0.007118453182908269,0.293834222115974,accelerating,accelerating,1.0,0.007118453182908269,True,False
2020-09-30,2020Q3,3,2021Q2,growth_yoy,call,True,9.096675920428387,10.58491513298201,accelerating,accelerating,1.0,9.096675920428387,True,False
2020-09-30,2020Q3,3,2021Q2,growth_qoq,abstain,False,,0.3060748183366657,no call,accelerating,,,True,False
2020-09-30,2020Q3,3,2021Q2,inflation_yoy,call,True,1.6147183599009833,2.878495850081027,accelerating,accelerating,1.0,1.6147183599009833,True,False
2020-09-30,2020Q3,3,2021Q2,inflation_qoq,call,True,-0.001590920745941915,0.8077668412147521,decelerating,accelerating,0.0,0.001590920745941915,True,False
2020-09-30,2020Q3,4,2021Q3,growth_yoy,call,True,-5.54346552485625,-7.234858314338922,decelerating,decelerating,1.0,5.54346552485625,False,False
2020-09-30,2020Q3,4,2021Q3,growth_qoq,abstain,False,,-0.8768384094501869,no call,decelerating,,,False,False
2020-09-30,2020Q3,4,2021Q3,inflation_yoy,call,True,-0.5098178046234989,0.46714448295804534,decelerating,accelerating,0.0,0.5098178046234989,False,False
2020-09-30,2020Q3,4,2021Q3,inflation_qoq,call,True,-0.00033965347956410596,-0.22949742215143676,decelerating,decelerating,1.0,0.00033965347956410596,False,False
2020-10-31,2020Q4,0,2020Q4,growth_yoy,call,True,1.1362864974329367,0.4424568580500332,accelerating,accelerating,1.0,1.1362864974329367,True,False
2020-10-31,2020Q4,0,2020Q4,growth_qoq,call,True,-7.069071836923289,-6.62876406444346,decelerating,decelerating,1.0,7.069071836923289,True,False
2020-10-31,2020Q4,0,2020Q4,inflation_yoy,call,True,-0.015102535750951107,0.01919772830204125,decelerating,accelerating,0.0,0.015102535750951107,True,False
2020-10-31,2020Q4,0,2020Q4,inflation_qoq,call,True,-0.4560903172100117,-0.42170688054545824,decelerating,decelerating,1.0,0.4560903172100117,True,False
2020-10-31,2020Q4,1,2021Q1,growth_yoy,call,True,1.936904436673259,2.722969418174248,accelerating,accelerating,1.0,1.936904436673259,True,False
2020-10-31,2020Q4,1,2021Q1,growth_qoq,lean,True,7.1628169284714165,0.2623013503610716,accelerating,accelerating,1.0,7.1628169284714165,True,False
2020-10-31,2020Q4,1,2021Q1,inflation_yoy,call,True,0.23473731362909267,0.6616428622164754,accelerating,accelerating,1.0,0.23473731362909267,True,False
2020-10-31,2020Q4,1,2021Q1,inflation_qoq,call,True,-0.09425798500695137,0.293834222115974,decelerating,accelerating,0.0,0.09425798500695137,True,False
2020-10-31,2020Q4,2,2021Q2,growth_yoy,call,True,9.358189428098584,10.58491513298201,accelerating,accelerating,1.0,9.358189428098584,True,False
2020-10-31,2020Q4,2,2021Q2,growth_qoq,abstain,False,,0.3060748183366657,no call,accelerating,,,True,False
2020-10-31,2020Q4,2,2021Q2,inflation_yoy,call,True,1.6087310312637846,2.878495850081027,accelerating,accelerating,1.0,1.6087310312637846,True,False
2020-10-31,2020Q4,2,2021Q2,inflation_qoq,call,True,0.002287141296397621,0.8077668412147521,accelerating,accelerating,1.0,0.002287141296397621,True,False
2020-10-31,2020Q4,3,2021Q3,growth_yoy,call,True,-7.382457982730139,-7.234858314338922,decelerating,decelerating,1.0,7.382457982730139,False,False
2020-10-31,2020Q4,3,2021Q3,growth_qoq,abstain,False,,-0.8768384094501869,no call,decelerating,,,False,False
2020-10-31,2020Q4,3,2021Q3,inflation_yoy,call,True,-0.5542739541290218,0.46714448295804534,decelerating,accelerating,0.0,0.5542739541290218,False,False
2020-10-31,2020Q4,3,2021Q3,inflation_qoq,call,True,0.003977854520864632,-0.22949742215143676,accelerating,decelerating,0.0,0.003977854520864632,False,False
2020-10-31,2020Q4,4,2021Q4,growth_yoy,call,True,-1.2647536979669471,0.6053681970414448,decelerating,accelerating,0.0,1.2647536979669471,False,False
2020-10-31,2020Q4,4,2021Q4,growth_qoq,abstain,False,,0.8907022931446518,no call,accelerating,,,False,False
2020-10-31,2020Q4,4,2021Q4,inflation_yoy,call,True,-0.08290510564047038,1.5209842683373767,decelerating,accelerating,0.0,0.08290510564047038,False,False
2020-10-31,2020Q4,4,2021Q4,inflation_qoq,call,True,0.006814660443454912,0.5842995135905804,accelerating,accelerating,1.0,0.006814660443454912,False,False
2020-11-30,2020Q4,0,2020Q4,growth_yoy,call,True,-0.9366921026778496,0.4424568580500332,decelerating,accelerating,0.0,0.9366921026778496,True,False
2020-11-30,2020Q4,0,2020Q4,growth_qoq,call,True,-7.069071836923289,-6.62876406444346,decelerating,decelerating,1.0,7.069071836923289,True,False
2020-11-30,2020Q4,0,2020Q4,inflation_yoy,call,True,-0.05676621119463654,0.01919772830204125,decelerating,accelerating,0.0,0.05676621119463654,True,False
2020-11-30,2020Q4,0,2020Q4,inflation_qoq,call,True,-0.4974973870621957,-0.42170688054545824,decelerating,decelerating,1.0,0.4974973870621957,True,False
2020-11-30,2020Q4,1,2021Q1,growth_yoy,call,True,1.8966609117797018,2.722969418174248,accelerating,accelerating,1.0,1.8966609117797018,True,False
2020-11-30,2020Q4,1,2021Q1,growth_qoq,lean,True,7.1628169284714165,0.2623013503610716,accelerating,accelerating,1.0,7.1628169284714165,True,False
2020-11-30,2020Q4,1,2021Q1,inflation_yoy,call,True,0.249667192602961,0.6616428622164754,accelerating,accelerating,1.0,0.249667192602961,True,False
2020-11-30,2020Q4,1,2021Q1,inflation_qoq,call,True,-0.03798403658279437,0.293834222115974,decelerating,accelerating,0.0,0.03798403658279437,True,False
2020-11-30,2020Q4,2,2021Q2,growth_yoy,call,True,9.163752097026522,10.58491513298201,accelerating,accelerating,1.0,9.163752097026522,True,False
2020-11-30,2020Q4,2,2021Q2,growth_qoq,abstain,False,,0.3060748183366657,no call,accelerating,,,True,False
2020-11-30,2020Q4,2,2021Q2,inflation_yoy,call,True,1.6047421703609437,2.878495850081027,accelerating,accelerating,1.0,1.6047421703609437,True,False
2020-11-30,2020Q4,2,2021Q2,inflation_qoq,call,True,-0.016063225250584345,0.8077668412147521,decelerating,accelerating,0.0,0.016063225250584345,True,False
2020-11-30,2020Q4,3,2021Q3,growth_yoy,call,True,-7.229070894560752,-7.234858314338922,decelerating,decelerating,1.0,7.229070894560752,False,False
2020-11-30,2020Q4,3,2021Q3,growth_qoq,abstain,False,,-0.8768384094501869,no call,decelerating,,,False,False
2020-11-30,2020Q4,3,2021Q3,inflation_yoy,call,True,-0.5541661284032218,0.46714448295804534,decelerating,accelerating,0.0,0.5541661284032218,False,False
2020-11-30,2020Q4,3,2021Q3,inflation_qoq,call,True,0.007406313265478914,-0.22949742215143676,accelerating,decelerating,0.0,0.007406313265478914,False,False
2020-11-30,2020Q4,4,2021Q4,growth_yoy,call,True,0.8895186699400925,0.6053681970414448,accelerating,accelerating,1.0,0.8895186699400925,False,False
2020-11-30,2020Q4,4,2021Q4,growth_qoq,abstain,False,,0.8907022931446518,no call,accelerating,,,False,False
2020-11-30,2020Q4,4,2021Q4,inflation_yoy,call,True,-0.03916675945031889,1.5209842683373767,decelerating,accelerating,0.0,0.03916675945031889,False,False
2020-11-30,2020Q4,4,2021Q4,inflation_qoq,call,True,0.008401446201578011,0.5842995135905804,accelerating,accelerating,1.0,0.008401446201578011,False,False
2020-12-31,2020Q4,0,2020Q4,growth_yoy,call,True,-0.9907302411712227,0.4424568580500332,decelerating,accelerating,0.0,0.9907302411712227,True,False
2020-12-31,2020Q4,0,2020Q4,growth_qoq,call,True,-7.069071836923289,-6.62876406444346,decelerating,decelerating,1.0,7.069071836923289,True,False
2020-12-31,2020Q4,0,2020Q4,inflation_yoy,call,True,-0.01992060056130729,0.01919772830204125,decelerating,accelerating,0.0,0.01992060056130729,True,False
2020-12-31,2020Q4,0,2020Q4,inflation_qoq,call,True,-0.460735922847455,-0.42170688054545824,decelerating,decelerating,1.0,0.460735922847455,True,False
2020-12-31,2020Q4,1,2021Q1,growth_yoy,call,True,1.8956118487688522,2.722969418174248,accelerating,accelerating,1.0,1.8956118487688522,True,False
2020-12-31,2020Q4,1,2021Q1,growth_qoq,lean,True,7.1628169284714165,0.2623013503610716,accelerating,accelerating,1.0,7.1628169284714165,True,False
2020-12-31,2020Q4,1,2021Q1,inflation_yoy,call,True,0.3705045850557198,0.6616428622164754,accelerating,accelerating,1.0,0.3705045850557198,True,False
2020-12-31,2020Q4,1,2021Q1,inflation_qoq,call,True,0.044894929638861214,0.293834222115974,accelerating,accelerating,1.0,0.044894929638861214,True,False
2020-12-31,2020Q4,2,2021Q2,growth_yoy,call,True,9.158683529785073,10.58491513298201,accelerating,accelerating,1.0,9.158683529785073,True,False
2020-12-31,2020Q4,2,2021Q2,growth_qoq,abstain,False,,0.3060748183366657,no call,accelerating,,,True,False
2020-12-31,2020Q4,2,2021Q2,inflation_yoy,call,True,1.593126105668929,2.878495850081027,accelerating,accelerating,1.0,1.593126105668929,True,False
2020-12-31,2020Q4,2,2021Q2,inflation_qoq,call,True,-0.1494725675538655,0.8077668412147521,decelerating,accelerating,0.0,0.1494725675538655,True,False
2020-12-31,2020Q4,3,2021Q3,growth_yoy,call,True,-7.225072419751033,-7.234858314338922,decelerating,decelerating,1.0,7.225072419751033,False,False
2020-12-31,2020Q4,3,2021Q3,growth_qoq,abstain,False,,-0.8768384094501869,no call,decelerating,,,False,False
2020-12-31,2020Q4,3,2021Q3,inflation_yoy,call,True,-0.5696705784316465,0.46714448295804534,decelerating,accelerating,0.0,0.5696705784316465,False,False
2020-12-31,2020Q4,3,2021Q3,inflation_qoq,call,True,0.0067419813084113045,-0.22949742215143676,accelerating,decelerating,0.0,0.0067419813084113045,False,False
2020-12-31,2020Q4,4,2021Q4,growth_yoy,call,True,0.945675963876047,0.6053681970414448,accelerating,accelerating,1.0,0.945675963876047,False,False
2020-12-31,2020Q4,4,2021Q4,growth_qoq,abstain,False,,0.8907022931446518,no call,accelerating,,,False,False
2020-12-31,2020Q4,4,2021Q4,inflation_yoy,call,True,-0.08980926398553324,1.5209842683373767,decelerating,accelerating,0.0,0.08980926398553324,False,False
2020-12-31,2020Q4,4,2021Q4,inflation_qoq,call,True,0.009825853283307318,0.5842995135905804,accelerating,accelerating,1.0,0.009825853283307318,False,False
2021-01-31,2021Q1,0,2021Q1,growth_yoy,call,True,1.1423523085819953,2.722969418174248,accelerating,accelerating,1.0,1.1423523085819953,True,False
2021-01-31,2021Q1,0,2021Q1,growth_qoq,call,True,-0.5762397984081923,0.2623013503610716,decelerating,accelerating,0.0,0.5762397984081923,True,False
2021-01-31,2021Q1,0,2021Q1,inflation_yoy,call,True,0.5369414546498419,0.6616428622164754,accelerating,accelerating,1.0,0.5369414546498419,True,False
2021-01-31,2021Q1,0,2021Q1,inflation_qoq,call,True,0.17057554965076438,0.293834222115974,accelerating,accelerating,1.0,0.17057554965076438,True,False
2021-01-31,2021Q1,1,2021Q2,growth_yoy,call,True,9.245274051909004,10.58491513298201,accelerating,accelerating,1.0,9.245274051909004,True,False
2021-01-31,2021Q1,1,2021Q2,growth_qoq,lean,True,0.511963854394748,0.3060748183366657,accelerating,accelerating,1.0,0.511963854394748,True,False
2021-01-31,2021Q1,1,2021Q2,inflation_yoy,call,True,1.6177638938248047,2.878495850081027,accelerating,accelerating,1.0,1.6177638938248047,True,False
2021-01-31,2021Q1,1,2021Q2,inflation_qoq,call,True,-0.2933254249944284,0.8077668412147521,decelerating,accelerating,0.0,0.2933254249944284,True,False
2021-01-31,2021Q1,2,2021Q3,growth_yoy,call,True,-7.253583752199799,-7.234858314338922,decelerating,decelerating,1.0,7.253583752199799,False,False
2021-01-31,2021Q1,2,2021Q3,growth_qoq,abstain,False,,-0.8768384094501869,no call,decelerating,,,False,False
2021-01-31,2021Q1,2,2021Q3,inflation_yoy,call,True,-0.5710497197161617,0.46714448295804534,decelerating,accelerating,0.0,0.5710497197161617,False,False
2021-01-31,2021Q1,2,2021Q3,inflation_qoq,call,True,-0.01422124528283053,-0.22949742215143676,decelerating,decelerating,1.0,0.01422124528283053,False,False
2021-01-31,2021Q1,3,2021Q4,growth_yoy,call,True,-0.517422548263835,0.6053681970414448,decelerating,accelerating,0.0,0.517422548263835,False,False
2021-01-31,2021Q1,3,2021Q4,growth_qoq,abstain,False,,0.8907022931446518,no call,accelerating,,,False,False
2021-01-31,2021Q1,3,2021Q4,inflation_yoy,call,True,-0.13093113138581058,1.5209842683373767,decelerating,accelerating,0.0,0.13093113138581058,False,False
2021-01-31,2021Q1,3,2021Q4,inflation_qoq,call,True,0.008666276456925637,0.5842995135905804,accelerating,accelerating,1.0,0.008666276456925637,False,False
2021-01-31,2021Q1,4,2022Q1,growth_yoy,call,True,0.8150759614726777,-1.721597114248663,accelerating,decelerating,0.0,0.8150759614726777,False,False
2021-01-31,2021Q1,4,2022Q1,growth_qoq,abstain,False,,-1.9705537899556202,no call,decelerating,,,False,False
2021-01-31,2021Q1,4,2022Q1,inflation_yoy,call,True,-0.30313821238039385,1.2523121268116801,decelerating,accelerating,0.0,0.30313821238039385,False,False
2021-01-31,2021Q1,4,2022Q1,inflation_qoq,call,True,0.0013487081435226145,0.022695819256424166,accelerating,accelerating,1.0,0.0013487081435226145,False,False
2021-02-28,2021Q1,0,2021Q1,growth_yoy,call,True,2.8483674466426967,2.722969418174248,accelerating,accelerating,1.0,2.8483674466426967,True,False
2021-02-28,2021Q1,0,2021Q1,growth_qoq,call,True,-0.5762397984081923,0.2623013503610716,decelerating,accelerating,0.0,0.5762397984081923,True,False
2021-02-28,2021Q1,0,2021Q1,inflation_yoy,call,True,0.5701447362511658,0.6616428622164754,accelerating,accelerating,1.0,0.5701447362511658,True,False
2021-02-28,2021Q1,0,2021Q1,inflation_qoq,call,True,0.20339323992366598,0.293834222115974,accelerating,accelerating,1.0,0.20339323992366598,True,False
2021-02-28,2021Q1,1,2021Q2,growth_yoy,call,True,9.402653376560632,10.58491513298201,accelerating,accelerating,1.0,9.402653376560632,True,False
2021-02-28,2021Q1,1,2021Q2,growth_qoq,lean,True,0.511963854394748,0.3060748183366657,accelerating,accelerating,1.0,0.511963854394748,True,False
2021-02-28,2021Q1,1,2021Q2,inflation_yoy,call,True,1.6795935178255983,2.878495850081027,accelerating,accelerating,1.0,1.6795935178255983,True,False
2021-02-28,2021Q1,1,2021Q2,inflation_qoq,call,True,-0.26643311285992066,0.8077668412147521,decelerating,accelerating,0.0,0.26643311285992066,True,False
2021-02-28,2021Q1,2,2021Q3,growth_yoy,call,True,-7.377059173892641,-7.234858314338922,decelerating,decelerating,1.0,7.377059173892641,False,False
2021-02-28,2021Q1,2,2021Q3,growth_qoq,abstain,False,,-0.8768384094501869,no call,decelerating,,,False,False
2021-02-28,2021Q1,2,2021Q3,inflation_yoy,call,True,-0.5941303352024878,0.46714448295804534,decelerating,accelerating,0.0,0.5941303352024878,False,False
2021-02-28,2021Q1,2,2021Q3,inflation_qoq,call,True,-0.09598220342359465,-0.22949742215143676,decelerating,decelerating,1.0,0.09598220342359465,False,False
2021-02-28,2021Q1,3,2021Q4,growth_yoy,call,True,-0.5262304657737138,0.6053681970414448,decelerating,accelerating,0.0,0.5262304657737138,False,False
2021-02-28,2021Q1,3,2021Q4,growth_qoq,abstain,False,,0.8907022931446518,no call,accelerating,,,False,False
2021-02-28,2021Q1,3,2021Q4,inflation_yoy,call,True,-0.15555459305021113,1.5209842683373767,decelerating,accelerating,0.0,0.15555459305021113,False,False
2021-02-28,2021Q1,3,2021Q4,inflation_qoq,call,True,0.006702636261013417,0.5842995135905804,accelerating,accelerating,1.0,0.006702636261013417,False,False
2021-02-28,2021Q1,4,2022Q1,growth_yoy,call,True,-0.9160351620369545,-1.721597114248663,decelerating,decelerating,1.0,0.9160351620369545,False,False
2021-02-28,2021Q1,4,2022Q1,growth_qoq,abstain,False,,-1.9705537899556202,no call,decelerating,,,False,False
2021-02-28,2021Q1,4,2022Q1,inflation_yoy,call,True,-0.3585162479414463,1.2523121268116801,decelerating,accelerating,0.0,0.3585162479414463,False,False
2021-02-28,2021Q1,4,2022Q1,inflation_qoq,call,True,0.003656926353645673,0.022695819256424166,accelerating,accelerating,1.0,0.003656926353645673,False,False
2021-03-31,2021Q1,0,2021Q1,growth_yoy,call,True,2.1384887818464815,2.722969418174248,accelerating,accelerating,1.0,2.1384887818464815,True,False
2021-03-31,2021Q1,0,2021Q1,growth_qoq,call,True,-0.5762397984081923,0.2623013503610716,decelerating,accelerating,0.0,0.5762397984081923,True,False
2021-03-31,2021Q1,0,2021Q1,inflation_yoy,call,True,0.5705215137788544,0.6616428622164754,accelerating,accelerating,1.0,0.5705215137788544,True,False
2021-03-31,2021Q1,0,2021Q1,inflation_qoq,call,True,0.2037653454658006,0.293834222115974,accelerating,accelerating,1.0,0.2037653454658006,True,False
2021-03-31,2021Q1,1,2021Q2,growth_yoy,call,True,9.337167307675443,10.58491513298201,accelerating,accelerating,1.0,9.337167307675443,True,False
2021-03-31,2021Q1,1,2021Q2,growth_qoq,lean,True,0.511963854394748,0.3060748183366657,accelerating,accelerating,1.0,0.511963854394748,True,False
2021-03-31,2021Q1,1,2021Q2,inflation_yoy,call,True,1.703458626868463,2.878495850081027,accelerating,accelerating,1.0,1.703458626868463,True,False
2021-03-31,2021Q1,1,2021Q2,inflation_qoq,call,True,-0.2436030427854341,0.8077668412147521,decelerating,accelerating,0.0,0.2436030427854341,True,False
2021-03-31,2021Q1,2,2021Q3,growth_yoy,call,True,-7.32568063361423,-7.234858314338922,decelerating,decelerating,1.0,7.32568063361423,False,False
2021-03-31,2021Q1,2,2021Q3,growth_qoq,abstain,False,,-0.8768384094501869,no call,decelerating,,,False,False
2021-03-31,2021Q1,2,2021Q3,inflation_yoy,call,True,-0.6055966467944489,0.46714448295804534,decelerating,accelerating,0.0,0.6055966467944489,False,False
2021-03-31,2021Q1,2,2021Q3,inflation_qoq,call,True,-0.13025531442576455,-0.22949742215143676,decelerating,decelerating,1.0,0.13025531442576455,False,False
2021-03-31,2021Q1,3,2021Q4,growth_yoy,call,True,-0.5225654615295561,0.6053681970414448,decelerating,accelerating,0.0,0.5225654615295561,False,False
2021-03-31,2021Q1,3,2021Q4,growth_qoq,abstain,False,,0.8907022931446518,no call,accelerating,,,False,False
2021-03-31,2021Q1,3,2021Q4,inflation_yoy,call,True,-0.16836168324277523,1.5209842683373767,decelerating,accelerating,0.0,0.16836168324277523,False,False
2021-03-31,2021Q1,3,2021Q4,inflation_qoq,call,True,0.005256241349749224,0.5842995135905804,accelerating,accelerating,1.0,0.005256241349749224,False,False
2021-03-31,2021Q1,4,2022Q1,growth_yoy,call,True,-0.19571397287809766,-1.721597114248663,decelerating,decelerating,1.0,0.19571397287809766,False,False
2021-03-31,2021Q1,4,2022Q1,growth_qoq,abstain,False,,-1.9705537899556202,no call,decelerating,,,False,False
2021-03-31,2021Q1,4,2022Q1,inflation_yoy,call,True,-0.37165849340316326,1.2523121268116801,decelerating,accelerating,0.0,0.37165849340316326,False,False
2021-03-31,2021Q1,4,2022Q1,inflation_qoq,call,True,0.003636882358404314,0.022695819256424166,accelerating,accelerating,1.0,0.003636882358404314,False,False
2021-04-30,2021Q2,0,2021Q2,growth_yoy,call,True,9.992472982966861,10.58491513298201,accelerating,accelerating,1.0,9.992472982966861,True,False
2021-04-30,2021Q2,0,2021Q2,growth_qoq,call,True,-1.1207840676887435,0.3060748183366657,decelerating,accelerating,0.0,1.1207840676887435,True,False
2021-04-30,2021Q2,0,2021Q2,inflation_yoy,call,True,1.8275711589371837,2.878495850081027,accelerating,accelerating,1.0,1.8275711589371837,True,False
2021-04-30,2021Q2,0,2021Q2,inflation_qoq,call,True,-0.2143013805158578,0.8077668412147521,decelerating,accelerating,0.0,0.2143013805158578,True,False
2021-04-30,2021Q2,1,2021Q3,growth_yoy,call,True,-7.407833468507464,-7.234858314338922,decelerating,decelerating,1.0,7.407833468507464,False,False
2021-04-30,2021Q2,1,2021Q3,growth_qoq,lean,True,0.7742652047558196,-0.8768384094501869,accelerating,decelerating,0.0,0.7742652047558196,False,False
2021-04-30,2021Q2,1,2021Q3,inflation_yoy,call,True,-0.6314878952767313,0.46714448295804534,decelerating,accelerating,0.0,0.6314878952767313,False,False
2021-04-30,2021Q2,1,2021Q3,inflation_qoq,call,True,-0.2736478346540894,-0.22949742215143676,decelerating,decelerating,1.0,0.2736478346540894,False,False
2021-04-30,2021Q2,2,2021Q4,growth_yoy,call,True,-0.5284256998103531,0.6053681970414448,decelerating,accelerating,0.0,0.5284256998103531,False,False
2021-04-30,2021Q2,2,2021Q4,growth_qoq,abstain,False,,0.8907022931446518,no call,accelerating,,,False,False
2021-04-30,2021Q2,2,2021Q4,inflation_yoy,call,True,-0.19176662673611533,1.5209842683373767,decelerating,accelerating,0.0,0.19176662673611533,False,False
2021-04-30,2021Q2,2,2021Q4,inflation_qoq,call,True,0.006715465936801834,0.5842995135905804,accelerating,accelerating,1.0,0.006715465936801834,False,False
2021-04-30,2021Q2,3,2022Q1,growth_yoy,call,True,-0.7930587216884,-1.721597114248663,decelerating,decelerating,1.0,0.7930587216884,False,False
2021-04-30,2021Q2,3,2022Q1,growth_qoq,abstain,False,,-1.9705537899556202,no call,decelerating,,,False,False
2021-04-30,2021Q2,3,2022Q1,inflation_yoy,call,True,-0.48300331594624746,1.2523121268116801,decelerating,accelerating,0.0,0.48300331594624746,False,False
2021-04-30,2021Q2,3,2022Q1,inflation_qoq,call,True,0.006738784916504592,0.022695819256424166,accelerating,accelerating,1.0,0.006738784916504592,False,False
2021-04-30,2021Q2,4,2022Q2,growth_yoy,call,True,-0.5544284896348506,-1.5807891475521307,decelerating,decelerating,1.0,0.5544284896348506,False,False
2021-04-30,2021Q2,4,2022Q2,growth_qoq,abstain,False,,0.41134562930517093,no call,accelerating,,,False,False
2021-04-30,2021Q2,4,2022Q2,inflation_yoy,call,True,-0.258317936564767,0.5603312033418621,decelerating,accelerating,0.0,0.258317936564767,False,False
2021-04-30,2021Q2,4,2022Q2,inflation_qoq,call,True,0.006719400052768165,0.15104928952840435,accelerating,accelerating,1.0,0.006719400052768165,False,False
2021-05-31,2021Q2,0,2021Q2,growth_yoy,call,True,11.13399125928587,10.58491513298201,accelerating,accelerating,1.0,11.13399125928587,True,False
2021-05-31,2021Q2,0,2021Q2,growth_qoq,call,True,-1.1207840676887435,0.3060748183366657,decelerating,accelerating,0.0,1.1207840676887435,True,False
2021-05-31,2021Q2,0,2021Q2,inflation_yoy,call,True,2.3414840383302398,2.878495850081027,accelerating,accelerating,1.0,2.3414840383302398,True,False
2021-05-31,2021Q2,0,2021Q2,inflation_qoq,call,True,0.28511584421835323,0.8077668412147521,accelerating,accelerating,1.0,0.28511584421835323,True,False
2021-05-31,2021Q2,1,2021Q3,growth_yoy,call,True,-7.483474699260828,-7.234858314338922,decelerating,decelerating,1.0,7.483474699260828,False,False
2021-05-31,2021Q2,1,2021Q3,growth_qoq,lean,True,0.7742652047558196,-0.8768384094501869,accelerating,decelerating,0.0,0.7742652047558196,False,False
2021-05-31,2021Q2,1,2021Q3,inflation_yoy,call,True,-0.668361085438403,0.46714448295804534,decelerating,accelerating,0.0,0.668361085438403,False,False
2021-05-31,2021Q2,1,2021Q3,inflation_qoq,call,True,-0.8058851480475138,-0.22949742215143676,decelerating,decelerating,1.0,0.8058851480475138,False,False
2021-05-31,2021Q2,2,2021Q4,growth_yoy,call,True,-0.533821443446536,0.6053681970414448,decelerating,accelerating,0.0,0.533821443446536,False,False
2021-05-31,2021Q2,2,2021Q4,growth_qoq,abstain,False,,0.8907022931446518,no call,accelerating,,,False,False
2021-05-31,2021Q2,2,2021Q4,inflation_yoy,call,True,-0.2768825262782957,1.5209842683373767,decelerating,accelerating,0.0,0.2768825262782957,False,False
2021-05-31,2021Q2,2,2021Q4,inflation_qoq,call,True,-0.04237315861490565,0.5842995135905804,decelerating,accelerating,0.0,0.04237315861490565,False,False
2021-05-31,2021Q2,3,2022Q1,growth_yoy,call,True,-0.801156627509747,-1.721597114248663,decelerating,decelerating,1.0,0.801156627509747,False,False
2021-05-31,2021Q2,3,2022Q1,growth_qoq,abstain,False,,-1.9705537899556202,no call,decelerating,,,False,False
2021-05-31,2021Q2,3,2022Q1,inflation_yoy,call,True,-0.5627576664865019,1.2523121268116801,decelerating,accelerating,0.0,0.5627576664865019,False,False
2021-05-31,2021Q2,3,2022Q1,inflation_qoq,call,True,0.01244983570400926,0.022695819256424166,accelerating,accelerating,1.0,0.01244983570400926,False,False
2021-05-31,2021Q2,4,2022Q2,growth_yoy,call,True,-1.6068118857429647,-1.5807891475521307,decelerating,decelerating,1.0,1.6068118857429647,False,False
2021-05-31,2021Q2,4,2022Q2,growth_qoq,abstain,False,,0.41134562930517093,no call,accelerating,,,False,False
2021-05-31,2021Q2,4,2022Q2,inflation_yoy,call,True,-0.8056994195482521,0.5603312033418621,decelerating,accelerating,0.0,0.8056994195482521,False,False
2021-05-31,2021Q2,4,2022Q2,inflation_qoq,call,True,0.04214085588314376,0.15104928952840435,accelerating,accelerating,1.0,0.04214085588314376,False,False
2021-06-30,2021Q2,0,2021Q2,growth_yoy,call,True,11.281786538234305,10.58491513298201,accelerating,accelerating,1.0,11.281786538234305,True,False
2021-06-30,2021Q2,0,2021Q2,growth_qoq,call,True,-1.1207840676887435,0.3060748183366657,decelerating,accelerating,0.0,1.1207840676887435,True,False
2021-06-30,2021Q2,0,2021Q2,inflation_yoy,call,True,2.6800919880106244,2.878495850081027,accelerating,accelerating,1.0,2.6800919880106244,True,False
2021-06-30,2021Q2,0,2021Q2,inflation_qoq,call,True,0.6144033986844821,0.8077668412147521,accelerating,accelerating,1.0,0.6144033986844821,True,False
2021-06-30,2021Q2,1,2021Q3,growth_yoy,call,True,-7.493268162082311,-7.234858314338922,decelerating,decelerating,1.0,7.493268162082311,False,False
2021-06-30,2021Q2,1,2021Q3,growth_qoq,lean,True,0.7742652047558196,-0.8768384094501869,accelerating,decelerating,0.0,0.7742652047558196,False,False
2021-06-30,2021Q2,1,2021Q3,inflation_yoy,call,True,-0.4004407951389899,0.46714448295804534,decelerating,accelerating,0.0,0.4004407951389899,False,False
2021-06-30,2021Q2,1,2021Q3,inflation_qoq,call,True,-0.8742179172884557,-0.22949742215143676,decelerating,decelerating,1.0,0.8742179172884557,False,False
2021-06-30,2021Q2,2,2021Q4,growth_yoy,call,True,-0.5345200441193132,0.6053681970414448,decelerating,accelerating,0.0,0.5345200441193132,False,False
2021-06-30,2021Q2,2,2021Q4,growth_qoq,abstain,False,,0.8907022931446518,no call,accelerating,,,False,False
2021-06-30,2021Q2,2,2021Q4,inflation_yoy,call,True,-0.2891786933947764,1.5209842683373767,decelerating,accelerating,0.0,0.2891786933947764,False,False
2021-06-30,2021Q2,2,2021Q4,inflation_qoq,call,True,-0.31364928906685297,0.5842995135905804,decelerating,accelerating,0.0,0.31364928906685297,False,False
2021-06-30,2021Q2,3,2022Q1,growth_yoy,call,True,-0.8022050840037043,-1.721597114248663,decelerating,decelerating,1.0,0.8022050840037043,False,False
2021-06-30,2021Q2,3,2022Q1,growth_qoq,abstain,False,,-1.9705537899556202,no call,decelerating,,,False,False
2021-06-30,2021Q2,3,2022Q1,inflation_yoy,call,True,-0.5755755205074942,1.2523121268116801,decelerating,accelerating,0.0,0.5755755205074942,False,False
2021-06-30,2021Q2,3,2022Q1,inflation_qoq,call,True,0.01345741448306459,0.022695819256424166,accelerating,accelerating,1.0,0.01345741448306459,False,False
2021-06-30,2021Q2,4,2022Q2,growth_yoy,call,True,-1.743066644703184,-1.5807891475521307,decelerating,decelerating,1.0,1.743066644703184,False,False
2021-06-30,2021Q2,4,2022Q2,growth_qoq,abstain,False,,0.41134562930517093,no call,accelerating,,,False,False
2021-06-30,2021Q2,4,2022Q2,inflation_yoy,call,True,-1.1218032598148802,0.5603312033418621,decelerating,accelerating,0.0,1.1218032598148802,False,False
2021-06-30,2021Q2,4,2022Q2,inflation_qoq,call,True,0.07080991736503339,0.15104928952840435,accelerating,accelerating,1.0,0.07080991736503339,False,False
2021-07-31,2021Q3,0,2021Q3,growth_yoy,call,True,-6.378126100590432,-7.234858314338922,decelerating,decelerating,1.0,6.378126100590432,False,True
2021-07-31,2021Q3,0,2021Q3,growth_qoq,call,True,-1.8166013159355157,-0.8768384094501869,decelerating,decelerating,1.0,1.8166013159355157,False,True
2021-07-31,2021Q3,0,2021Q3,inflation_yoy,call,True,-0.012331829492161717,0.46714448295804534,decelerating,accelerating,0.0,0.012331829492161717,False,True
2021-07-31,2021Q3,0,2021Q3,inflation_qoq,call,True,-0.6927468330941933,-0.22949742215143676,decelerating,decelerating,1.0,0.6927468330941933,False,True
2021-07-31,2021Q3,1,2021Q4,growth_yoy,call,True,-0.5340625514283381,0.6053681970414448,decelerating,accelerating,0.0,0.5340625514283381,False,True
2021-07-31,2021Q3,1,2021Q4,growth_qoq,lean,True,1.077883525248613,0.8907022931446518,accelerating,accelerating,1.0,1.077883525248613,False,True
2021-07-31,2021Q3,1,2021Q4,inflation_yoy,call,True,-0.25435348323560003,1.5209842683373767,decelerating,accelerating,0.0,0.25435348323560003,False,True
2021-07-31,2021Q3,1,2021Q4,inflation_qoq,call,True,-0.6534494891623055,0.5842995135905804,decelerating,accelerating,0.0,0.6534494891623055,False,True
2021-07-31,2021Q3,2,2022Q1,growth_yoy,call,True,-0.8028472333587944,-1.721597114248663,decelerating,decelerating,1.0,0.8028472333587944,False,True
2021-07-31,2021Q3,2,2022Q1,growth_qoq,abstain,False,,-1.9705537899556202,no call,decelerating,,,False,True
2021-07-31,2021Q3,2,2022Q1,inflation_yoy,call,True,-0.5505515682448396,1.2523121268116801,decelerating,accelerating,0.0,0.5505515682448396,False,True
2021-07-31,2021Q3,2,2022Q1,inflation_qoq,call,True,0.005934475381219606,0.022695819256424166,accelerating,accelerating,1.0,0.005934475381219606,False,True
2021-07-31,2021Q3,3,2022Q2,growth_yoy,call,True,-1.109347623000212,-1.5807891475521307,decelerating,decelerating,1.0,1.109347623000212,False,True
2021-07-31,2021Q3,3,2022Q2,growth_qoq,abstain,False,,0.41134562930517093,no call,accelerating,,,False,True
2021-07-31,2021Q3,3,2022Q2,inflation_yoy,call,True,-1.3047480842995447,0.5603312033418621,decelerating,accelerating,0.0,1.3047480842995447,False,True
2021-07-31,2021Q3,3,2022Q2,inflation_qoq,call,True,0.060398713938192294,0.15104928952840435,accelerating,accelerating,1.0,0.060398713938192294,False,True
2021-07-31,2021Q3,4,2022Q3,growth_yoy,call,True,-1.0417943014308317,-0.10481966623026029,decelerating,decelerating,1.0,1.0417943014308317,False,True
2021-07-31,2021Q3,4,2022Q3,growth_qoq,abstain,False,,0.5653525523656278,no call,accelerating,,,False,True
2021-07-31,2021Q3,4,2022Q3,inflation_yoy,call,True,-0.5146338655570792,-0.29067342238344906,decelerating,decelerating,1.0,0.5146338655570792,False,True
2021-07-31,2021Q3,4,2022Q3,inflation_qoq,call,True,0.0829923809797295,-1.032061112174576,accelerating,decelerating,0.0,0.0829923809797295,False,True
2021-08-31,2021Q3,0,2021Q3,growth_yoy,call,True,-7.531455343257566,-7.234858314338922,decelerating,decelerating,1.0,7.531455343257566,False,True
2021-08-31,2021Q3,0,2021Q3,growth_qoq,call,True,-1.8166013159355157,-0.8768384094501869,decelerating,decelerating,1.0,1.8166013159355157,False,True
2021-08-31,2021Q3,0,2021Q3,inflation_yoy,call,True,0.208622973505598,0.46714448295804534,accelerating,accelerating,1.0,0.208622973505598,False,True
2021-08-31,2021Q3,0,2021Q3,inflation_qoq,call,True,-0.4795991914997355,-0.22949742215143676,decelerating,decelerating,1.0,0.4795991914997355,False,True
2021-08-31,2021Q3,1,2021Q4,growth_yoy,call,True,-0.5282521162524034,0.6053681970414448,decelerating,accelerating,0.0,0.5282521162524034,False,True
2021-08-31,2021Q3,1,2021Q4,growth_qoq,lean,True,1.077883525248613,0.8907022931446518,accelerating,accelerating,1.0,1.077883525248613,False,True
2021-08-31,2021Q3,1,2021Q4,inflation_yoy,call,True,-0.26894854300623106,1.5209842683373767,decelerating,accelerating,0.0,0.26894854300623106,False,True
2021-08-31,2021Q3,1,2021Q4,inflation_qoq,call,True,-0.8799158538912,0.5842995135905804,decelerating,accelerating,0.0,0.8799158538912,False,True
2021-08-31,2021Q3,2,2022Q1,growth_yoy,call,True,-0.7941125040782371,-1.721597114248663,decelerating,decelerating,1.0,0.7941125040782371,False,True
2021-08-31,2021Q3,2,2022Q1,growth_qoq,abstain,False,,-1.9705537899556202,no call,decelerating,,,False,True
2021-08-31,2021Q3,2,2022Q1,inflation_yoy,call,True,-0.5000703304325933,1.2523121268116801,decelerating,accelerating,0.0,0.5000703304325933,False,True
2021-08-31,2021Q3,2,2022Q1,inflation_qoq,call,True,0.06900196732222419,0.022695819256424166,accelerating,accelerating,1.0,0.06900196732222419,False,True
2021-08-31,2021Q3,3,2022Q2,growth_yoy,call,True,-1.0972782643946077,-1.5807891475521307,decelerating,decelerating,1.0,1.0972782643946077,False,True
2021-08-31,2021Q3,3,2022Q2,growth_qoq,abstain,False,,0.41134562930517093,no call,accelerating,,,False,True
2021-08-31,2021Q3,3,2022Q2,inflation_yoy,call,True,-1.2718149463253114,0.5603312033418621,decelerating,accelerating,0.0,1.2718149463253114,False,True
2021-08-31,2021Q3,3,2022Q2,inflation_qoq,call,True,0.045963086575984136,0.15104928952840435,accelerating,accelerating,1.0,0.045963086575984136,False,True
2021-08-31,2021Q3,4,2022Q3,growth_yoy,call,True,0.08492041817418361,-0.10481966623026029,accelerating,decelerating,0.0,0.08492041817418361,False,True
2021-08-31,2021Q3,4,2022Q3,growth_qoq,abstain,False,,0.5653525523656278,no call,accelerating,,,False,True
2021-08-31,2021Q3,4,2022Q3,inflation_yoy,call,True,-0.6873371198762599,-0.29067342238344906,decelerating,decelerating,1.0,0.6873371198762599,False,True
2021-08-31,2021Q3,4,2022Q3,inflation_qoq,call,True,0.0911813767629166,-1.032061112174576,accelerating,decelerating,0.0,0.0911813767629166,False,True
2021-09-30,2021Q3,0,2021Q3,growth_yoy,call,True,-7.320545991414763,-7.234858314338922,decelerating,decelerating,1.0,7.320545991414763,False,True
2021-09-30,2021Q3,0,2021Q3,growth_qoq,call,True,-1.8166013159355157,-0.8768384094501869,decelerating,decelerating,1.0,1.8166013159355157,False,True
2021-09-30,2021Q3,0,2021Q3,inflation_yoy,call,True,0.4009565037813134,0.46714448295804534,accelerating,accelerating,1.0,0.4009565037813134,False,True
2021-09-30,2021Q3,0,2021Q3,inflation_qoq,call,True,-0.29357731290569067,-0.22949742215143676,decelerating,decelerating,1.0,0.29357731290569067,False,True
2021-09-30,2021Q3,1,2021Q4,growth_yoy,call,True,-0.5293146707004537,0.6053681970414448,decelerating,accelerating,0.0,0.5293146707004537,False,True
2021-09-30,2021Q3,1,2021Q4,growth_qoq,lean,True,1.077883525248613,0.8907022931446518,accelerating,accelerating,1.0,1.077883525248613,False,True
2021-09-30,2021Q3,1,2021Q4,inflation_yoy,call,True,-0.05413973510534387,1.5209842683373767,decelerating,accelerating,0.0,0.05413973510534387,False,True
2021-09-30,2021Q3,1,2021Q4,inflation_qoq,call,True,-0.8601223653862622,0.5842995135905804,decelerating,accelerating,0.0,0.8601223653862622,False,True
2021-09-30,2021Q3,2,2022Q1,growth_yoy,call,True,-0.7957098242734828,-1.721597114248663,decelerating,decelerating,1.0,0.7957098242734828,False,True
2021-09-30,2021Q3,2,2022Q1,growth_qoq,abstain,False,,-1.9705537899556202,no call,decelerating,,,False,True
2021-09-30,2021Q3,2,2022Q1,inflation_yoy,call,True,-0.48366864942670507,1.2523121268116801,decelerating,accelerating,0.0,0.48366864942670507,False,True
2021-09-30,2021Q3,2,2022Q1,inflation_qoq,call,True,-0.11918452425279114,0.022695819256424166,decelerating,accelerating,0.0,0.11918452425279114,False,True
2021-09-30,2021Q3,3,2022Q2,growth_yoy,call,True,-1.0994853883506073,-1.5807891475521307,decelerating,decelerating,1.0,1.0994853883506073,False,True
2021-09-30,2021Q3,3,2022Q2,growth_qoq,abstain,False,,0.41134562930517093,no call,accelerating,,,False,True
2021-09-30,2021Q3,3,2022Q2,inflation_yoy,call,True,-1.267965617161345,0.5603312033418621,decelerating,accelerating,0.0,1.267965617161345,False,True
2021-09-30,2021Q3,3,2022Q2,inflation_qoq,call,True,0.03709270869114434,0.15104928952840435,accelerating,accelerating,1.0,0.03709270869114434,False,True
2021-09-30,2021Q3,4,2022Q3,growth_yoy,call,True,-0.12112193506930158,-0.10481966623026029,decelerating,decelerating,1.0,0.12112193506930158,False,True
2021-09-30,2021Q3,4,2022Q3,growth_qoq,abstain,False,,0.5653525523656278,no call,accelerating,,,False,True
2021-09-30,2021Q3,4,2022Q3,inflation_yoy,call,True,-0.8732760600008422,-0.29067342238344906,decelerating,decelerating,1.0,0.8732760600008422,False,True
2021-09-30,2021Q3,4,2022Q3,inflation_qoq,call,True,0.08723891040562926,-1.032061112174576,accelerating,decelerating,0.0,0.08723891040562926,False,True
2021-10-31,2021Q4,0,2021Q4,growth_yoy,call,True,0.1879685982723034,0.6053681970414448,accelerating,accelerating,1.0,0.1879685982723034,False,True
2021-10-31,2021Q4,0,2021Q4,growth_qoq,call,True,-0.16764564004147636,0.8907022931446518,decelerating,accelerating,0.0,0.16764564004147636,False,True
2021-10-31,2021Q4,0,2021Q4,inflation_yoy,call,True,0.3513519768019089,1.5209842683373767,accelerating,accelerating,1.0,0.3513519768019089,False,True
2021-10-31,2021Q4,0,2021Q4,inflation_qoq,call,True,-0.5361934357319464,0.5842995135905804,decelerating,accelerating,0.0,0.5361934357319464,False,True
2021-10-31,2021Q4,1,2022Q1,growth_yoy,call,True,-0.7716004614352068,-1.721597114248663,decelerating,decelerating,1.0,0.7716004614352068,False,True
2021-10-31,2021Q4,1,2022Q1,growth_qoq,lean,True,0.17195489367205496,-1.9705537899556202,accelerating,decelerating,0.0,0.17195489367205496,False,True
2021-10-31,2021Q4,1,2022Q1,inflation_yoy,call,True,-0.41065268423604184,1.2523121268116801,decelerating,accelerating,0.0,0.41065268423604184,False,True
2021-10-31,2021Q4,1,2022Q1,inflation_qoq,call,True,-0.43535508410841306,0.022695819256424166,decelerating,accelerating,0.0,0.43535508410841306,False,True
2021-10-31,2021Q4,2,2022Q2,growth_yoy,call,True,-1.0783413741929149,-1.5807891475521307,decelerating,decelerating,1.0,1.0783413741929149,False,True
2021-10-31,2021Q4,2,2022Q2,growth_qoq,abstain,False,,0.41134562930517093,no call,accelerating,,,False,True
2021-10-31,2021Q4,2,2022Q2,inflation_yoy,call,True,-1.2444625754817857,0.5603312033418621,decelerating,accelerating,0.0,1.2444625754817857,False,True
2021-10-31,2021Q4,2,2022Q2,inflation_qoq,call,True,-0.005618127040030174,0.15104928952840435,decelerating,accelerating,0.0,0.005618127040030174,False,True
2021-10-31,2021Q4,3,2022Q3,growth_yoy,call,True,-0.17649791977671914,-0.10481966623026029,decelerating,decelerating,1.0,0.17649791977671914,False,True
2021-10-31,2021Q4,3,2022Q3,growth_qoq,abstain,False,,0.5653525523656278,no call,accelerating,,,False,True
2021-10-31,2021Q4,3,2022Q3,inflation_yoy,call,True,-0.9380453628551342,-0.29067342238344906,decelerating,decelerating,1.0,0.9380453628551342,False,True
2021-10-31,2021Q4,3,2022Q3,inflation_qoq,call,True,0.0627433667724775,-1.032061112174576,accelerating,decelerating,0.0,0.0627433667724775,False,True
2021-10-31,2021Q4,4,2022Q4,growth_yoy,call,True,-0.6742441058582793,-1.0318989819385838,decelerating,decelerating,1.0,0.6742441058582793,False,True
2021-10-31,2021Q4,4,2022Q4,growth_qoq,abstain,False,,-0.03165916584768613,no call,decelerating,,,False,True
2021-10-31,2021Q4,4,2022Q4,inflation_yoy,call,True,-0.3409236864543006,-1.1969973285968667,decelerating,decelerating,1.0,0.3409236864543006,False,True
2021-10-31,2021Q4,4,2022Q4,inflation_qoq,call,True,0.04409401071945318,-0.27407712721885247,accelerating,decelerating,0.0,0.04409401071945318,False,True
2021-11-30,2021Q4,0,2021Q4,growth_yoy,call,True,-0.13181569425004813,0.6053681970414448,decelerating,accelerating,0.0,0.13181569425004813,False,True
2021-11-30,2021Q4,0,2021Q4,growth_qoq,call,True,-0.16764564004147636,0.8907022931446518,decelerating,accelerating,0.0,0.16764564004147636,False,True
2021-11-30,2021Q4,0,2021Q4,inflation_yoy,call,True,0.8526871657509609,1.5209842683373767,accelerating,accelerating,1.0,0.8526871657509609,False,True
2021-11-30,2021Q4,0,2021Q4,inflation_qoq,call,True,-0.056559843743864135,0.5842995135905804,decelerating,accelerating,0.0,0.056559843743864135,False,True
2021-11-30,2021Q4,1,2022Q1,growth_yoy,call,True,-0.7692580600079157,-1.721597114248663,decelerating,decelerating,1.0,0.7692580600079157,False,True
2021-11-30,2021Q4,1,2022Q1,growth_qoq,lean,True,0.17195489367205496,-1.9705537899556202,accelerating,decelerating,0.0,0.17195489367205496,False,True
2021-11-30,2021Q4,1,2022Q1,inflation_yoy,call,True,-0.4333767823085033,1.2523121268116801,decelerating,accelerating,0.0,0.4333767823085033,False,True
2021-11-30,2021Q4,1,2022Q1,inflation_qoq,call,True,-0.9346019046187592,0.022695819256424166,decelerating,accelerating,0.0,0.9346019046187592,False,True
2021-11-30,2021Q4,2,2022Q2,growth_yoy,call,True,-1.0750677779468365,-1.5807891475521307,decelerating,decelerating,1.0,1.0750677779468365,False,True
2021-11-30,2021Q4,2,2022Q2,growth_qoq,abstain,False,,0.41134562930517093,no call,accelerating,,,False,True
2021-11-30,2021Q4,2,2022Q2,inflation_yoy,call,True,-1.224176261475951,0.5603312033418621,decelerating,accelerating,0.0,1.224176261475951,False,True
2021-11-30,2021Q4,2,2022Q2,inflation_qoq,call,True,0.03897861746442466,0.15104928952840435,accelerating,accelerating,1.0,0.03897861746442466,False,True
2021-11-30,2021Q4,3,2022Q3,growth_yoy,call,True,-0.17596211271091455,-0.10481966623026029,decelerating,decelerating,1.0,0.17596211271091455,False,True
2021-11-30,2021Q4,3,2022Q3,growth_qoq,abstain,False,,0.5653525523656278,no call,accelerating,,,False,True
2021-11-30,2021Q4,3,2022Q3,inflation_yoy,call,True,-0.9512690286201204,-0.29067342238344906,decelerating,decelerating,1.0,0.9512690286201204,False,True
2021-11-30,2021Q4,3,2022Q3,inflation_qoq,call,True,0.029239402987490948,-1.032061112174576,accelerating,decelerating,0.0,0.029239402987490948,False,True
2021-11-30,2021Q4,4,2022Q4,growth_yoy,call,True,-0.3606116180751018,-1.0318989819385838,decelerating,decelerating,1.0,0.3606116180751018,False,True
2021-11-30,2021Q4,4,2022Q4,growth_qoq,abstain,False,,-0.03165916584768613,no call,decelerating,,,False,True
2021-11-30,2021Q4,4,2022Q4,inflation_yoy,call,True,-0.8544544727482632,-1.1969973285968667,decelerating,decelerating,1.0,0.8544544727482632,False,True
2021-11-30,2021Q4,4,2022Q4,inflation_qoq,call,True,0.028507875586791798,-0.27407712721885247,accelerating,decelerating,0.0,0.028507875586791798,False,True
2021-12-31,2021Q4,0,2021Q4,growth_yoy,call,True,0.40454218287655497,0.6053681970414448,accelerating,accelerating,1.0,0.40454218287655497,False,True
2021-12-31,2021Q4,0,2021Q4,growth_qoq,call,True,-0.16764564004147636,0.8907022931446518,decelerating,accelerating,0.0,0.16764564004147636,False,True
2021-12-31,2021Q4,0,2021Q4,inflation_yoy,call,True,1.3008635614133235,1.5209842683373767,accelerating,accelerating,1.0,1.3008635614133235,False,True
2021-12-31,2021Q4,0,2021Q4,inflation_qoq,call,True,0.3728799441916619,0.5842995135905804,accelerating,accelerating,1.0,0.3728799441916619,False,True
2021-12-31,2021Q4,1,2022Q1,growth_yoy,call,True,-0.7731868504029071,-1.721597114248663,decelerating,decelerating,1.0,0.7731868504029071,False,True
2021-12-31,2021Q4,1,2022Q1,growth_qoq,lean,True,0.17195489367205496,-1.9705537899556202,accelerating,decelerating,0.0,0.17195489367205496,False,True
2021-12-31,2021Q4,1,2022Q1,inflation_yoy,call,True,-0.3141259258309841,1.2523121268116801,decelerating,accelerating,0.0,0.3141259258309841,False,True
2021-12-31,2021Q4,1,2022Q1,inflation_qoq,call,True,-1.2497489517600435,0.022695819256424166,decelerating,accelerating,0.0,1.2497489517600435,False,True
2021-12-31,2021Q4,2,2022Q2,growth_yoy,call,True,-1.080558413897914,-1.5807891475521307,decelerating,decelerating,1.0,1.080558413897914,False,True
2021-12-31,2021Q4,2,2022Q2,growth_qoq,abstain,False,,0.41134562930517093,no call,accelerating,,,False,True
2021-12-31,2021Q4,2,2022Q2,inflation_yoy,call,True,-1.1935740710876228,0.5603312033418621,decelerating,accelerating,0.0,1.1935740710876228,False,True
2021-12-31,2021Q4,2,2022Q2,inflation_qoq,call,True,-0.039684072309320584,0.15104928952840435,decelerating,accelerating,0.0,0.039684072309320584,False,True
2021-12-31,2021Q4,3,2022Q3,growth_yoy,call,True,-0.17686079456327164,-0.10481966623026029,decelerating,decelerating,1.0,0.17686079456327164,False,True
2021-12-31,2021Q4,3,2022Q3,growth_qoq,abstain,False,,0.5653525523656278,no call,accelerating,,,False,True
2021-12-31,2021Q4,3,2022Q3,inflation_yoy,call,True,-0.9440399087894402,-0.29067342238344906,decelerating,decelerating,1.0,0.9440399087894402,False,True
2021-12-31,2021Q4,3,2022Q3,inflation_qoq,call,True,0.0058277559901620535,-1.032061112174576,accelerating,decelerating,0.0,0.0058277559901620535,False,True
2021-12-31,2021Q4,4,2022Q4,growth_yoy,call,True,-0.8866513870032566,-1.0318989819385838,decelerating,decelerating,1.0,0.8866513870032566,False,True
2021-12-31,2021Q4,4,2022Q4,growth_qoq,abstain,False,,-0.03165916584768613,no call,decelerating,,,False,True
2021-12-31,2021Q4,4,2022Q4,inflation_yoy,call,True,-1.2995406814155706,-1.1969973285968667,decelerating,decelerating,1.0,1.2995406814155706,False,True
2021-12-31,2021Q4,4,2022Q4,inflation_qoq,call,True,0.009984518642958129,-0.27407712721885247,accelerating,decelerating,0.0,0.009984518642958129,False,True
2022-01-31,2022Q1,0,2022Q1,growth_yoy,call,True,1.0095670339713037,-1.721597114248663,accelerating,decelerating,0.0,1.0095670339713037,False,True
2022-01-31,2022Q1,0,2022Q1,growth_qoq,call,True,-0.5300171846800495,-1.9705537899556202,decelerating,decelerating,1.0,0.5300171846800495,False,True
2022-01-31,2022Q1,0,2022Q1,inflation_yoy,call,True,0.5487622126521288,1.2523121268116801,accelerating,accelerating,1.0,0.5487622126521288,False,True
2022-01-31,2022Q1,0,2022Q1,inflation_qoq,call,True,-0.6447801626679128,0.022695819256424166,decelerating,accelerating,0.0,0.6447801626679128,False,True
2022-01-31,2022Q1,1,2022Q2,growth_yoy,call,True,-1.0563599289698855,-1.5807891475521307,decelerating,decelerating,1.0,1.0563599289698855,False,True
2022-01-31,2022Q1,1,2022Q2,growth_qoq,lean,True,1.0201211005006927,0.41134562930517093,accelerating,accelerating,1.0,1.0201211005006927,False,True
2022-01-31,2022Q1,1,2022Q2,inflation_yoy,call,True,-1.1372609286168576,0.5603312033418621,decelerating,accelerating,0.0,1.1372609286168576,False,True
2022-01-31,2022Q1,1,2022Q2,inflation_qoq,call,True,-0.7912165224496892,0.15104928952840435,decelerating,accelerating,0.0,0.7912165224496892,False,True
2022-01-31,2022Q1,2,2022Q3,growth_yoy,call,True,-0.13568832657688823,-0.10481966623026029,decelerating,decelerating,1.0,0.13568832657688823,False,True
2022-01-31,2022Q1,2,2022Q3,growth_qoq,abstain,False,,0.5653525523656278,no call,accelerating,,,False,True
2022-01-31,2022Q1,2,2022Q3,inflation_yoy,call,True,-0.9215096175080157,-0.29067342238344906,decelerating,decelerating,1.0,0.9215096175080157,False,True
2022-01-31,2022Q1,2,2022Q3,inflation_qoq,call,True,-0.02769887697264828,-1.032061112174576,decelerating,decelerating,1.0,0.02769887697264828,False,True
2022-01-31,2022Q1,3,2022Q4,growth_yoy,call,True,-1.0588129320306061,-1.0318989819385838,decelerating,decelerating,1.0,1.0588129320306061,False,True
2022-01-31,2022Q1,3,2022Q4,growth_qoq,abstain,False,,-0.03165916584768613,no call,decelerating,,,False,True
2022-01-31,2022Q1,3,2022Q4,inflation_yoy,call,True,-1.4937534711536067,-1.1969973285968667,decelerating,decelerating,1.0,1.4937534711536067,False,True
2022-01-31,2022Q1,3,2022Q4,inflation_qoq,call,True,0.011270725752465793,-0.27407712721885247,accelerating,decelerating,0.0,0.011270725752465793,False,True
2022-01-31,2022Q1,4,2023Q1,growth_yoy,call,True,-1.7031795013510154,0.9940719464583747,decelerating,accelerating,0.0,1.7031795013510154,False,True
2022-01-31,2022Q1,4,2023Q1,growth_qoq,abstain,False,,0.03361050777510588,no call,accelerating,,,False,True
2022-01-31,2022Q1,4,2023Q1,inflation_yoy,call,True,-0.8225624587067402,-1.3611840658656655,decelerating,decelerating,1.0,0.8225624587067402,False,True
2022-01-31,2022Q1,4,2023Q1,inflation_qoq,call,True,0.005451193315564318,-0.14480020047547004,accelerating,decelerating,0.0,0.005451193315564318,False,True
2022-02-28,2022Q1,0,2022Q1,growth_yoy,call,True,-0.9561874810543269,-1.721597114248663,decelerating,decelerating,1.0,0.9561874810543269,False,True
2022-02-28,2022Q1,0,2022Q1,growth_qoq,call,True,-0.5300171846800495,-1.9705537899556202,decelerating,decelerating,1.0,0.5300171846800495,False,True
2022-02-28,2022Q1,0,2022Q1,inflation_yoy,call,True,0.7815161041186816,1.2523121268116801,accelerating,accelerating,1.0,0.7815161041186816,False,True
2022-02-28,2022Q1,0,2022Q1,inflation_qoq,call,True,-0.4243094251212387,0.022695819256424166,decelerating,accelerating,0.0,0.4243094251212387,False,True
2022-02-28,2022Q1,1,2022Q2,growth_yoy,call,True,-1.036910392266721,-1.5807891475521307,decelerating,decelerating,1.0,1.036910392266721,False,True
2022-02-28,2022Q1,1,2022Q2,growth_qoq,lean,True,1.0201211005006927,0.41134562930517093,accelerating,accelerating,1.0,1.0201211005006927,False,True
2022-02-28,2022Q1,1,2022Q2,inflation_yoy,call,True,-1.006956498647341,0.5603312033418621,decelerating,accelerating,0.0,1.006956498647341,False,True
2022-02-28,2022Q1,1,2022Q2,inflation_qoq,call,True,-0.8861706850965989,0.15104928952840435,decelerating,accelerating,0.0,0.8861706850965989,False,True
2022-02-28,2022Q1,2,2022Q3,growth_yoy,call,True,-0.13319005395637795,-0.10481966623026029,decelerating,decelerating,1.0,0.13319005395637795,False,True
2022-02-28,2022Q1,2,2022Q3,growth_qoq,abstain,False,,0.5653525523656278,no call,accelerating,,,False,True
2022-02-28,2022Q1,2,2022Q3,inflation_yoy,call,True,-0.8717281951135423,-0.29067342238344906,decelerating,decelerating,1.0,0.8717281951135423,False,True
2022-02-28,2022Q1,2,2022Q3,inflation_qoq,call,True,-0.10278498147320292,-1.032061112174576,decelerating,decelerating,1.0,0.10278498147320292,False,True
2022-02-28,2022Q1,3,2022Q4,growth_yoy,call,True,-1.0393182310119986,-1.0318989819385838,decelerating,decelerating,1.0,1.0393182310119986,False,True
2022-02-28,2022Q1,3,2022Q4,growth_qoq,abstain,False,,-0.03165916584768613,no call,decelerating,,,False,True
2022-02-28,2022Q1,3,2022Q4,inflation_yoy,call,True,-1.447436207746411,-1.1969973285968667,decelerating,decelerating,1.0,1.447436207746411,False,True
2022-02-28,2022Q1,3,2022Q4,inflation_qoq,call,True,0.011334341506241685,-0.27407712721885247,accelerating,decelerating,0.0,0.011334341506241685,False,True
2022-02-28,2022Q1,4,2023Q1,growth_yoy,call,True,0.22113250333235523,0.9940719464583747,accelerating,accelerating,1.0,0.22113250333235523,False,True
2022-02-28,2022Q1,4,2023Q1,growth_qoq,abstain,False,,0.03361050777510588,no call,accelerating,,,False,True
2022-02-28,2022Q1,4,2023Q1,inflation_yoy,call,True,-0.998016784718395,-1.3611840658656655,decelerating,decelerating,1.0,0.998016784718395,False,True
2022-02-28,2022Q1,4,2023Q1,inflation_qoq,call,True,0.005642565192265359,-0.14480020047547004,accelerating,decelerating,0.0,0.005642565192265359,False,True
2022-03-31,2022Q1,0,2022Q1,growth_yoy,call,True,-0.6115433646342483,-1.721597114248663,decelerating,decelerating,1.0,0.6115433646342483,False,True
2022-03-31,2022Q1,0,2022Q1,growth_qoq,call,True,-0.5300171846800495,-1.9705537899556202,decelerating,decelerating,1.0,0.5300171846800495,False,True
2022-03-31,2022Q1,0,2022Q1,inflation_yoy,call,True,1.0757638981468096,1.2523121268116801,accelerating,accelerating,1.0,1.0757638981468096,False,True
2022-03-31,2022Q1,0,2022Q1,inflation_qoq,call,True,-0.14510620922307815,0.022695819256424166,decelerating,accelerating,0.0,0.14510620922307815,False,True
2022-03-31,2022Q1,1,2022Q2,growth_yoy,call,True,-1.0403203645397818,-1.5807891475521307,decelerating,decelerating,1.0,1.0403203645397818,False,True
2022-03-31,2022Q1,1,2022Q2,growth_qoq,lean,True,1.0201211005006927,0.41134562930517093,accelerating,accelerating,1.0,1.0201211005006927,False,True
2022-03-31,2022Q1,1,2022Q2,inflation_yoy,call,True,-0.5073690183743897,0.5603312033418621,decelerating,accelerating,0.0,0.5073690183743897,False,True
2022-03-31,2022Q1,1,2022Q2,inflation_qoq,call,True,-0.6918254498890164,0.15104928952840435,decelerating,accelerating,0.0,0.6918254498890164,False,True
2022-03-31,2022Q1,2,2022Q3,growth_yoy,call,True,-0.13362806132366511,-0.10481966623026029,decelerating,decelerating,1.0,0.13362806132366511,False,True
2022-03-31,2022Q1,2,2022Q3,growth_qoq,abstain,False,,0.5653525523656278,no call,accelerating,,,False,True
2022-03-31,2022Q1,2,2022Q3,inflation_yoy,call,True,-0.8242608945135128,-0.29067342238344906,decelerating,decelerating,1.0,0.8242608945135128,False,True
2022-03-31,2022Q1,2,2022Q3,inflation_qoq,call,True,-0.525303836155655,-1.032061112174576,decelerating,decelerating,1.0,0.525303836155655,False,True
2022-03-31,2022Q1,3,2022Q4,growth_yoy,call,True,-1.0427361216774234,-1.0318989819385838,decelerating,decelerating,1.0,1.0427361216774234,False,True
2022-03-31,2022Q1,3,2022Q4,growth_qoq,abstain,False,,-0.03165916584768613,no call,decelerating,,,False,True
2022-03-31,2022Q1,3,2022Q4,inflation_yoy,call,True,-1.4078467318723984,-1.1969973285968667,decelerating,decelerating,1.0,1.4078467318723984,False,True
2022-03-31,2022Q1,3,2022Q4,inflation_qoq,call,True,0.009377295013690556,-0.27407712721885247,accelerating,decelerating,0.0,0.009377295013690556,False,True
2022-03-31,2022Q1,4,2023Q1,growth_yoy,call,True,-0.11624574278195077,0.9940719464583747,decelerating,accelerating,0.0,0.11624574278195077,False,True
2022-03-31,2022Q1,4,2023Q1,growth_qoq,abstain,False,,0.03361050777510588,no call,accelerating,,,False,True
2022-03-31,2022Q1,4,2023Q1,inflation_yoy,call,True,-1.240883303065858,-1.3611840658656655,decelerating,decelerating,1.0,1.240883303065858,False,True
2022-03-31,2022Q1,4,2023Q1,inflation_qoq,call,True,0.0040697662929911615,-0.14480020047547004,accelerating,decelerating,0.0,0.0040697662929911615,False,True
2022-04-30,2022Q2,0,2022Q2,growth_yoy,call,True,-1.1118851724236878,-1.5807891475521307,decelerating,decelerating,1.0,1.1118851724236878,False,True
2022-04-30,2022Q2,0,2022Q2,growth_qoq,call,True,0.6116344370838029,0.41134562930517093,accelerating,accelerating,1.0,0.6116344370838029,False,True
2022-04-30,2022Q2,0,2022Q2,inflation_yoy,call,True,-0.47707054277395766,0.5603312033418621,decelerating,accelerating,0.0,0.47707054277395766,False,True
2022-04-30,2022Q2,0,2022Q2,inflation_qoq,call,True,-0.8311065617000235,0.15104928952840435,decelerating,accelerating,0.0,0.8311065617000235,False,True
2022-04-30,2022Q2,1,2022Q3,growth_yoy,call,True,-0.13211133844470702,-0.10481966623026029,decelerating,decelerating,1.0,0.13211133844470702,False,True
2022-04-30,2022Q2,1,2022Q3,growth_qoq,lean,True,-0.9504326894549275,0.5653525523656278,decelerating,accelerating,0.0,0.9504326894549275,False,True
2022-04-30,2022Q2,1,2022Q3,inflation_yoy,call,True,-0.7904708566846814,-0.29067342238344906,decelerating,decelerating,1.0,0.7904708566846814,False,True
2022-04-30,2022Q2,1,2022Q3,inflation_qoq,call,True,-0.5203040508237722,-1.032061112174576,decelerating,decelerating,1.0,0.5203040508237722,False,True
2022-04-30,2022Q2,2,2022Q4,growth_yoy,call,True,-1.0309007203641585,-1.0318989819385838,decelerating,decelerating,1.0,1.0309007203641585,False,True
2022-04-30,2022Q2,2,2022Q4,growth_qoq,abstain,False,,-0.03165916584768613,no call,decelerating,,,False,True
2022-04-30,2022Q2,2,2022Q4,inflation_yoy,call,True,-1.3561650157635654,-1.1969973285968667,decelerating,decelerating,1.0,1.3561650157635654,False,True
2022-04-30,2022Q2,2,2022Q4,inflation_qoq,call,True,0.02841076571704626,-0.27407712721885247,accelerating,decelerating,0.0,0.02841076571704626,False,True
2022-04-30,2022Q2,3,2023Q1,growth_yoy,call,True,0.9696279080669834,0.9940719464583747,accelerating,accelerating,1.0,0.9696279080669834,False,True
2022-04-30,2022Q2,3,2023Q1,growth_qoq,abstain,False,,0.03361050777510588,no call,accelerating,,,False,True
2022-04-30,2022Q2,3,2023Q1,inflation_yoy,call,True,-1.3602167752435985,-1.3611840658656655,decelerating,decelerating,1.0,1.3602167752435985,False,True
2022-04-30,2022Q2,3,2023Q1,inflation_qoq,call,True,0.0027824117307728713,-0.14480020047547004,accelerating,decelerating,0.0,0.0027824117307728713,False,True
2022-04-30,2022Q2,4,2023Q2,growth_yoy,call,True,0.08239278245716353,0.48146424766009055,accelerating,accelerating,1.0,0.08239278245716353,False,True
2022-04-30,2022Q2,4,2023Q2,growth_qoq,abstain,False,,-0.09597893774455635,no call,decelerating,,,False,True
2022-04-30,2022Q2,4,2023Q2,inflation_yoy,call,True,-0.5037270336098869,-1.683390145160213,decelerating,decelerating,1.0,0.5037270336098869,False,True
2022-04-30,2022Q2,4,2023Q2,inflation_qoq,call,True,0.0021452045855907542,-0.18110641881545764,accelerating,decelerating,0.0,0.0021452045855907542,False,True
2022-05-31,2022Q2,0,2022Q2,growth_yoy,call,True,-0.5824579413810316,-1.5807891475521307,decelerating,decelerating,1.0,0.5824579413810316,False,True
2022-05-31,2022Q2,0,2022Q2,growth_qoq,call,True,0.6116344370838029,0.41134562930517093,accelerating,accelerating,1.0,0.6116344370838029,False,True
2022-05-31,2022Q2,0,2022Q2,inflation_yoy,call,True,-0.11025146797253615,0.5603312033418621,decelerating,accelerating,0.0,0.11025146797253615,False,True
2022-05-31,2022Q2,0,2022Q2,inflation_qoq,call,True,-0.4845878131296333,0.15104928952840435,decelerating,accelerating,0.0,0.4845878131296333,False,True
2022-05-31,2022Q2,1,2022Q3,growth_yoy,call,True,-0.13279091002809107,-0.10481966623026029,decelerating,decelerating,1.0,0.13279091002809107,False,True
2022-05-31,2022Q2,1,2022Q3,growth_qoq,lean,True,-0.9504326894549275,0.5653525523656278,decelerating,accelerating,0.0,0.9504326894549275,False,True
2022-05-31,2022Q2,1,2022Q3,inflation_yoy,call,True,-0.6416690397843325,-0.29067342238344906,decelerating,decelerating,1.0,0.6416690397843325,False,True
2022-05-31,2022Q2,1,2022Q3,inflation_qoq,call,True,-0.7249378969450992,-1.032061112174576,decelerating,decelerating,1.0,0.7249378969450992,False,True
2022-05-31,2022Q2,2,2022Q4,growth_yoy,call,True,-1.0362036023354948,-1.0318989819385838,decelerating,decelerating,1.0,1.0362036023354948,False,True
2022-05-31,2022Q2,2,2022Q4,growth_qoq,abstain,False,,-0.03165916584768613,no call,decelerating,,,False,True
2022-05-31,2022Q2,2,2022Q4,inflation_yoy,call,True,-1.3443893764300885,-1.1969973285968667,decelerating,decelerating,1.0,1.3443893764300885,False,True
2022-05-31,2022Q2,2,2022Q4,inflation_qoq,call,True,-0.09600906709377188,-0.27407712721885247,decelerating,decelerating,1.0,0.09600906709377188,False,True
2022-05-31,2022Q2,3,2023Q1,growth_yoy,call,True,0.9746156069316836,0.9940719464583747,accelerating,accelerating,1.0,0.9746156069316836,False,True
2022-05-31,2022Q2,3,2023Q1,growth_qoq,abstain,False,,0.03361050777510588,no call,accelerating,,,False,True
2022-05-31,2022Q2,3,2023Q1,inflation_yoy,call,True,-1.3528507174071311,-1.3611840658656655,decelerating,decelerating,1.0,1.3528507174071311,False,True
2022-05-31,2022Q2,3,2023Q1,inflation_qoq,call,True,-0.0010109317029050047,-0.14480020047547004,decelerating,decelerating,1.0,0.0010109317029050047,False,True
2022-05-31,2022Q2,4,2023Q2,growth_yoy,call,True,-0.4460396938954947,0.48146424766009055,decelerating,accelerating,0.0,0.4460396938954947,False,True
2022-05-31,2022Q2,4,2023Q2,growth_qoq,abstain,False,,-0.09597893774455635,no call,decelerating,,,False,True
2022-05-31,2022Q2,4,2023Q2,inflation_yoy,call,True,-0.8493694951182538,-1.683390145160213,decelerating,decelerating,1.0,0.8493694951182538,False,True
2022-05-31,2022Q2,4,2023Q2,inflation_qoq,call,True,-0.000767005395774234,-0.18110641881545764,decelerating,decelerating,1.0,0.000767005395774234,False,True
2022-06-30,2022Q2,0,2022Q2,growth_yoy,call,True,-0.7277344763865656,-1.5807891475521307,decelerating,decelerating,1.0,0.7277344763865656,False,True
2022-06-30,2022Q2,0,2022Q2,growth_qoq,call,True,0.6116344370838029,0.41134562930517093,accelerating,accelerating,1.0,0.6116344370838029,False,True
2022-06-30,2022Q2,0,2022Q2,inflation_yoy,call,True,0.2543007886721842,0.5603312033418621,accelerating,accelerating,1.0,0.2543007886721842,False,True
2022-06-30,2022Q2,0,2022Q2,inflation_qoq,call,True,-0.13967274777284544,0.15104928952840435,decelerating,accelerating,0.0,0.13967274777284544,False,True
2022-06-30,2022Q2,1,2022Q3,growth_yoy,call,True,-0.13260443339988548,-0.10481966623026029,decelerating,decelerating,1.0,0.13260443339988548,False,True
2022-06-30,2022Q2,1,2022Q3,growth_qoq,lean,True,-0.9504326894549275,0.5653525523656278,decelerating,accelerating,0.0,0.9504326894549275,False,True
2022-06-30,2022Q2,1,2022Q3,inflation_yoy,call,True,-0.3957364909468719,-0.29067342238344906,decelerating,decelerating,1.0,0.3957364909468719,False,True
2022-06-30,2022Q2,1,2022Q3,inflation_qoq,call,True,-0.8383558060732765,-1.032061112174576,decelerating,decelerating,1.0,0.8383558060732765,False,True
2022-06-30,2022Q2,2,2022Q4,growth_yoy,call,True,-1.0347484744667845,-1.0318989819385838,decelerating,decelerating,1.0,1.0347484744667845,False,True
2022-06-30,2022Q2,2,2022Q4,growth_qoq,abstain,False,,-0.03165916584768613,no call,decelerating,,,False,True
2022-06-30,2022Q2,2,2022Q4,inflation_yoy,call,True,-1.3607386489611493,-1.1969973285968667,decelerating,decelerating,1.0,1.3607386489611493,False,True
2022-06-30,2022Q2,2,2022Q4,inflation_qoq,call,True,-0.3357523529030848,-0.27407712721885247,decelerating,decelerating,1.0,0.3357523529030848,False,True
2022-06-30,2022Q2,3,2023Q1,growth_yoy,call,True,0.9732469663211729,0.9940719464583747,accelerating,accelerating,1.0,0.9732469663211729,False,True
2022-06-30,2022Q2,3,2023Q1,growth_qoq,abstain,False,,0.03361050777510588,no call,accelerating,,,False,True
2022-06-30,2022Q2,3,2023Q1,inflation_yoy,call,True,-1.3695455923267232,-1.3611840658656655,decelerating,decelerating,1.0,1.3695455923267232,False,True
2022-06-30,2022Q2,3,2023Q1,inflation_qoq,call,True,-0.0015055730477442353,-0.14480020047547004,decelerating,decelerating,1.0,0.0015055730477442353,False,True
2022-06-30,2022Q2,4,2023Q2,growth_yoy,call,True,-0.3010361227763658,0.48146424766009055,decelerating,accelerating,0.0,0.3010361227763658,False,True
2022-06-30,2022Q2,4,2023Q2,growth_qoq,abstain,False,,-0.09597893774455635,no call,decelerating,,,False,True
2022-06-30,2022Q2,4,2023Q2,inflation_yoy,call,True,-1.2151120854172839,-1.683390145160213,decelerating,decelerating,1.0,1.2151120854172839,False,True
2022-06-30,2022Q2,4,2023Q2,inflation_qoq,call,True,-0.00190338379399968,-0.18110641881545764,decelerating,decelerating,1.0,0.00190338379399968,False,True
2022-07-31,2022Q3,0,2022Q3,growth_yoy,call,True,-0.8240388438100821,-0.10481966623026029,decelerating,decelerating,1.0,0.8240388438100821,False,False
2022-07-31,2022Q3,0,2022Q3,growth_qoq,split,True,0.09783180966781024,0.5653525523656278,accelerating,accelerating,1.0,0.09783180966781024,False,False
2022-07-31,2022Q3,0,2022Q3,inflation_yoy,call,True,-0.21752638782216138,-0.29067342238344906,decelerating,decelerating,1.0,0.21752638782216138,False,False
2022-07-31,2022Q3,0,2022Q3,inflation_qoq,call,True,-0.9636551091603662,-1.032061112174576,decelerating,decelerating,1.0,0.9636551091603662,False,False
2022-07-31,2022Q3,1,2022Q4,growth_yoy,call,True,-1.0192585840453239,-1.0318989819385838,decelerating,decelerating,1.0,1.0192585840453239,False,False
2022-07-31,2022Q3,1,2022Q4,growth_qoq,lean,True,-0.5390870601497566,-0.03165916584768613,decelerating,decelerating,1.0,0.5390870601497566,False,False
2022-07-31,2022Q3,1,2022Q4,inflation_yoy,call,True,-1.3844990881868613,-1.1969973285968667,decelerating,decelerating,1.0,1.3844990881868613,False,False
2022-07-31,2022Q3,1,2022Q4,inflation_qoq,call,True,-0.5176471780624636,-0.27407712721885247,decelerating,decelerating,1.0,0.5176471780624636,False,False
2022-07-31,2022Q3,2,2023Q1,growth_yoy,call,True,0.9586777359880783,0.9940719464583747,accelerating,accelerating,1.0,0.9586777359880783,False,False
2022-07-31,2022Q3,2,2023Q1,growth_qoq,abstain,False,,0.03361050777510588,no call,accelerating,,,False,False
2022-07-31,2022Q3,2,2023Q1,inflation_yoy,call,True,-1.3470722464862757,-1.3611840658656655,decelerating,decelerating,1.0,1.3470722464862757,False,False
2022-07-31,2022Q3,2,2023Q1,inflation_qoq,call,True,0.04209260563923234,-0.14480020047547004,accelerating,decelerating,0.0,0.04209260563923234,False,False
2022-07-31,2022Q3,3,2023Q2,growth_yoy,call,True,0.5466904425307284,0.48146424766009055,accelerating,accelerating,1.0,0.5466904425307284,False,False
2022-07-31,2022Q3,3,2023Q2,growth_qoq,abstain,False,,-0.09597893774455635,no call,decelerating,,,False,False
2022-07-31,2022Q3,3,2023Q2,inflation_yoy,call,True,-1.4911751982920718,-1.683390145160213,decelerating,decelerating,1.0,1.4911751982920718,False,False
2022-07-31,2022Q3,3,2023Q2,inflation_qoq,call,True,-0.007848390510400982,-0.18110641881545764,decelerating,decelerating,1.0,0.007848390510400982,False,False
2022-07-31,2022Q3,4,2023Q3,growth_yoy,call,True,0.6958418561803237,0.4405818064199707,accelerating,accelerating,1.0,0.6958418561803237,False,False
2022-07-31,2022Q3,4,2023Q3,growth_qoq,abstain,False,,0.5257340798355159,no call,accelerating,,,False,False
2022-07-31,2022Q3,4,2023Q3,inflation_yoy,call,True,-0.5105904663835243,-0.4850291578178889,decelerating,decelerating,1.0,0.5105904663835243,False,False
2022-07-31,2022Q3,4,2023Q3,inflation_qoq,call,True,-0.007654746534013768,0.13461084827905978,decelerating,accelerating,0.0,0.007654746534013768,False,False
2022-08-31,2022Q3,0,2022Q3,growth_yoy,call,True,-0.4869466559577429,-0.10481966623026029,decelerating,decelerating,1.0,0.4869466559577429,False,False
2022-08-31,2022Q3,0,2022Q3,growth_qoq,split,True,0.09783180966781024,0.5653525523656278,accelerating,accelerating,1.0,0.09783180966781024,False,False
2022-08-31,2022Q3,0,2022Q3,inflation_yoy,call,True,-0.2744712212866922,-0.29067342238344906,decelerating,decelerating,1.0,0.2744712212866922,False,False
2022-08-31,2022Q3,0,2022Q3,inflation_qoq,call,True,-1.016995080776506,-1.032061112174576,decelerating,decelerating,1.0,1.016995080776506,False,False
2022-08-31,2022Q3,1,2022Q4,growth_yoy,call,True,-1.0226393273047307,-1.0318989819385838,decelerating,decelerating,1.0,1.0226393273047307,False,False
2022-08-31,2022Q3,1,2022Q4,growth_qoq,lean,True,-0.5390870601497566,-0.03165916584768613,decelerating,decelerating,1.0,0.5390870601497566,False,False
2022-08-31,2022Q3,1,2022Q4,inflation_yoy,call,True,-1.318187416309173,-1.1969973285968667,decelerating,decelerating,1.0,1.318187416309173,False,False
2022-08-31,2022Q3,1,2022Q4,inflation_qoq,call,True,-0.4021355310021235,-0.27407712721885247,decelerating,decelerating,1.0,0.4021355310021235,False,False
2022-08-31,2022Q3,2,2023Q1,growth_yoy,call,True,0.9618575407448038,0.9940719464583747,accelerating,accelerating,1.0,0.9618575407448038,False,False
2022-08-31,2022Q3,2,2023Q1,growth_qoq,abstain,False,,0.03361050777510588,no call,accelerating,,,False,False
2022-08-31,2022Q3,2,2023Q1,inflation_yoy,call,True,-1.1981551818537328,-1.3611840658656655,decelerating,decelerating,1.0,1.1981551818537328,False,False
2022-08-31,2022Q3,2,2023Q1,inflation_qoq,call,True,0.12232754542911284,-0.14480020047547004,accelerating,decelerating,0.0,0.12232754542911284,False,False
2022-08-31,2022Q3,3,2023Q2,growth_yoy,call,True,0.5485037409983518,0.48146424766009055,accelerating,accelerating,1.0,0.5485037409983518,False,False
2022-08-31,2022Q3,3,2023Q2,growth_qoq,abstain,False,,-0.09597893774455635,no call,decelerating,,,False,False
2022-08-31,2022Q3,3,2023Q2,inflation_yoy,call,True,-1.3496826005487739,-1.683390145160213,decelerating,decelerating,1.0,1.3496826005487739,False,False
2022-08-31,2022Q3,3,2023Q2,inflation_qoq,call,True,-0.01116933627673955,-0.18110641881545764,decelerating,decelerating,1.0,0.01116933627673955,False,False
2022-08-31,2022Q3,4,2023Q3,growth_yoy,call,True,0.35713730836302027,0.4405818064199707,accelerating,accelerating,1.0,0.35713730836302027,False,False
2022-08-31,2022Q3,4,2023Q3,growth_qoq,abstain,False,,0.5257340798355159,no call,accelerating,,,False,False
2022-08-31,2022Q3,4,2023Q3,inflation_yoy,call,True,-0.3384209879548461,-0.4850291578178889,decelerating,decelerating,1.0,0.3384209879548461,False,False
2022-08-31,2022Q3,4,2023Q3,inflation_qoq,call,True,-0.03158262855535998,0.13461084827905978,decelerating,accelerating,0.0,0.03158262855535998,False,False
2022-09-30,2022Q3,0,2022Q3,growth_yoy,call,True,-0.4011556641075886,-0.10481966623026029,decelerating,decelerating,1.0,0.4011556641075886,False,False
2022-09-30,2022Q3,0,2022Q3,growth_qoq,split,True,0.09783180966781024,0.5653525523656278,accelerating,accelerating,1.0,0.09783180966781024,False,False
2022-09-30,2022Q3,0,2022Q3,inflation_yoy,call,True,-0.3831017168400255,-0.29067342238344906,decelerating,decelerating,1.0,0.3831017168400255,False,False
2022-09-30,2022Q3,0,2022Q3,inflation_qoq,call,True,-1.1188806289687214,-1.032061112174576,decelerating,decelerating,1.0,1.1188806289687214,False,False
2022-09-30,2022Q3,1,2022Q4,growth_yoy,call,True,-1.0234997367946752,-1.0318989819385838,decelerating,decelerating,1.0,1.0234997367946752,False,False
2022-09-30,2022Q3,1,2022Q4,growth_qoq,lean,True,-0.5390870601497566,-0.03165916584768613,decelerating,decelerating,1.0,0.5390870601497566,False,False
2022-09-30,2022Q3,1,2022Q4,inflation_yoy,call,True,-1.4554730786187307,-1.1969973285968667,decelerating,decelerating,1.0,1.4554730786187307,False,False
2022-09-30,2022Q3,1,2022Q4,inflation_qoq,call,True,-0.4307436471094217,-0.27407712721885247,decelerating,decelerating,1.0,0.4307436471094217,False,False
2022-09-30,2022Q3,2,2023Q1,growth_yoy,call,True,0.9626668107718173,0.9940719464583747,accelerating,accelerating,1.0,0.9626668107718173,False,False
2022-09-30,2022Q3,2,2023Q1,growth_qoq,abstain,False,,0.03361050777510588,no call,accelerating,,,False,False
2022-09-30,2022Q3,2,2023Q1,inflation_yoy,call,True,-1.1051079408998925,-1.3611840658656655,decelerating,decelerating,1.0,1.1051079408998925,False,False
2022-09-30,2022Q3,2,2023Q1,inflation_qoq,call,True,0.3392885967344439,-0.14480020047547004,accelerating,decelerating,0.0,0.3392885967344439,False,False
2022-09-30,2022Q3,3,2023Q2,growth_yoy,call,True,0.5489652309992099,0.48146424766009055,accelerating,accelerating,1.0,0.5489652309992099,False,False
2022-09-30,2022Q3,3,2023Q2,growth_qoq,abstain,False,,-0.09597893774455635,no call,decelerating,,,False,False
2022-09-30,2022Q3,3,2023Q2,inflation_yoy,call,True,-1.2659567692635392,-1.683390145160213,decelerating,decelerating,1.0,1.2659567692635392,False,False
2022-09-30,2022Q3,3,2023Q2,inflation_qoq,call,True,-0.01839862938044501,-0.18110641881545764,decelerating,decelerating,1.0,0.01839862938044501,False,False
2022-09-30,2022Q3,4,2023Q3,growth_yoy,call,True,0.27093596597496106,0.4405818064199707,accelerating,accelerating,1.0,0.27093596597496106,False,False
2022-09-30,2022Q3,4,2023Q3,growth_qoq,abstain,False,,0.5257340798355159,no call,accelerating,,,False,False
2022-09-30,2022Q3,4,2023Q3,inflation_yoy,call,True,-0.17856483544194113,-0.4850291578178889,decelerating,decelerating,1.0,0.17856483544194113,False,False
2022-09-30,2022Q3,4,2023Q3,inflation_qoq,call,True,-0.057717832317427664,0.13461084827905978,decelerating,accelerating,0.0,0.057717832317427664,False,False
2022-10-31,2022Q4,0,2022Q4,growth_yoy,call,True,-1.3268393769080955,-1.0318989819385838,decelerating,decelerating,1.0,1.3268393769080955,False,False
2022-10-31,2022Q4,0,2022Q4,growth_qoq,split,True,0.05467671820648362,-0.03165916584768613,accelerating,decelerating,0.0,0.05467671820648362,False,False
2022-10-31,2022Q4,0,2022Q4,inflation_yoy,call,True,-1.0748225229892112,-1.1969973285968667,decelerating,decelerating,1.0,1.0748225229892112,False,False
2022-10-31,2022Q4,0,2022Q4,inflation_qoq,call,True,-0.15746554650319933,-0.27407712721885247,decelerating,decelerating,1.0,0.15746554650319933,False,False
2022-10-31,2022Q4,1,2023Q1,growth_yoy,call,True,0.9689347972337448,0.9940719464583747,accelerating,accelerating,1.0,0.9689347972337448,False,False
2022-10-31,2022Q4,1,2023Q1,growth_qoq,lean,True,0.02001084248655083,0.03361050777510588,accelerating,accelerating,1.0,0.02001084248655083,False,False
2022-10-31,2022Q4,1,2023Q1,inflation_yoy,call,True,-1.0786456166900882,-1.3611840658656655,decelerating,decelerating,1.0,1.0786456166900882,False,False
2022-10-31,2022Q4,1,2023Q1,inflation_qoq,call,True,0.009007411174732916,-0.14480020047547004,accelerating,decelerating,0.0,0.009007411174732916,False,False
2022-10-31,2022Q4,2,2023Q2,growth_yoy,call,True,0.5553304846617202,0.48146424766009055,accelerating,accelerating,1.0,0.5553304846617202,False,False
2022-10-31,2022Q4,2,2023Q2,growth_qoq,abstain,False,,-0.09597893774455635,no call,decelerating,,,False,False
2022-10-31,2022Q4,2,2023Q2,inflation_yoy,call,True,-1.2548888270438106,-1.683390145160213,decelerating,decelerating,1.0,1.2548888270438106,False,False
2022-10-31,2022Q4,2,2023Q2,inflation_qoq,call,True,-0.03177483121288294,-0.18110641881545764,decelerating,decelerating,1.0,0.03177483121288294,False,False
2022-10-31,2022Q4,3,2023Q3,growth_yoy,call,True,-0.020373323481881478,0.4405818064199707,decelerating,accelerating,0.0,0.020373323481881478,False,False
2022-10-31,2022Q4,3,2023Q3,growth_qoq,abstain,False,,0.5257340798355159,no call,accelerating,,,False,False
2022-10-31,2022Q4,3,2023Q3,inflation_yoy,call,True,-0.2645164411098966,-0.4850291578178889,decelerating,decelerating,1.0,0.2645164411098966,False,False
2022-10-31,2022Q4,3,2023Q3,inflation_qoq,call,True,-0.06979775280475664,0.13461084827905978,decelerating,accelerating,0.0,0.06979775280475664,False,False
2022-10-31,2022Q4,4,2023Q4,growth_yoy,call,True,0.31122642470329254,0.15770143045117369,accelerating,accelerating,1.0,0.31122642470329254,False,False
2022-10-31,2022Q4,4,2023Q4,growth_qoq,abstain,False,,-0.3095488919933942,no call,decelerating,,,False,False
2022-10-31,2022Q4,4,2023Q4,inflation_yoy,call,True,-0.16103362321930081,-0.33231286096339385,decelerating,decelerating,1.0,0.16103362321930081,False,False
2022-10-31,2022Q4,4,2023Q4,inflation_qoq,call,True,-0.06340256551895518,-0.1331636201733044,decelerating,decelerating,1.0,0.06340256551895518,False,False
2022-11-30,2022Q4,0,2022Q4,growth_yoy,call,True,-1.0452821607788376,-1.0318989819385838,decelerating,decelerating,1.0,1.0452821607788376,False,False
2022-11-30,2022Q4,0,2022Q4,growth_qoq,split,True,0.05467671820648362,-0.03165916584768613,accelerating,decelerating,0.0,0.05467671820648362,False,False
2022-11-30,2022Q4,0,2022Q4,inflation_yoy,call,True,-1.0344267443449668,-1.1969973285968667,decelerating,decelerating,1.0,1.0344267443449668,False,False
2022-11-30,2022Q4,0,2022Q4,inflation_qoq,call,True,-0.11967679253803709,-0.27407712721885247,decelerating,decelerating,1.0,0.11967679253803709,False,False
2022-11-30,2022Q4,1,2023Q1,growth_yoy,call,True,0.971635300317808,0.9940719464583747,accelerating,accelerating,1.0,0.971635300317808,False,False
2022-11-30,2022Q4,1,2023Q1,growth_qoq,lean,True,0.02001084248655083,0.03361050777510588,accelerating,accelerating,1.0,0.02001084248655083,False,False
2022-11-30,2022Q4,1,2023Q1,inflation_yoy,call,True,-1.1294281585363297,-1.3611840658656655,decelerating,decelerating,1.0,1.1294281585363297,False,False
2022-11-30,2022Q4,1,2023Q1,inflation_qoq,call,True,-0.07644572352787371,-0.14480020047547004,decelerating,decelerating,1.0,0.07644572352787371,False,False
2022-11-30,2022Q4,2,2023Q2,growth_yoy,call,True,0.5568782376073056,0.48146424766009055,accelerating,accelerating,1.0,0.5568782376073056,False,False
2022-11-30,2022Q4,2,2023Q2,growth_qoq,abstain,False,,-0.09597893774455635,no call,decelerating,,,False,False
2022-11-30,2022Q4,2,2023Q2,inflation_yoy,call,True,-1.2481959655469579,-1.683390145160213,decelerating,decelerating,1.0,1.2481959655469579,False,False
2022-11-30,2022Q4,2,2023Q2,inflation_qoq,call,True,0.02223584288238989,-0.18110641881545764,accelerating,decelerating,0.0,0.02223584288238989,False,False
2022-11-30,2022Q4,3,2023Q3,growth_yoy,call,True,-0.020430105654489772,0.4405818064199707,decelerating,accelerating,0.0,0.020430105654489772,False,False
2022-11-30,2022Q4,3,2023Q3,growth_qoq,abstain,False,,0.5257340798355159,no call,accelerating,,,False,False
2022-11-30,2022Q4,3,2023Q3,inflation_yoy,call,True,-0.2561516233638832,-0.4850291578178889,decelerating,decelerating,1.0,0.2561516233638832,False,False
2022-11-30,2022Q4,3,2023Q3,inflation_qoq,call,True,-0.06808807357230329,0.13461084827905978,decelerating,accelerating,0.0,0.06808807357230329,False,False
2022-11-30,2022Q4,4,2023Q4,growth_yoy,call,True,0.025477734716994327,0.15770143045117369,accelerating,accelerating,1.0,0.025477734716994327,False,False
2022-11-30,2022Q4,4,2023Q4,growth_qoq,abstain,False,,-0.3095488919933942,no call,decelerating,,,False,False
2022-11-30,2022Q4,4,2023Q4,inflation_yoy,call,True,-0.21616509043855814,-0.33231286096339385,decelerating,decelerating,1.0,0.21616509043855814,False,False
2022-11-30,2022Q4,4,2023Q4,inflation_qoq,call,True,-0.08690561587776369,-0.1331636201733044,decelerating,decelerating,1.0,0.08690561587776369,False,False
2022-12-31,2022Q4,0,2022Q4,growth_yoy,call,True,-1.1661582542024984,-1.0318989819385838,decelerating,decelerating,1.0,1.1661582542024984,False,False
2022-12-31,2022Q4,0,2022Q4,growth_qoq,split,True,0.05467671820648362,-0.03165916584768613,accelerating,decelerating,0.0,0.05467671820648362,False,False
2022-12-31,2022Q4,0,2022Q4,inflation_yoy,call,True,-1.123950921627566,-1.1969973285968667,decelerating,decelerating,1.0,1.123950921627566,False,False
2022-12-31,2022Q4,0,2022Q4,inflation_qoq,call,True,-0.20464233330816928,-0.27407712721885247,decelerating,decelerating,1.0,0.20464233330816928,False,False
2022-12-31,2022Q4,1,2023Q1,growth_yoy,call,True,0.9704759400017249,0.9940719464583747,accelerating,accelerating,1.0,0.9704759400017249,False,False
2022-12-31,2022Q4,1,2023Q1,growth_qoq,lean,True,0.02001084248655083,0.03361050777510588,accelerating,accelerating,1.0,0.02001084248655083,False,False
2022-12-31,2022Q4,1,2023Q1,inflation_yoy,call,True,-1.321764172156029,-1.3611840658656655,decelerating,decelerating,1.0,1.321764172156029,False,False
2022-12-31,2022Q4,1,2023Q1,inflation_qoq,call,True,-0.17529940214608963,-0.14480020047547004,decelerating,decelerating,1.0,0.17529940214608963,False,False
2022-12-31,2022Q4,2,2023Q2,growth_yoy,call,True,0.5562137675851453,0.48146424766009055,accelerating,accelerating,1.0,0.5562137675851453,False,False
2022-12-31,2022Q4,2,2023Q2,growth_qoq,abstain,False,,-0.09597893774455635,no call,decelerating,,,False,False
2022-12-31,2022Q4,2,2023Q2,inflation_yoy,call,True,-1.243281360852988,-1.683390145160213,decelerating,decelerating,1.0,1.243281360852988,False,False
2022-12-31,2022Q4,2,2023Q2,inflation_qoq,call,True,0.20760888179762738,-0.18110641881545764,accelerating,decelerating,0.0,0.20760888179762738,False,False
2022-12-31,2022Q4,3,2023Q3,growth_yoy,call,True,-0.020405728345695984,0.4405818064199707,decelerating,accelerating,0.0,0.020405728345695984,False,False
2022-12-31,2022Q4,3,2023Q3,growth_qoq,abstain,False,,0.5257340798355159,no call,accelerating,,,False,False
2022-12-31,2022Q4,3,2023Q3,inflation_yoy,call,True,-0.2506931338157683,-0.4850291578178889,decelerating,decelerating,1.0,0.2506931338157683,False,False
2022-12-31,2022Q4,3,2023Q3,inflation_qoq,call,True,-0.06501443474840052,0.13461084827905978,decelerating,accelerating,0.0,0.06501443474840052,False,False
2022-12-31,2022Q4,4,2023Q4,growth_yoy,call,True,0.14815328117010473,0.15770143045117369,accelerating,accelerating,1.0,0.14815328117010473,False,False
2022-12-31,2022Q4,4,2023Q4,growth_qoq,abstain,False,,-0.3095488919933942,no call,decelerating,,,False,False
2022-12-31,2022Q4,4,2023Q4,inflation_yoy,call,True,-0.1314084517644547,-0.33231286096339385,decelerating,decelerating,1.0,0.1314084517644547,False,False
2022-12-31,2022Q4,4,2023Q4,inflation_qoq,call,True,-0.0945881333596077,-0.1331636201733044,decelerating,decelerating,1.0,0.0945881333596077,False,False
2023-01-31,2023Q1,0,2023Q1,growth_yoy,call,True,0.3306323898982111,0.9940719464583747,accelerating,accelerating,1.0,0.3306323898982111,False,False
2023-01-31,2023Q1,0,2023Q1,growth_qoq,split,True,0.20284934615610029,0.03361050777510588,accelerating,accelerating,1.0,0.20284934615610029,False,False
2023-01-31,2023Q1,0,2023Q1,inflation_yoy,call,True,-1.3435853474539359,-1.3611840658656655,decelerating,decelerating,1.0,1.3435853474539359,False,False
2023-01-31,2023Q1,0,2023Q1,inflation_qoq,call,True,-0.12699322938511948,-0.14480020047547004,decelerating,decelerating,1.0,0.12699322938511948,False,False
2023-01-31,2023Q1,1,2023Q2,growth_yoy,call,True,0.5577044265131503,0.48146424766009055,accelerating,accelerating,1.0,0.5577044265131503,False,False
2023-01-31,2023Q1,1,2023Q2,growth_qoq,lean,True,-0.015829582923843066,-0.09597893774455635,decelerating,decelerating,1.0,0.015829582923843066,False,False
2023-01-31,2023Q1,1,2023Q2,inflation_yoy,call,True,-1.23640626440457,-1.683390145160213,decelerating,decelerating,1.0,1.23640626440457,False,False
2023-01-31,2023Q1,1,2023Q2,inflation_qoq,call,True,0.23427363520596156,-0.18110641881545764,accelerating,decelerating,0.0,0.23427363520596156,False,False
2023-01-31,2023Q1,2,2023Q3,growth_yoy,call,True,-0.01606273350089893,0.4405818064199707,decelerating,accelerating,0.0,0.01606273350089893,False,False
2023-01-31,2023Q1,2,2023Q3,growth_qoq,abstain,False,,0.5257340798355159,no call,accelerating,,,False,False
2023-01-31,2023Q1,2,2023Q3,inflation_yoy,call,True,-0.2480291186495691,-0.4850291578178889,decelerating,decelerating,1.0,0.2480291186495691,False,False
2023-01-31,2023Q1,2,2023Q3,inflation_qoq,call,True,-0.06817270864898362,0.13461084827905978,decelerating,accelerating,0.0,0.06817270864898362,False,False
2023-01-31,2023Q1,3,2023Q4,growth_yoy,call,True,0.01606525873447673,0.15770143045117369,accelerating,accelerating,1.0,0.01606525873447673,False,False
2023-01-31,2023Q1,3,2023Q4,growth_qoq,abstain,False,,-0.3095488919933942,no call,decelerating,,,False,False
2023-01-31,2023Q1,3,2023Q4,inflation_yoy,call,True,-0.05880309921183091,-0.33231286096339385,decelerating,decelerating,1.0,0.05880309921183091,False,False
2023-01-31,2023Q1,3,2023Q4,inflation_qoq,call,True,-0.09604953667998739,-0.1331636201733044,decelerating,decelerating,1.0,0.09604953667998739,False,False
2023-01-31,2023Q1,4,2024Q1,growth_yoy,call,True,0.6489193996513931,-0.5275993604509477,accelerating,decelerating,0.0,0.6489193996513931,False,False
2023-01-31,2023Q1,4,2024Q1,growth_qoq,abstain,False,,-0.6341958037865636,no call,decelerating,,,False,False
2023-01-31,2023Q1,4,2024Q1,inflation_yoy,call,True,0.0351009300574896,0.010576637685089096,accelerating,accelerating,1.0,0.0351009300574896,False,False
2023-01-31,2023Q1,4,2024Q1,inflation_qoq,call,True,-0.036390151013820926,0.19027867940801801,decelerating,accelerating,0.0,0.036390151013820926,False,False
2023-02-28,2023Q1,0,2023Q1,growth_yoy,call,True,1.2771766943833418,0.9940719464583747,accelerating,accelerating,1.0,1.2771766943833418,False,False
2023-02-28,2023Q1,0,2023Q1,growth_qoq,split,True,0.20284934615610029,0.03361050777510588,accelerating,accelerating,1.0,0.20284934615610029,False,False
2023-02-28,2023Q1,0,2023Q1,inflation_yoy,call,True,-1.2650636669641289,-1.3611840658656655,decelerating,decelerating,1.0,1.2650636669641289,False,False
2023-02-28,2023Q1,0,2023Q1,inflation_qoq,call,True,-0.05223188965286507,-0.14480020047547004,decelerating,decelerating,1.0,0.05223188965286507,False,False
2023-02-28,2023Q1,1,2023Q2,growth_yoy,call,True,0.5628977748510788,0.48146424766009055,accelerating,accelerating,1.0,0.5628977748510788,False,False
2023-02-28,2023Q1,1,2023Q2,growth_qoq,lean,True,-0.015829582923843066,-0.09597893774455635,decelerating,decelerating,1.0,0.015829582923843066,False,False
2023-02-28,2023Q1,1,2023Q2,inflation_yoy,call,True,-1.268987470556704,-1.683390145160213,decelerating,decelerating,1.0,1.268987470556704,False,False
2023-02-28,2023Q1,1,2023Q2,inflation_qoq,call,True,0.12903925873315458,-0.18110641881545764,accelerating,decelerating,0.0,0.12903925873315458,False,False
2023-02-28,2023Q1,2,2023Q3,growth_yoy,call,True,-0.01621230981114774,0.4405818064199707,decelerating,accelerating,0.0,0.01621230981114774,False,False
2023-02-28,2023Q1,2,2023Q3,growth_qoq,abstain,False,,0.5257340798355159,no call,accelerating,,,False,False
2023-02-28,2023Q1,2,2023Q3,inflation_yoy,call,True,-0.2597369445611175,-0.4850291578178889,decelerating,decelerating,1.0,0.2597369445611175,False,False
2023-02-28,2023Q1,2,2023Q3,inflation_qoq,call,True,-0.04892380377894412,0.13461084827905978,decelerating,accelerating,0.0,0.04892380377894412,False,False
2023-02-28,2023Q1,3,2023Q4,growth_yoy,call,True,0.016214858559715495,0.15770143045117369,accelerating,accelerating,1.0,0.016214858559715495,False,False
2023-02-28,2023Q1,3,2023Q4,growth_qoq,abstain,False,,-0.3095488919933942,no call,decelerating,,,False,False
2023-02-28,2023Q1,3,2023Q4,inflation_yoy,call,True,-0.0746605057708587,-0.33231286096339385,decelerating,decelerating,1.0,0.0746605057708587,False,False
2023-02-28,2023Q1,3,2023Q4,inflation_qoq,call,True,-0.10016690763592351,-0.1331636201733044,decelerating,decelerating,1.0,0.10016690763592351,False,False
2023-02-28,2023Q1,4,2024Q1,growth_yoy,call,True,-0.30281827668667827,-0.5275993604509477,decelerating,decelerating,1.0,0.30281827668667827,False,False
2023-02-28,2023Q1,4,2024Q1,growth_qoq,abstain,False,,-0.6341958037865636,no call,decelerating,,,False,False
2023-02-28,2023Q1,4,2024Q1,inflation_yoy,call,True,-0.07216366898867133,0.010576637685089096,decelerating,accelerating,0.0,0.07216366898867133,False,False
2023-02-28,2023Q1,4,2024Q1,inflation_qoq,call,True,-0.05014067264395017,0.19027867940801801,decelerating,accelerating,0.0,0.05014067264395017,False,False
2023-03-31,2023Q1,0,2023Q1,growth_yoy,call,True,1.2584731335318011,0.9940719464583747,accelerating,accelerating,1.0,1.2584731335318011,False,False
2023-03-31,2023Q1,0,2023Q1,growth_qoq,split,True,0.20284934615610029,0.03361050777510588,accelerating,accelerating,1.0,0.20284934615610029,False,False
2023-03-31,2023Q1,0,2023Q1,inflation_yoy,call,True,-1.2972378670992555,-1.3611840658656655,decelerating,decelerating,1.0,1.2972378670992555,False,False
2023-03-31,2023Q1,0,2023Q1,inflation_qoq,call,True,-0.08318180399058406,-0.14480020047547004,decelerating,decelerating,1.0,0.08318180399058406,False,False
2023-03-31,2023Q1,1,2023Q2,growth_yoy,call,True,0.5627951551361976,0.48146424766009055,accelerating,accelerating,1.0,0.5627951551361976,False,False
2023-03-31,2023Q1,1,2023Q2,growth_qoq,lean,True,-0.015829582923843066,-0.09597893774455635,decelerating,decelerating,1.0,0.015829582923843066,False,False
2023-03-31,2023Q1,1,2023Q2,inflation_yoy,call,True,-1.352741974797282,-1.683390145160213,decelerating,decelerating,1.0,1.352741974797282,False,False
2023-03-31,2023Q1,1,2023Q2,inflation_qoq,call,True,0.07883109779982522,-0.18110641881545764,accelerating,decelerating,0.0,0.07883109779982522,False,False
2023-03-31,2023Q1,2,2023Q3,growth_yoy,call,True,-0.01620935420769687,0.4405818064199707,decelerating,accelerating,0.0,0.01620935420769687,False,False
2023-03-31,2023Q1,2,2023Q3,growth_qoq,abstain,False,,0.5257340798355159,no call,accelerating,,,False,False
2023-03-31,2023Q1,2,2023Q3,inflation_yoy,call,True,-0.2641021940713726,-0.4850291578178889,decelerating,decelerating,1.0,0.2641021940713726,False,False
2023-03-31,2023Q1,2,2023Q3,inflation_qoq,call,True,0.027723446080618608,0.13461084827905978,accelerating,accelerating,1.0,0.027723446080618608,False,False
2023-03-31,2023Q1,3,2023Q4,growth_yoy,call,True,0.01621190249159188,0.15770143045117369,accelerating,accelerating,1.0,0.01621190249159188,False,False
2023-03-31,2023Q1,3,2023Q4,growth_qoq,abstain,False,,-0.3095488919933942,no call,decelerating,,,False,False
2023-03-31,2023Q1,3,2023Q4,inflation_yoy,call,True,-0.08322367629099592,-0.33231286096339385,decelerating,decelerating,1.0,0.08322367629099592,False,False
2023-03-31,2023Q1,3,2023Q4,inflation_qoq,call,True,-0.10404439445845792,-0.1331636201733044,decelerating,decelerating,1.0,0.10404439445845792,False,False
2023-03-31,2023Q1,4,2024Q1,growth_yoy,call,True,-0.2840120956555836,-0.5275993604509477,decelerating,decelerating,1.0,0.2840120956555836,False,False
2023-03-31,2023Q1,4,2024Q1,growth_qoq,abstain,False,,-0.6341958037865636,no call,decelerating,,,False,False
2023-03-31,2023Q1,4,2024Q1,inflation_yoy,call,True,-0.057141459062822975,0.010576637685089096,decelerating,accelerating,0.0,0.057141459062822975,False,False
2023-03-31,2023Q1,4,2024Q1,inflation_qoq,call,True,-0.05811584632118283,0.19027867940801801,decelerating,accelerating,0.0,0.05811584632118283,False,False
2023-04-30,2023Q2,0,2023Q2,growth_yoy,call,True,-0.02623928760789873,0.48146424766009055,decelerating,accelerating,0.0,0.02623928760789873,False,False
2023-04-30,2023Q2,0,2023Q2,growth_qoq,call,True,-0.2621602213537518,-0.09597893774455635,decelerating,decelerating,1.0,0.2621602213537518,False,False
2023-04-30,2023Q2,0,2023Q2,inflation_yoy,call,True,-1.2905621762465458,-1.683390145160213,decelerating,decelerating,1.0,1.2905621762465458,False,False
2023-04-30,2023Q2,0,2023Q2,inflation_qoq,call,True,0.20057616271238476,-0.18110641881545764,accelerating,decelerating,0.0,0.20057616271238476,False,False
2023-04-30,2023Q2,1,2023Q3,growth_yoy,call,True,0.0009908114736667528,0.4405818064199707,accelerating,accelerating,1.0,0.0009908114736667528,False,False
2023-04-30,2023Q2,1,2023Q3,growth_qoq,lean,True,0.0009756709637098737,0.5257340798355159,accelerating,accelerating,1.0,0.0009756709637098737,False,False
2023-04-30,2023Q2,1,2023Q3,inflation_yoy,call,True,-0.27172935562656786,-0.4850291578178889,decelerating,decelerating,1.0,0.27172935562656786,False,False
2023-04-30,2023Q2,1,2023Q3,inflation_qoq,call,True,-0.039954041310585886,0.13461084827905978,decelerating,accelerating,0.0,0.039954041310585886,False,False
2023-04-30,2023Q2,2,2023Q4,growth_yoy,call,True,0.033152007268766326,0.15770143045117369,accelerating,accelerating,1.0,0.033152007268766326,False,False
2023-04-30,2023Q2,2,2023Q4,growth_qoq,abstain,False,,-0.3095488919933942,no call,decelerating,,,False,False
2023-04-30,2023Q2,2,2023Q4,inflation_yoy,call,True,-0.11104649274240597,-0.33231286096339385,decelerating,decelerating,1.0,0.11104649274240597,False,False
2023-04-30,2023Q2,2,2023Q4,inflation_qoq,call,True,-0.12348228057343924,-0.1331636201733044,decelerating,decelerating,1.0,0.12348228057343924,False,False
2023-04-30,2023Q2,3,2024Q1,growth_yoy,call,True,-0.0009911230060888343,-0.5275993604509477,decelerating,decelerating,1.0,0.0009911230060888343,False,False
2023-04-30,2023Q2,3,2024Q1,growth_qoq,abstain,False,,-0.6341958037865636,no call,decelerating,,,False,False
2023-04-30,2023Q2,3,2024Q1,inflation_yoy,call,True,-0.02224355152129398,0.010576637685089096,decelerating,accelerating,0.0,0.02224355152129398,False,False
2023-04-30,2023Q2,3,2024Q1,inflation_qoq,call,True,-0.05876648531453199,0.19027867940801801,decelerating,accelerating,0.0,0.05876648531453199,False,False
2023-04-30,2023Q2,4,2024Q2,growth_yoy,call,True,0.6049465487796946,0.26333717124937817,accelerating,accelerating,1.0,0.6049465487796946,False,False
2023-04-30,2023Q2,4,2024Q2,growth_qoq,abstain,False,,0.6756249507487544,no call,accelerating,,,False,False
2023-04-30,2023Q2,4,2024Q2,inflation_yoy,call,True,-0.24352090721742803,-0.05230679378268288,decelerating,decelerating,1.0,0.24352090721742803,False,False
2023-04-30,2023Q2,4,2024Q2,inflation_qoq,call,True,-0.014769184428908844,-0.24327394708325567,decelerating,decelerating,1.0,0.014769184428908844,False,False
2023-05-31,2023Q2,0,2023Q2,growth_yoy,call,True,0.5463433053104483,0.48146424766009055,accelerating,accelerating,1.0,0.5463433053104483,False,False
2023-05-31,2023Q2,0,2023Q2,growth_qoq,call,True,-0.2621602213537518,-0.09597893774455635,decelerating,decelerating,1.0,0.2621602213537518,False,False
2023-05-31,2023Q2,0,2023Q2,inflation_yoy,call,True,-1.6409332139781139,-1.683390145160213,decelerating,decelerating,1.0,1.6409332139781139,False,False
2023-05-31,2023Q2,0,2023Q2,inflation_qoq,call,True,-0.1396733397269534,-0.18110641881545764,decelerating,decelerating,1.0,0.1396733397269534,False,False
2023-05-31,2023Q2,1,2023Q3,growth_yoy,call,True,0.000996357955740379,0.4405818064199707,accelerating,accelerating,1.0,0.000996357955740379,False,False
2023-05-31,2023Q2,1,2023Q3,growth_qoq,lean,True,0.0009756709637098737,0.5257340798355159,accelerating,accelerating,1.0,0.0009756709637098737,False,False
2023-05-31,2023Q2,1,2023Q3,inflation_yoy,call,True,-0.41727758182706465,-0.4850291578178889,decelerating,decelerating,1.0,0.41727758182706465,False,False
2023-05-31,2023Q2,1,2023Q3,inflation_qoq,call,True,0.15881239095336674,0.13461084827905978,accelerating,accelerating,1.0,0.15881239095336674,False,False
2023-05-31,2023Q2,2,2023Q4,growth_yoy,call,True,0.03333758951007404,0.15770143045117369,accelerating,accelerating,1.0,0.03333758951007404,False,False
2023-05-31,2023Q2,2,2023Q4,growth_qoq,abstain,False,,-0.3095488919933942,no call,decelerating,,,False,False
2023-05-31,2023Q2,2,2023Q4,inflation_yoy,call,True,-0.1336773989582727,-0.33231286096339385,decelerating,decelerating,1.0,0.1336773989582727,False,False
2023-05-31,2023Q2,2,2023Q4,inflation_qoq,call,True,-0.004566817128059952,-0.1331636201733044,decelerating,decelerating,1.0,0.004566817128059952,False,False
2023-05-31,2023Q2,3,2024Q1,growth_yoy,call,True,-0.0009966712321007876,-0.5275993604509477,decelerating,decelerating,1.0,0.0009966712321007876,False,False
2023-05-31,2023Q2,3,2024Q1,growth_qoq,abstain,False,,-0.6341958037865636,no call,decelerating,,,False,False
2023-05-31,2023Q2,3,2024Q1,inflation_yoy,call,True,-0.047148728888934954,0.010576637685089096,decelerating,accelerating,0.0,0.047148728888934954,False,False
2023-05-31,2023Q2,3,2024Q1,inflation_qoq,call,True,-0.06058229925907099,0.19027867940801801,decelerating,accelerating,0.0,0.06058229925907099,False,False
2023-05-31,2023Q2,4,2024Q2,growth_yoy,call,True,0.03217837536397816,0.26333717124937817,accelerating,accelerating,1.0,0.03217837536397816,False,False
2023-05-31,2023Q2,4,2024Q2,growth_qoq,abstain,False,,0.6756249507487544,no call,accelerating,,,False,False
2023-05-31,2023Q2,4,2024Q2,inflation_yoy,call,True,0.06675232090745586,-0.05230679378268288,accelerating,decelerating,0.0,0.06675232090745586,False,False
2023-05-31,2023Q2,4,2024Q2,inflation_qoq,call,True,-0.028667448919428296,-0.24327394708325567,decelerating,decelerating,1.0,0.028667448919428296,False,False
2023-06-30,2023Q2,0,2023Q2,growth_yoy,call,True,0.42624467330041327,0.48146424766009055,accelerating,accelerating,1.0,0.42624467330041327,False,False
2023-06-30,2023Q2,0,2023Q2,growth_qoq,call,True,-0.2621602213537518,-0.09597893774455635,decelerating,decelerating,1.0,0.2621602213537518,False,False
2023-06-30,2023Q2,0,2023Q2,inflation_yoy,call,True,-1.6526584696233542,-1.683390145160213,decelerating,decelerating,1.0,1.6526584696233542,False,False
2023-06-30,2023Q2,0,2023Q2,inflation_qoq,call,True,-0.15101475201344527,-0.18110641881545764,decelerating,decelerating,1.0,0.15101475201344527,False,False
2023-06-30,2023Q2,1,2023Q3,growth_yoy,call,True,0.0009951945866060186,0.4405818064199707,accelerating,accelerating,1.0,0.0009951945866060186,False,False
2023-06-30,2023Q2,1,2023Q3,growth_qoq,lean,True,0.0009756709637098737,0.5257340798355159,accelerating,accelerating,1.0,0.0009756709637098737,False,False
2023-06-30,2023Q2,1,2023Q3,inflation_yoy,call,True,-0.4406231513523897,-0.4850291578178889,decelerating,decelerating,1.0,0.4406231513523897,False,False
2023-06-30,2023Q2,1,2023Q3,inflation_qoq,call,True,0.14735442936557597,0.13461084827905978,accelerating,accelerating,1.0,0.14735442936557597,False,False
2023-06-30,2023Q2,2,2023Q4,growth_yoy,call,True,0.03329866381869273,0.15770143045117369,accelerating,accelerating,1.0,0.03329866381869273,False,False
2023-06-30,2023Q2,2,2023Q4,growth_qoq,abstain,False,,-0.3095488919933942,no call,decelerating,,,False,False
2023-06-30,2023Q2,2,2023Q4,inflation_yoy,call,True,-0.16790234661399817,-0.33231286096339385,decelerating,decelerating,1.0,0.16790234661399817,False,False
2023-06-30,2023Q2,2,2023Q4,inflation_qoq,call,True,-0.0151721584405351,-0.1331636201733044,decelerating,decelerating,1.0,0.0151721584405351,False,False
2023-06-30,2023Q2,3,2024Q1,growth_yoy,call,True,-0.0009955074971923494,-0.5275993604509477,decelerating,decelerating,1.0,0.0009955074971923494,False,False
2023-06-30,2023Q2,3,2024Q1,growth_qoq,abstain,False,,-0.6341958037865636,no call,decelerating,,,False,False
2023-06-30,2023Q2,3,2024Q1,inflation_yoy,call,True,-0.08213311596024431,0.010576637685089096,decelerating,accelerating,0.0,0.08213311596024431,False,False
2023-06-30,2023Q2,3,2024Q1,inflation_qoq,call,True,-0.061330286989425,0.19027867940801801,decelerating,accelerating,0.0,0.061330286989425,False,False
2023-06-30,2023Q2,4,2024Q2,growth_yoy,call,True,0.1523159326996204,0.26333717124937817,accelerating,accelerating,1.0,0.1523159326996204,False,False
2023-06-30,2023Q2,4,2024Q2,growth_qoq,abstain,False,,0.6756249507487544,no call,accelerating,,,False,False
2023-06-30,2023Q2,4,2024Q2,inflation_yoy,call,True,0.036691689510482295,-0.05230679378268288,accelerating,decelerating,0.0,0.036691689510482295,False,False
2023-06-30,2023Q2,4,2024Q2,inflation_qoq,call,True,-0.03510911904385239,-0.24327394708325567,decelerating,decelerating,1.0,0.03510911904385239,False,False
2023-07-31,2023Q3,0,2023Q3,growth_yoy,call,True,-0.5017437664963209,0.4405818064199707,decelerating,accelerating,0.0,0.5017437664963209,False,False
2023-07-31,2023Q3,0,2023Q3,growth_qoq,split,True,0.14188800671065793,0.5257340798355159,accelerating,accelerating,1.0,0.14188800671065793,False,False
2023-07-31,2023Q3,0,2023Q3,inflation_yoy,call,True,-0.34067418989129195,-0.4850291578178889,decelerating,decelerating,1.0,0.34067418989129195,False,False
2023-07-31,2023Q3,0,2023Q3,inflation_qoq,call,True,0.2750172346114521,0.13461084827905978,accelerating,accelerating,1.0,0.2750172346114521,False,False
2023-07-31,2023Q3,1,2023Q4,growth_yoy,call,True,0.03315361776359271,0.15770143045117369,accelerating,accelerating,1.0,0.03315361776359271,False,False
2023-07-31,2023Q3,1,2023Q4,growth_qoq,lean,True,-0.09500326678084647,-0.3095488919933942,decelerating,decelerating,1.0,0.09500326678084647,False,False
2023-07-31,2023Q3,1,2023Q4,inflation_yoy,call,True,-0.1699521928127652,-0.33231286096339385,decelerating,decelerating,1.0,0.1699521928127652,False,False
2023-07-31,2023Q3,1,2023Q4,inflation_qoq,call,True,-0.11465890658137745,-0.1331636201733044,decelerating,decelerating,1.0,0.11465890658137745,False,False
2023-07-31,2023Q3,2,2024Q1,growth_yoy,call,True,-0.0009911711539523083,-0.5275993604509477,decelerating,decelerating,1.0,0.0009911711539523083,False,False
2023-07-31,2023Q3,2,2024Q1,growth_qoq,abstain,False,,-0.6341958037865636,no call,decelerating,,,False,False
2023-07-31,2023Q3,2,2024Q1,inflation_yoy,call,True,-0.10160188002591752,0.010576637685089096,decelerating,accelerating,0.0,0.10160188002591752,False,False
2023-07-31,2023Q3,2,2024Q1,inflation_qoq,call,True,-0.0783386996524138,0.19027867940801801,decelerating,accelerating,0.0,0.0783386996524138,False,False
2023-07-31,2023Q3,3,2024Q2,growth_yoy,call,True,0.09660367299388906,0.26333717124937817,accelerating,accelerating,1.0,0.09660367299388906,False,False
2023-07-31,2023Q3,3,2024Q2,growth_qoq,abstain,False,,0.6756249507487544,no call,accelerating,,,False,False
2023-07-31,2023Q3,3,2024Q2,inflation_yoy,call,True,0.0457541165478208,-0.05230679378268288,accelerating,decelerating,0.0,0.0457541165478208,False,False
2023-07-31,2023Q3,3,2024Q2,inflation_qoq,call,True,-0.037420922283915026,-0.24327394708325567,decelerating,decelerating,1.0,0.037420922283915026,False,False
2023-07-31,2023Q3,4,2024Q3,growth_yoy,call,True,0.503372356140841,-0.3352418866658935,accelerating,decelerating,0.0,0.503372356140841,False,False
2023-07-31,2023Q3,4,2024Q3,growth_qoq,abstain,False,,-0.060708271847698114,no call,decelerating,,,False,False
2023-07-31,2023Q3,4,2024Q3,inflation_yoy,call,True,-0.27835346748054457,-0.5334094476926228,decelerating,decelerating,1.0,0.27835346748054457,False,False
2023-07-31,2023Q3,4,2024Q3,inflation_qoq,call,True,-0.04150492257666283,-0.33565645220838825,decelerating,decelerating,1.0,0.04150492257666283,False,False
2023-08-31,2023Q3,0,2023Q3,growth_yoy,call,True,-0.1347752114388978,0.4405818064199707,decelerating,accelerating,0.0,0.1347752114388978,False,False
2023-08-31,2023Q3,0,2023Q3,growth_qoq,split,True,0.14188800671065793,0.5257340798355159,accelerating,accelerating,1.0,0.14188800671065793,False,False
2023-08-31,2023Q3,0,2023Q3,inflation_yoy,call,True,-0.5507656616495922,-0.4850291578178889,decelerating,decelerating,1.0,0.5507656616495922,False,False
2023-08-31,2023Q3,0,2023Q3,inflation_qoq,call,True,0.07049890121459956,0.13461084827905978,accelerating,accelerating,1.0,0.07049890121459956,False,False
2023-08-31,2023Q3,1,2023Q4,growth_yoy,call,True,0.033272556390251395,0.15770143045117369,accelerating,accelerating,1.0,0.033272556390251395,False,False
2023-08-31,2023Q3,1,2023Q4,growth_qoq,lean,True,-0.09500326678084647,-0.3095488919933942,decelerating,decelerating,1.0,0.09500326678084647,False,False
2023-08-31,2023Q3,1,2023Q4,inflation_yoy,call,True,-0.1423104335419887,-0.33231286096339385,decelerating,decelerating,1.0,0.1423104335419887,False,False
2023-08-31,2023Q3,1,2023Q4,inflation_qoq,call,True,0.11642931363016196,-0.1331636201733044,accelerating,decelerating,0.0,0.11642931363016196,False,False
2023-08-31,2023Q3,2,2024Q1,growth_yoy,call,True,-0.0009947269811627635,-0.5275993604509477,decelerating,decelerating,1.0,0.0009947269811627635,False,False
2023-08-31,2023Q3,2,2024Q1,growth_qoq,abstain,False,,-0.6341958037865636,no call,decelerating,,,False,False
2023-08-31,2023Q3,2,2024Q1,inflation_yoy,call,True,-0.13029392048767496,0.010576637685089096,decelerating,accelerating,0.0,0.13029392048767496,False,False
2023-08-31,2023Q3,2,2024Q1,inflation_qoq,call,True,-0.13310073012255952,0.19027867940801801,decelerating,accelerating,0.0,0.13310073012255952,False,False
2023-08-31,2023Q3,3,2024Q2,growth_yoy,call,True,0.0969502387375476,0.26333717124937817,accelerating,accelerating,1.0,0.0969502387375476,False,False
2023-08-31,2023Q3,3,2024Q2,growth_qoq,abstain,False,,0.6756249507487544,no call,accelerating,,,False,False
2023-08-31,2023Q3,3,2024Q2,inflation_yoy,call,True,0.013478400539083779,-0.05230679378268288,accelerating,decelerating,0.0,0.013478400539083779,False,False
2023-08-31,2023Q3,3,2024Q2,inflation_qoq,call,True,-0.04062777761490999,-0.24327394708325567,decelerating,decelerating,1.0,0.04062777761490999,False,False
2023-08-31,2023Q3,4,2024Q3,growth_yoy,call,True,0.1359418525403111,-0.3352418866658935,accelerating,decelerating,0.0,0.1359418525403111,False,False
2023-08-31,2023Q3,4,2024Q3,growth_qoq,abstain,False,,-0.060708271847698114,no call,decelerating,,,False,False
2023-08-31,2023Q3,4,2024Q3,inflation_yoy,call,True,-0.11607037083792493,-0.5334094476926228,decelerating,decelerating,1.0,0.11607037083792493,False,False
2023-08-31,2023Q3,4,2024Q3,inflation_qoq,call,True,-0.05645619474257124,-0.33565645220838825,decelerating,decelerating,1.0,0.05645619474257124,False,False
2023-09-30,2023Q3,0,2023Q3,growth_yoy,call,True,0.04059435346581708,0.4405818064199707,accelerating,accelerating,1.0,0.04059435346581708,False,False
2023-09-30,2023Q3,0,2023Q3,growth_qoq,split,True,0.14188800671065793,0.5257340798355159,accelerating,accelerating,1.0,0.14188800671065793,False,False
2023-09-30,2023Q3,0,2023Q3,inflation_yoy,call,True,-0.4644292701300774,-0.4850291578178889,decelerating,decelerating,1.0,0.4644292701300774,False,False
2023-09-30,2023Q3,0,2023Q3,inflation_qoq,call,True,0.15473215040859856,0.13461084827905978,accelerating,accelerating,1.0,0.15473215040859856,False,False
2023-09-30,2023Q3,1,2023Q4,growth_yoy,call,True,0.033329395634140724,0.15770143045117369,accelerating,accelerating,1.0,0.033329395634140724,False,False
2023-09-30,2023Q3,1,2023Q4,growth_qoq,lean,True,-0.09500326678084647,-0.3095488919933942,decelerating,decelerating,1.0,0.09500326678084647,False,False
2023-09-30,2023Q3,1,2023Q4,inflation_yoy,call,True,0.01846276948487313,-0.33231286096339385,accelerating,decelerating,0.0,0.01846276948487313,False,False
2023-09-30,2023Q3,1,2023Q4,inflation_qoq,call,True,0.18897623195903712,-0.1331636201733044,accelerating,decelerating,0.0,0.18897623195903712,False,False
2023-09-30,2023Q3,2,2024Q1,growth_yoy,call,True,-0.0009964262653650025,-0.5275993604509477,decelerating,decelerating,1.0,0.0009964262653650025,False,False
2023-09-30,2023Q3,2,2024Q1,growth_qoq,abstain,False,,-0.6341958037865636,no call,decelerating,,,False,False
2023-09-30,2023Q3,2,2024Q1,inflation_yoy,call,True,-0.15574615345822185,0.010576637685089096,decelerating,accelerating,0.0,0.15574615345822185,False,False
2023-09-30,2023Q3,2,2024Q1,inflation_qoq,call,True,-0.3143716117098627,0.19027867940801801,decelerating,accelerating,0.0,0.3143716117098627,False,False
2023-09-30,2023Q3,3,2024Q2,growth_yoy,call,True,0.09711585806062573,0.26333717124937817,accelerating,accelerating,1.0,0.09711585806062573,False,False
2023-09-30,2023Q3,3,2024Q2,growth_qoq,abstain,False,,0.6756249507487544,no call,accelerating,,,False,False
2023-09-30,2023Q3,3,2024Q2,inflation_yoy,call,True,-0.014797384664648305,-0.05230679378268288,decelerating,decelerating,1.0,0.014797384664648305,False,False
2023-09-30,2023Q3,3,2024Q2,inflation_qoq,call,True,-0.043694101323588086,-0.24327394708325567,decelerating,decelerating,1.0,0.043694101323588086,False,False
2023-09-30,2023Q3,4,2024Q3,growth_yoy,call,True,-0.039648471647169004,-0.3352418866658935,decelerating,decelerating,1.0,0.039648471647169004,False,False
2023-09-30,2023Q3,4,2024Q3,growth_qoq,abstain,False,,-0.060708271847698114,no call,decelerating,,,False,False
2023-09-30,2023Q3,4,2024Q3,inflation_yoy,call,True,-0.23708186234499706,-0.5334094476926228,decelerating,decelerating,1.0,0.23708186234499706,False,False
2023-09-30,2023Q3,4,2024Q3,inflation_qoq,call,True,-0.06297100231547059,-0.33565645220838825,decelerating,decelerating,1.0,0.06297100231547059,False,False
2023-10-31,2023Q4,0,2023Q4,growth_yoy,call,True,-0.035819269615355864,0.15770143045117369,decelerating,accelerating,0.0,0.035819269615355864,False,False
2023-10-31,2023Q4,0,2023Q4,growth_qoq,call,True,-0.23031371177296522,-0.3095488919933942,decelerating,decelerating,1.0,0.23031371177296522,False,False
2023-10-31,2023Q4,0,2023Q4,inflation_yoy,call,True,-0.2147242199115027,-0.33231286096339385,decelerating,decelerating,1.0,0.2147242199115027,False,False
2023-10-31,2023Q4,0,2023Q4,inflation_qoq,call,True,-0.01837560821793538,-0.1331636201733044,decelerating,decelerating,1.0,0.01837560821793538,False,False
2023-10-31,2023Q4,1,2024Q1,growth_yoy,call,True,-0.0009996309660698088,-0.5275993604509477,decelerating,decelerating,1.0,0.0009996309660698088,False,False
2023-10-31,2023Q4,1,2024Q1,growth_qoq,lean,True,0.4307308130546694,-0.6341958037865636,accelerating,decelerating,0.0,0.4307308130546694,False,False
2023-10-31,2023Q4,1,2024Q1,inflation_yoy,call,True,-0.1865775556436562,0.010576637685089096,decelerating,accelerating,0.0,0.1865775556436562,False,False
2023-10-31,2023Q4,1,2024Q1,inflation_qoq,call,True,-0.11735566679951237,0.19027867940801801,decelerating,accelerating,0.0,0.11735566679951237,False,False
2023-10-31,2023Q4,2,2024Q2,growth_yoy,call,True,0.09742820155493881,0.26333717124937817,accelerating,accelerating,1.0,0.09742820155493881,False,False
2023-10-31,2023Q4,2,2024Q2,growth_qoq,abstain,False,,0.6756249507487544,no call,accelerating,,,False,False
2023-10-31,2023Q4,2,2024Q2,inflation_yoy,call,True,-0.03731964363239726,-0.05230679378268288,decelerating,decelerating,1.0,0.03731964363239726,False,False
2023-10-31,2023Q4,2,2024Q2,inflation_qoq,call,True,-0.03526490312943942,-0.24327394708325567,decelerating,decelerating,1.0,0.03526490312943942,False,False
2023-10-31,2023Q4,3,2024Q3,growth_yoy,call,True,-0.4398441625767635,-0.3352418866658935,decelerating,decelerating,1.0,0.4398441625767635,False,False
2023-10-31,2023Q4,3,2024Q3,growth_qoq,abstain,False,,-0.060708271847698114,no call,decelerating,,,False,False
2023-10-31,2023Q4,3,2024Q3,inflation_yoy,call,True,-0.24211548819303985,-0.5334094476926228,decelerating,decelerating,1.0,0.24211548819303985,False,False
2023-10-31,2023Q4,3,2024Q3,inflation_qoq,call,True,-0.06651140174798176,-0.33565645220838825,decelerating,decelerating,1.0,0.06651140174798176,False,False
2023-10-31,2023Q4,4,2024Q4,growth_yoy,call,True,0.0690477644313292,-0.39160115272274254,accelerating,decelerating,0.0,0.0690477644313292,False,False
2023-10-31,2023Q4,4,2024Q4,growth_qoq,abstain,False,,-0.3649033359526932,no call,decelerating,,,False,False
2023-10-31,2023Q4,4,2024Q4,inflation_yoy,call,True,-0.2532257035583023,0.06463472229138256,decelerating,accelerating,0.0,0.2532257035583023,False,False
2023-10-31,2023Q4,4,2024Q4,inflation_qoq,call,True,-0.028408151383874092,0.4529708035187374,decelerating,accelerating,0.0,0.028408151383874092,False,False
2023-11-30,2023Q4,0,2023Q4,growth_yoy,call,True,0.06267001957842577,0.15770143045117369,accelerating,accelerating,1.0,0.06267001957842577,False,False
2023-11-30,2023Q4,0,2023Q4,growth_qoq,call,True,-0.23031371177296522,-0.3095488919933942,decelerating,decelerating,1.0,0.23031371177296522,False,False
2023-11-30,2023Q4,0,2023Q4,inflation_yoy,call,True,-0.38487784242970147,-0.33231286096339385,decelerating,decelerating,1.0,0.38487784242970147,False,False
2023-11-30,2023Q4,0,2023Q4,inflation_qoq,call,True,-0.18449575127328366,-0.1331636201733044,decelerating,decelerating,1.0,0.18449575127328366,False,False
2023-11-30,2023Q4,1,2024Q1,growth_yoy,call,True,-0.0010005849917726906,-0.5275993604509477,decelerating,decelerating,1.0,0.0010005849917726906,False,False
2023-11-30,2023Q4,1,2024Q1,growth_qoq,lean,True,0.4307308130546694,-0.6341958037865636,accelerating,decelerating,0.0,0.4307308130546694,False,False
2023-11-30,2023Q4,1,2024Q1,inflation_yoy,call,True,-0.2958661489214829,0.010576637685089096,decelerating,accelerating,0.0,0.2958661489214829,False,False
2023-11-30,2023Q4,1,2024Q1,inflation_qoq,call,True,-0.05830854603317004,0.19027867940801801,decelerating,accelerating,0.0,0.05830854603317004,False,False
2023-11-30,2023Q4,2,2024Q2,growth_yoy,call,True,0.09752118487456052,0.26333717124937817,accelerating,accelerating,1.0,0.09752118487456052,False,False
2023-11-30,2023Q4,2,2024Q2,growth_qoq,abstain,False,,0.6756249507487544,no call,accelerating,,,False,False
2023-11-30,2023Q4,2,2024Q2,inflation_yoy,call,True,-0.05033828661796447,-0.05230679378268288,decelerating,decelerating,1.0,0.05033828661796447,False,False
2023-11-30,2023Q4,2,2024Q2,inflation_qoq,call,True,0.058967008050792025,-0.24327394708325567,accelerating,decelerating,0.0,0.058967008050792025,False,False
2023-11-30,2023Q4,3,2024Q3,growth_yoy,call,True,-0.44026394011238423,-0.3352418866658935,decelerating,decelerating,1.0,0.44026394011238423,False,False
2023-11-30,2023Q4,3,2024Q3,growth_qoq,abstain,False,,-0.060708271847698114,no call,decelerating,,,False,False
2023-11-30,2023Q4,3,2024Q3,inflation_yoy,call,True,-0.25178936140982255,-0.5334094476926228,decelerating,decelerating,1.0,0.25178936140982255,False,False
2023-11-30,2023Q4,3,2024Q3,inflation_qoq,call,True,-0.06383485390375476,-0.33565645220838825,decelerating,decelerating,1.0,0.06383485390375476,False,False
2023-11-30,2023Q4,4,2024Q4,growth_yoy,call,True,-0.029113776520750534,-0.39160115272274254,decelerating,decelerating,1.0,0.029113776520750534,False,False
2023-11-30,2023Q4,4,2024Q4,growth_qoq,abstain,False,,-0.3649033359526932,no call,decelerating,,,False,False
2023-11-30,2023Q4,4,2024Q4,inflation_yoy,call,True,-0.09011761936991558,0.06463472229138256,decelerating,accelerating,0.0,0.09011761936991558,False,False
2023-11-30,2023Q4,4,2024Q4,inflation_qoq,call,True,-0.02449800839965377,0.4529708035187374,decelerating,accelerating,0.0,0.02449800839965377,False,False
2023-12-31,2023Q4,0,2023Q4,growth_yoy,call,True,-0.08803906425789432,0.15770143045117369,decelerating,accelerating,0.0,0.08803906425789432,False,False
2023-12-31,2023Q4,0,2023Q4,growth_qoq,call,True,-0.23031371177296522,-0.3095488919933942,decelerating,decelerating,1.0,0.23031371177296522,False,False
2023-12-31,2023Q4,0,2023Q4,inflation_yoy,call,True,-0.3585695767710946,-0.33231286096339385,decelerating,decelerating,1.0,0.3585695767710946,False,False
2023-12-31,2023Q4,0,2023Q4,inflation_qoq,call,True,-0.15880619849553135,-0.1331636201733044,decelerating,decelerating,1.0,0.15880619849553135,False,False
2023-12-31,2023Q4,1,2024Q1,growth_yoy,call,True,-0.000999125134204526,-0.5275993604509477,decelerating,decelerating,1.0,0.000999125134204526,False,False
2023-12-31,2023Q4,1,2024Q1,growth_qoq,lean,True,0.4307308130546694,-0.6341958037865636,accelerating,decelerating,0.0,0.4307308130546694,False,False
2023-12-31,2023Q4,1,2024Q1,inflation_yoy,call,True,-0.37239346563591136,0.010576637685089096,decelerating,accelerating,0.0,0.37239346563591136,False,False
2023-12-31,2023Q4,1,2024Q1,inflation_qoq,call,True,-0.15876917302777294,0.19027867940801801,decelerating,accelerating,0.0,0.15876917302777294,False,False
2023-12-31,2023Q4,2,2024Q2,growth_yoy,call,True,0.09737890106860103,0.26333717124937817,accelerating,accelerating,1.0,0.09737890106860103,False,False
2023-12-31,2023Q4,2,2024Q2,growth_qoq,abstain,False,,0.6756249507487544,no call,accelerating,,,False,False
2023-12-31,2023Q4,2,2024Q2,inflation_yoy,call,True,-0.06216141465866798,-0.05230679378268288,decelerating,decelerating,1.0,0.06216141465866798,False,False
2023-12-31,2023Q4,2,2024Q2,inflation_qoq,call,True,0.122135738891882,-0.24327394708325567,accelerating,decelerating,0.0,0.122135738891882,False,False
2023-12-31,2023Q4,3,2024Q3,growth_yoy,call,True,-0.4396215932304992,-0.3352418866658935,decelerating,decelerating,1.0,0.4396215932304992,False,False
2023-12-31,2023Q4,3,2024Q3,growth_qoq,abstain,False,,-0.060708271847698114,no call,decelerating,,,False,False
2023-12-31,2023Q4,3,2024Q3,inflation_yoy,call,True,-0.2618694413979368,-0.5334094476926228,decelerating,decelerating,1.0,0.2618694413979368,False,False
2023-12-31,2023Q4,3,2024Q3,inflation_qoq,call,True,-0.06227782922003655,-0.33565645220838825,decelerating,decelerating,1.0,0.06227782922003655,False,False
2023-12-31,2023Q4,4,2024Q4,growth_yoy,call,True,0.12109378438207585,-0.39160115272274254,accelerating,decelerating,0.0,0.12109378438207585,False,False
2023-12-31,2023Q4,4,2024Q4,growth_qoq,abstain,False,,-0.3649033359526932,no call,decelerating,,,False,False
2023-12-31,2023Q4,4,2024Q4,inflation_yoy,call,True,-0.1241174503676965,0.06463472229138256,decelerating,accelerating,0.0,0.1241174503676965,False,False
2023-12-31,2023Q4,4,2024Q4,inflation_qoq,call,True,-0.022236861483238002,0.4529708035187374,decelerating,accelerating,0.0,0.022236861483238002,False,False
2024-01-31,2024Q1,0,2024Q1,growth_yoy,call,True,0.45562098686346975,-0.5275993604509477,accelerating,decelerating,0.0,0.45562098686346975,False,False
2024-01-31,2024Q1,0,2024Q1,growth_qoq,call,True,-0.10734141093381977,-0.6341958037865636,decelerating,decelerating,1.0,0.10734141093381977,False,False
2024-01-31,2024Q1,0,2024Q1,inflation_yoy,call,True,-0.20804726807750473,0.010576637685089096,decelerating,accelerating,0.0,0.20804726807750473,False,False
2024-01-31,2024Q1,0,2024Q1,inflation_qoq,call,True,-0.023696480260504416,0.19027867940801801,decelerating,accelerating,0.0,0.023696480260504416,False,False
2024-01-31,2024Q1,1,2024Q2,growth_yoy,call,True,0.09804200315750577,0.26333717124937817,accelerating,accelerating,1.0,0.09804200315750577,False,False
2024-01-31,2024Q1,1,2024Q2,growth_qoq,lean,True,0.12118192106127523,0.6756249507487544,accelerating,accelerating,1.0,0.12118192106127523,False,False
2024-01-31,2024Q1,1,2024Q2,inflation_yoy,call,True,-0.0614315595609094,-0.05230679378268288,decelerating,decelerating,1.0,0.0614315595609094,False,False
2024-01-31,2024Q1,1,2024Q2,inflation_qoq,call,True,-0.03777136970899431,-0.24327394708325567,decelerating,decelerating,1.0,0.03777136970899431,False,False
2024-01-31,2024Q1,2,2024Q3,growth_yoy,call,True,-0.44261519855557374,-0.3352418866658935,decelerating,decelerating,1.0,0.44261519855557374,False,False
2024-01-31,2024Q1,2,2024Q3,growth_qoq,abstain,False,,-0.060708271847698114,no call,decelerating,,,False,False
2024-01-31,2024Q1,2,2024Q3,inflation_yoy,call,True,-0.2692125798156999,-0.5334094476926228,decelerating,decelerating,1.0,0.2692125798156999,False,False
2024-01-31,2024Q1,2,2024Q3,inflation_qoq,call,True,-0.0698051985220216,-0.33565645220838825,decelerating,decelerating,1.0,0.0698051985220216,False,False
2024-01-31,2024Q1,3,2024Q4,growth_yoy,call,True,-0.12437583790259055,-0.39160115272274254,decelerating,decelerating,1.0,0.12437583790259055,False,False
2024-01-31,2024Q1,3,2024Q4,growth_qoq,abstain,False,,-0.3649033359526932,no call,decelerating,,,False,False
2024-01-31,2024Q1,3,2024Q4,inflation_yoy,call,True,-0.15777769916274176,0.06463472229138256,decelerating,accelerating,0.0,0.15777769916274176,False,False
2024-01-31,2024Q1,3,2024Q4,inflation_qoq,call,True,-0.022725447260696363,0.4529708035187374,decelerating,accelerating,0.0,0.022725447260696363,False,False
2024-01-31,2024Q1,4,2025Q1,growth_yoy,call,True,-0.4545604811859061,-0.380515470679077,decelerating,decelerating,1.0,0.4545604811859061,False,False
2024-01-31,2024Q1,4,2025Q1,growth_qoq,abstain,False,,-0.6223910902059093,no call,decelerating,,,False,False
2024-01-31,2024Q1,4,2025Q1,inflation_yoy,call,True,-0.1322927567307821,0.0018452452668960007,decelerating,accelerating,0.0,0.1322927567307821,False,False
2024-01-31,2024Q1,4,2025Q1,inflation_qoq,call,True,0.0002891897711077007,0.12675696543200665,accelerating,accelerating,1.0,0.0002891897711077007,False,False
2024-02-29,2024Q1,0,2024Q1,growth_yoy,call,True,-0.7445957102887091,-0.5275993604509477,decelerating,decelerating,1.0,0.7445957102887091,False,False
2024-02-29,2024Q1,0,2024Q1,growth_qoq,call,True,-0.10734141093381977,-0.6341958037865636,decelerating,decelerating,1.0,0.10734141093381977,False,False
2024-02-29,2024Q1,0,2024Q1,inflation_yoy,call,True,-0.13470015287557002,0.010576637685089096,decelerating,accelerating,0.0,0.13470015287557002,False,False
2024-02-29,2024Q1,0,2024Q1,inflation_qoq,call,True,0.048054768294880645,0.19027867940801801,accelerating,accelerating,1.0,0.048054768294880645,False,False
2024-02-29,2024Q1,1,2024Q2,growth_yoy,call,True,0.09690887269517834,0.26333717124937817,accelerating,accelerating,1.0,0.09690887269517834,False,False
2024-02-29,2024Q1,1,2024Q2,growth_qoq,lean,True,0.12118192106127523,0.6756249507487544,accelerating,accelerating,1.0,0.12118192106127523,False,False
2024-02-29,2024Q1,1,2024Q2,inflation_yoy,call,True,-0.021387674739803852,-0.05230679378268288,decelerating,decelerating,1.0,0.021387674739803852,False,False
2024-02-29,2024Q1,1,2024Q2,inflation_qoq,call,True,-0.07041960202684994,-0.24327394708325567,decelerating,decelerating,1.0,0.07041960202684994,False,False
2024-02-29,2024Q1,2,2024Q3,growth_yoy,call,True,-0.43749962820394117,-0.3352418866658935,decelerating,decelerating,1.0,0.43749962820394117,False,False
2024-02-29,2024Q1,2,2024Q3,growth_qoq,abstain,False,,-0.060708271847698114,no call,decelerating,,,False,False
2024-02-29,2024Q1,2,2024Q3,inflation_yoy,call,True,-0.26490948496740163,-0.5334094476926228,decelerating,decelerating,1.0,0.26490948496740163,False,False
2024-02-29,2024Q1,2,2024Q3,inflation_qoq,call,True,-0.10440655027890156,-0.33565645220838825,decelerating,decelerating,1.0,0.10440655027890156,False,False
2024-02-29,2024Q1,3,2024Q4,growth_yoy,call,True,-0.12293835145633647,-0.39160115272274254,decelerating,decelerating,1.0,0.12293835145633647,False,False
2024-02-29,2024Q1,3,2024Q4,growth_qoq,abstain,False,,-0.3649033359526932,no call,decelerating,,,False,False
2024-02-29,2024Q1,3,2024Q4,inflation_yoy,call,True,-0.1546257877579409,0.06463472229138256,decelerating,accelerating,0.0,0.1546257877579409,False,False
2024-02-29,2024Q1,3,2024Q4,inflation_qoq,call,True,-0.02396464350051808,0.4529708035187374,decelerating,accelerating,0.0,0.02396464350051808,False,False
2024-02-29,2024Q1,4,2025Q1,growth_yoy,call,True,0.7402362896307135,-0.380515470679077,accelerating,decelerating,0.0,0.7402362896307135,False,False
2024-02-29,2024Q1,4,2025Q1,growth_qoq,abstain,False,,-0.6223910902059093,no call,decelerating,,,False,False
2024-02-29,2024Q1,4,2025Q1,inflation_yoy,call,True,-0.20146074179863893,0.0018452452668960007,decelerating,accelerating,0.0,0.20146074179863893,False,False
2024-02-29,2024Q1,4,2025Q1,inflation_qoq,call,True,0.0008625276670670701,0.12675696543200665,accelerating,accelerating,1.0,0.0008625276670670701,False,False
2024-03-31,2024Q1,0,2024Q1,growth_yoy,call,True,-0.33795650939734134,-0.5275993604509477,decelerating,decelerating,1.0,0.33795650939734134,False,False
2024-03-31,2024Q1,0,2024Q1,growth_qoq,call,True,-0.10734141093381977,-0.6341958037865636,decelerating,decelerating,1.0,0.10734141093381977,False,False
2024-03-31,2024Q1,0,2024Q1,inflation_yoy,call,True,-0.03671692486639078,0.010576637685089096,decelerating,accelerating,0.0,0.03671692486639078,False,False
2024-03-31,2024Q1,0,2024Q1,inflation_qoq,call,True,0.14396322866141453,0.19027867940801801,accelerating,accelerating,1.0,0.14396322866141453,False,False
2024-03-31,2024Q1,1,2024Q2,growth_yoy,call,True,0.09729278275640851,0.26333717124937817,accelerating,accelerating,1.0,0.09729278275640851,False,False
2024-03-31,2024Q1,1,2024Q2,growth_qoq,lean,True,0.12118192106127523,0.6756249507487544,accelerating,accelerating,1.0,0.12118192106127523,False,False
2024-03-31,2024Q1,1,2024Q2,inflation_yoy,call,True,0.08052346601981064,-0.05230679378268288,accelerating,decelerating,0.0,0.08052346601981064,False,False
2024-03-31,2024Q1,1,2024Q2,inflation_qoq,call,True,-0.06698966019114128,-0.24327394708325567,decelerating,decelerating,1.0,0.06698966019114128,False,False
2024-03-31,2024Q1,2,2024Q3,growth_yoy,call,True,-0.4392328080912389,-0.3352418866658935,decelerating,decelerating,1.0,0.4392328080912389,False,False
2024-03-31,2024Q1,2,2024Q3,growth_qoq,abstain,False,,-0.060708271847698114,no call,decelerating,,,False,False
2024-03-31,2024Q1,2,2024Q3,inflation_yoy,call,True,-0.281407324945504,-0.5334094476926228,decelerating,decelerating,1.0,0.281407324945504,False,False
2024-03-31,2024Q1,2,2024Q3,inflation_qoq,call,True,-0.21936203834134194,-0.33565645220838825,decelerating,decelerating,1.0,0.21936203834134194,False,False
2024-03-31,2024Q1,3,2024Q4,growth_yoy,call,True,-0.12342537879164173,-0.39160115272274254,decelerating,decelerating,1.0,0.12342537879164173,False,False
2024-03-31,2024Q1,3,2024Q4,growth_qoq,abstain,False,,-0.3649033359526932,no call,decelerating,,,False,False
2024-03-31,2024Q1,3,2024Q4,inflation_yoy,call,True,-0.17029891288692722,0.06463472229138256,decelerating,accelerating,0.0,0.17029891288692722,False,False
2024-03-31,2024Q1,3,2024Q4,inflation_qoq,call,True,-0.02339556976931334,0.4529708035187374,decelerating,accelerating,0.0,0.02339556976931334,False,False
2024-03-31,2024Q1,4,2025Q1,growth_yoy,call,True,0.3354333859006964,-0.380515470679077,accelerating,decelerating,0.0,0.3354333859006964,False,False
2024-03-31,2024Q1,4,2025Q1,growth_qoq,abstain,False,,-0.6223910902059093,no call,decelerating,,,False,False
2024-03-31,2024Q1,4,2025Q1,inflation_yoy,call,True,-0.31349418631920756,0.0018452452668960007,decelerating,accelerating,0.0,0.31349418631920756,False,False
2024-03-31,2024Q1,4,2025Q1,inflation_qoq,call,True,0.0017988293654180865,0.12675696543200665,accelerating,accelerating,1.0,0.0017988293654180865,False,False
2024-04-30,2024Q2,0,2024Q2,growth_yoy,call,True,-0.23564294137785602,0.26333717124937817,decelerating,accelerating,0.0,0.23564294137785602,False,False
2024-04-30,2024Q2,0,2024Q2,growth_qoq,call,True,0.2774418944145427,0.6756249507487544,accelerating,accelerating,1.0,0.2774418944145427,False,False
2024-04-30,2024Q2,0,2024Q2,inflation_yoy,call,True,0.25325941502969407,-0.05230679378268288,accelerating,decelerating,0.0,0.25325941502969407,False,False
2024-04-30,2024Q2,0,2024Q2,inflation_qoq,call,True,0.05510392216083737,-0.24327394708325567,accelerating,decelerating,0.0,0.05510392216083737,False,False
2024-04-30,2024Q2,1,2024Q3,growth_yoy,call,True,-0.45405771747411006,-0.3352418866658935,decelerating,decelerating,1.0,0.45405771747411006,False,False
2024-04-30,2024Q2,1,2024Q3,growth_qoq,lean,True,-0.4962086288377354,-0.060708271847698114,decelerating,decelerating,1.0,0.4962086288377354,False,False
2024-04-30,2024Q2,1,2024Q3,inflation_yoy,call,True,-0.2668226996814722,-0.5334094476926228,decelerating,decelerating,1.0,0.2668226996814722,False,False
2024-04-30,2024Q2,1,2024Q3,inflation_qoq,call,True,-0.37299645650277213,-0.33565645220838825,decelerating,decelerating,1.0,0.37299645650277213,False,False
2024-04-30,2024Q2,2,2024Q4,growth_yoy,call,True,-0.13980640949116108,-0.39160115272274254,decelerating,decelerating,1.0,0.13980640949116108,False,False
2024-04-30,2024Q2,2,2024Q4,growth_qoq,abstain,False,,-0.3649033359526932,no call,decelerating,,,False,False
2024-04-30,2024Q2,2,2024Q4,inflation_yoy,call,True,-0.17004688718321326,0.06463472229138256,decelerating,accelerating,0.0,0.17004688718321326,False,False
2024-04-30,2024Q2,2,2024Q4,inflation_qoq,call,True,-0.037547933085901875,0.4529708035187374,decelerating,accelerating,0.0,0.037547933085901875,False,False
2024-04-30,2024Q2,3,2025Q1,growth_yoy,call,True,0.5052401530654782,-0.380515470679077,accelerating,decelerating,0.0,0.5052401530654782,False,False
2024-04-30,2024Q2,3,2025Q1,growth_qoq,abstain,False,,-0.6223910902059093,no call,decelerating,,,False,False
2024-04-30,2024Q2,3,2025Q1,inflation_yoy,call,True,-0.36301959247461557,0.0018452452668960007,decelerating,accelerating,0.0,0.36301959247461557,False,False
2024-04-30,2024Q2,3,2025Q1,inflation_qoq,call,True,-0.0007139480993290093,0.12675696543200665,decelerating,accelerating,0.0,0.0007139480993290093,False,False
2024-04-30,2024Q2,4,2025Q2,growth_yoy,call,True,0.3153055860352971,0.06119349487541115,accelerating,accelerating,1.0,0.3153055860352971,False,False
2024-04-30,2024Q2,4,2025Q2,growth_qoq,abstain,False,,1.1085161216577988,no call,accelerating,,,False,False
2024-04-30,2024Q2,4,2025Q2,inflation_yoy,call,True,-0.4217398818890197,-0.2638120049769004,decelerating,decelerating,1.0,0.4217398818890197,False,False
2024-04-30,2024Q2,4,2025Q2,inflation_qoq,call,True,-0.0027425972179973,-0.5017605876683318,decelerating,decelerating,1.0,0.0027425972179973,False,False
2024-05-31,2024Q2,0,2024Q2,growth_yoy,call,True,0.29529009669346795,0.26333717124937817,accelerating,accelerating,1.0,0.29529009669346795,False,False
2024-05-31,2024Q2,0,2024Q2,growth_qoq,call,True,0.2774418944145427,0.6756249507487544,accelerating,accelerating,1.0,0.2774418944145427,False,False
2024-05-31,2024Q2,0,2024Q2,inflation_yoy,call,True,0.0464450427505021,-0.05230679378268288,accelerating,decelerating,0.0,0.0464450427505021,False,False
2024-05-31,2024Q2,0,2024Q2,inflation_qoq,call,True,-0.1467773171440978,-0.24327394708325567,decelerating,decelerating,1.0,0.1467773171440978,False,False
2024-05-31,2024Q2,1,2024Q3,growth_yoy,call,True,-0.4564067358924673,-0.3352418866658935,decelerating,decelerating,1.0,0.4564067358924673,False,False
2024-05-31,2024Q2,1,2024Q3,growth_qoq,lean,True,-0.4962086288377354,-0.060708271847698114,decelerating,decelerating,1.0,0.4962086288377354,False,False
2024-05-31,2024Q2,1,2024Q3,inflation_yoy,call,True,-0.35280807184389484,-0.5334094476926228,decelerating,decelerating,1.0,0.35280807184389484,False,False
2024-05-31,2024Q2,1,2024Q3,inflation_qoq,call,True,-0.2554706328532719,-0.33565645220838825,decelerating,decelerating,1.0,0.2554706328532719,False,False
2024-05-31,2024Q2,2,2024Q4,growth_yoy,call,True,-0.14052968280697797,-0.39160115272274254,decelerating,decelerating,1.0,0.14052968280697797,False,False
2024-05-31,2024Q2,2,2024Q4,growth_qoq,abstain,False,,-0.3649033359526932,no call,decelerating,,,False,False
2024-05-31,2024Q2,2,2024Q4,inflation_yoy,call,True,-0.1720519508354057,0.06463472229138256,decelerating,accelerating,0.0,0.1720519508354057,False,False
2024-05-31,2024Q2,2,2024Q4,inflation_qoq,call,True,0.044375340915747685,0.4529708035187374,accelerating,accelerating,1.0,0.044375340915747685,False,False
2024-05-31,2024Q2,3,2025Q1,growth_yoy,call,True,0.5078539582703545,-0.380515470679077,accelerating,decelerating,0.0,0.5078539582703545,False,False
2024-05-31,2024Q2,3,2025Q1,growth_qoq,abstain,False,,-0.6223910902059093,no call,decelerating,,,False,False
2024-05-31,2024Q2,3,2025Q1,inflation_yoy,call,True,-0.3640549665093529,0.0018452452668960007,decelerating,accelerating,0.0,0.3640549665093529,False,False
2024-05-31,2024Q2,3,2025Q1,inflation_qoq,call,True,-0.00031907443376333333,0.12675696543200665,decelerating,accelerating,0.0,0.00031907443376333333,False,False
2024-05-31,2024Q2,4,2025Q2,growth_yoy,call,True,-0.21516896550670683,0.06119349487541115,decelerating,accelerating,0.0,0.21516896550670683,False,False
2024-05-31,2024Q2,4,2025Q2,growth_qoq,abstain,False,,1.1085161216577988,no call,accelerating,,,False,False
2024-05-31,2024Q2,4,2025Q2,inflation_yoy,call,True,-0.21897375664311136,-0.2638120049769004,decelerating,decelerating,1.0,0.21897375664311136,False,False
2024-05-31,2024Q2,4,2025Q2,inflation_qoq,call,True,-0.003320738440826254,-0.5017605876683318,decelerating,decelerating,1.0,0.003320738440826254,False,False
2024-06-30,2024Q2,0,2024Q2,growth_yoy,call,True,0.32872611957901476,0.26333717124937817,accelerating,accelerating,1.0,0.32872611957901476,False,False
2024-06-30,2024Q2,0,2024Q2,growth_qoq,call,True,0.2774418944145427,0.6756249507487544,accelerating,accelerating,1.0,0.2774418944145427,False,False
2024-06-30,2024Q2,0,2024Q2,inflation_yoy,call,True,0.028739861277522927,-0.05230679378268288,accelerating,decelerating,0.0,0.028739861277522927,False,False
2024-06-30,2024Q2,0,2024Q2,inflation_qoq,call,True,-0.16404869400512556,-0.24327394708325567,decelerating,decelerating,1.0,0.16404869400512556,False,False
2024-06-30,2024Q2,1,2024Q3,growth_yoy,call,True,-0.45655466760508023,-0.3352418866658935,decelerating,decelerating,1.0,0.45655466760508023,False,False
2024-06-30,2024Q2,1,2024Q3,growth_qoq,lean,True,-0.4962086288377354,-0.060708271847698114,decelerating,decelerating,1.0,0.4962086288377354,False,False
2024-06-30,2024Q2,1,2024Q3,inflation_yoy,call,True,-0.33823480184583454,-0.5334094476926228,decelerating,decelerating,1.0,0.33823480184583454,False,False
2024-06-30,2024Q2,1,2024Q3,inflation_qoq,call,True,-0.22402329159352252,-0.33565645220838825,decelerating,decelerating,1.0,0.22402329159352252,False,False
2024-06-30,2024Q2,2,2024Q4,growth_yoy,call,True,-0.1405752316453679,-0.39160115272274254,decelerating,decelerating,1.0,0.1405752316453679,False,False
2024-06-30,2024Q2,2,2024Q4,growth_qoq,abstain,False,,-0.3649033359526932,no call,decelerating,,,False,False
2024-06-30,2024Q2,2,2024Q4,inflation_yoy,call,True,-0.16879230489716202,0.06463472229138256,decelerating,accelerating,0.0,0.16879230489716202,False,False
2024-06-30,2024Q2,2,2024Q4,inflation_qoq,call,True,0.03338055556598718,0.4529708035187374,accelerating,accelerating,1.0,0.03338055556598718,False,False
2024-06-30,2024Q2,3,2025Q1,growth_yoy,call,True,0.5080185651875846,-0.380515470679077,accelerating,decelerating,0.0,0.5080185651875846,False,False
2024-06-30,2024Q2,3,2025Q1,growth_qoq,abstain,False,,-0.6223910902059093,no call,decelerating,,,False,False
2024-06-30,2024Q2,3,2025Q1,inflation_yoy,call,True,-0.36348925039893665,0.0018452452668960007,decelerating,accelerating,0.0,0.36348925039893665,False,False
2024-06-30,2024Q2,3,2025Q1,inflation_qoq,call,True,-0.00294556539170987,0.12675696543200665,decelerating,accelerating,0.0,0.00294556539170987,False,False
2024-06-30,2024Q2,4,2025Q2,growth_yoy,call,True,-0.24857611475850305,0.06119349487541115,decelerating,accelerating,0.0,0.24857611475850305,False,False
2024-06-30,2024Q2,4,2025Q2,growth_qoq,abstain,False,,1.1085161216577988,no call,accelerating,,,False,False
2024-06-30,2024Q2,4,2025Q2,inflation_yoy,call,True,-0.20391317714776314,-0.2638120049769004,decelerating,decelerating,1.0,0.20391317714776314,False,False
2024-06-30,2024Q2,4,2025Q2,inflation_qoq,call,True,-0.006301534145269905,-0.5017605876683318,decelerating,decelerating,1.0,0.006301534145269905,False,False
2024-07-31,2024Q3,0,2024Q3,growth_yoy,call,True,-0.8068505672877535,-0.3352418866658935,decelerating,decelerating,1.0,0.8068505672877535,False,False
2024-07-31,2024Q3,0,2024Q3,growth_qoq,call,True,-0.2220844627370373,-0.060708271847698114,decelerating,decelerating,1.0,0.2220844627370373,False,False
2024-07-31,2024Q3,0,2024Q3,inflation_yoy,call,True,-0.4420284417891769,-0.5334094476926228,decelerating,decelerating,1.0,0.4420284417891769,False,False
2024-07-31,2024Q3,0,2024Q3,inflation_qoq,call,True,-0.24631261236349733,-0.33565645220838825,decelerating,decelerating,1.0,0.24631261236349733,False,False
2024-07-31,2024Q3,1,2024Q4,growth_yoy,call,True,-0.12295526350032393,-0.39160115272274254,decelerating,decelerating,1.0,0.12295526350032393,False,False
2024-07-31,2024Q3,1,2024Q4,growth_qoq,lean,True,0.16261106802346603,-0.3649033359526932,accelerating,decelerating,0.0,0.16261106802346603,False,False
2024-07-31,2024Q3,1,2024Q4,inflation_yoy,call,True,-0.16349077220197605,0.06463472229138256,decelerating,accelerating,0.0,0.16349077220197605,False,False
2024-07-31,2024Q3,1,2024Q4,inflation_qoq,call,True,0.13976818159338045,0.4529708035187374,accelerating,accelerating,1.0,0.13976818159338045,False,False
2024-07-31,2024Q3,2,2025Q1,growth_yoy,call,True,0.5231859384748017,-0.380515470679077,accelerating,decelerating,0.0,0.5231859384748017,False,False
2024-07-31,2024Q3,2,2025Q1,growth_qoq,abstain,False,,-0.6223910902059093,no call,decelerating,,,False,False
2024-07-31,2024Q3,2,2025Q1,inflation_yoy,call,True,-0.3637109069276758,0.0018452452668960007,decelerating,accelerating,0.0,0.3637109069276758,False,False
2024-07-31,2024Q3,2,2025Q1,inflation_qoq,call,True,-0.008661516916452783,0.12675696543200665,decelerating,accelerating,0.0,0.008661516916452783,False,False
2024-07-31,2024Q3,3,2025Q2,growth_yoy,call,True,-0.165568025813001,0.06119349487541115,decelerating,accelerating,0.0,0.165568025813001,False,False
2024-07-31,2024Q3,3,2025Q2,growth_qoq,abstain,False,,1.1085161216577988,no call,accelerating,,,False,False
2024-07-31,2024Q3,3,2025Q2,inflation_yoy,call,True,-0.12305865852547315,-0.2638120049769004,decelerating,decelerating,1.0,0.12305865852547315,False,False
2024-07-31,2024Q3,3,2025Q2,inflation_qoq,call,True,-0.005290106187016974,-0.5017605876683318,decelerating,decelerating,1.0,0.005290106187016974,False,False
2024-07-31,2024Q3,4,2025Q3,growth_yoy,call,True,0.36856157970475145,0.25470126338165144,accelerating,accelerating,1.0,0.36856157970475145,False,False
2024-07-31,2024Q3,4,2025Q3,growth_qoq,abstain,False,,0.13034649595387027,no call,accelerating,,,False,False
2024-07-31,2024Q3,4,2025Q3,inflation_yoy,call,True,0.12945313245778722,0.4402247254586453,accelerating,accelerating,1.0,0.12945313245778722,False,False
2024-07-31,2024Q3,4,2025Q3,inflation_qoq,call,True,0.0014936548302646457,0.35328560169962664,accelerating,accelerating,1.0,0.0014936548302646457,False,False
2024-08-31,2024Q3,0,2024Q3,growth_yoy,call,True,-0.6176963165734017,-0.3352418866658935,decelerating,decelerating,1.0,0.6176963165734017,False,False
2024-08-31,2024Q3,0,2024Q3,growth_qoq,call,True,-0.2220844627370373,-0.060708271847698114,decelerating,decelerating,1.0,0.2220844627370373,False,False
2024-08-31,2024Q3,0,2024Q3,inflation_yoy,call,True,-0.6140541469868306,-0.5334094476926228,decelerating,decelerating,1.0,0.6140541469868306,False,False
2024-08-31,2024Q3,0,2024Q3,inflation_qoq,call,True,-0.41470159596042055,-0.33565645220838825,decelerating,decelerating,1.0,0.41470159596042055,False,False
2024-08-31,2024Q3,1,2024Q4,growth_yoy,call,True,-0.12318256569467945,-0.39160115272274254,decelerating,decelerating,1.0,0.12318256569467945,False,False
2024-08-31,2024Q3,1,2024Q4,growth_qoq,lean,True,0.16261106802346603,-0.3649033359526932,accelerating,decelerating,0.0,0.16261106802346603,False,False
2024-08-31,2024Q3,1,2024Q4,inflation_yoy,call,True,-0.2447891761171883,0.06463472229138256,decelerating,accelerating,0.0,0.2447891761171883,False,False
2024-08-31,2024Q3,1,2024Q4,inflation_qoq,call,True,0.22832016534999333,0.4529708035187374,accelerating,accelerating,1.0,0.22832016534999333,False,False
2024-08-31,2024Q3,2,2025Q1,growth_yoy,call,True,0.5241531301874103,-0.380515470679077,accelerating,decelerating,0.0,0.5241531301874103,False,False
2024-08-31,2024Q3,2,2025Q1,growth_qoq,abstain,False,,-0.6223910902059093,no call,decelerating,,,False,False
2024-08-31,2024Q3,2,2025Q1,inflation_yoy,call,True,-0.36917909642395497,0.0018452452668960007,decelerating,accelerating,0.0,0.36917909642395497,False,False
2024-08-31,2024Q3,2,2025Q1,inflation_qoq,call,True,0.06489496815544893,0.12675696543200665,accelerating,accelerating,1.0,0.06489496815544893,False,False
2024-08-31,2024Q3,3,2025Q2,growth_yoy,call,True,-0.16587410441846195,0.06119349487541115,decelerating,accelerating,0.0,0.16587410441846195,False,False
2024-08-31,2024Q3,3,2025Q2,growth_qoq,abstain,False,,1.1085161216577988,no call,accelerating,,,False,False
2024-08-31,2024Q3,3,2025Q2,inflation_yoy,call,True,-0.12798722831464104,-0.2638120049769004,decelerating,decelerating,1.0,0.12798722831464104,False,False
2024-08-31,2024Q3,3,2025Q2,inflation_qoq,call,True,-0.004177992335230307,-0.5017605876683318,decelerating,decelerating,1.0,0.004177992335230307,False,False
2024-08-31,2024Q3,4,2025Q3,growth_yoy,call,True,0.17897351807762973,0.25470126338165144,accelerating,accelerating,1.0,0.17897351807762973,False,False
2024-08-31,2024Q3,4,2025Q3,growth_qoq,abstain,False,,0.13034649595387027,no call,accelerating,,,False,False
2024-08-31,2024Q3,4,2025Q3,inflation_yoy,call,True,0.29390933250142615,0.4402247254586453,accelerating,accelerating,1.0,0.29390933250142615,False,False
2024-08-31,2024Q3,4,2025Q3,inflation_qoq,call,True,0.0003563771123982207,0.35328560169962664,accelerating,accelerating,1.0,0.0003563771123982207,False,False
2024-09-30,2024Q3,0,2024Q3,growth_yoy,call,True,-0.5919697566413085,-0.3352418866658935,decelerating,decelerating,1.0,0.5919697566413085,False,False
2024-09-30,2024Q3,0,2024Q3,growth_qoq,call,True,-0.2220844627370373,-0.060708271847698114,decelerating,decelerating,1.0,0.2220844627370373,False,False
2024-09-30,2024Q3,0,2024Q3,inflation_yoy,call,True,-0.5888758118695931,-0.5334094476926228,decelerating,decelerating,1.0,0.5888758118695931,False,False
2024-09-30,2024Q3,0,2024Q3,inflation_qoq,call,True,-0.39009444322299913,-0.33565645220838825,decelerating,decelerating,1.0,0.39009444322299913,False,False
2024-09-30,2024Q3,1,2024Q4,growth_yoy,call,True,-0.12321348069397331,-0.39160115272274254,decelerating,decelerating,1.0,0.12321348069397331,False,False
2024-09-30,2024Q3,1,2024Q4,growth_qoq,lean,True,0.16261106802346603,-0.3649033359526932,accelerating,decelerating,0.0,0.16261106802346603,False,False
2024-09-30,2024Q3,1,2024Q4,inflation_yoy,call,True,-0.33005635050193183,0.06463472229138256,decelerating,accelerating,0.0,0.33005635050193183,False,False
2024-09-30,2024Q3,1,2024Q4,inflation_qoq,call,True,0.12007186869140707,0.4529708035187374,accelerating,accelerating,1.0,0.12007186869140707,False,False
2024-09-30,2024Q3,2,2025Q1,growth_yoy,call,True,0.5242846763486186,-0.380515470679077,accelerating,decelerating,0.0,0.5242846763486186,False,False
2024-09-30,2024Q3,2,2025Q1,growth_qoq,abstain,False,,-0.6223910902059093,no call,decelerating,,,False,False
2024-09-30,2024Q3,2,2025Q1,inflation_yoy,call,True,-0.35988836730700435,0.0018452452668960007,decelerating,accelerating,0.0,0.35988836730700435,False,False
2024-09-30,2024Q3,2,2025Q1,inflation_qoq,call,True,0.15749489037171216,0.12675696543200665,accelerating,accelerating,1.0,0.15749489037171216,False,False
2024-09-30,2024Q3,3,2025Q2,growth_yoy,call,True,-0.16591573366842027,0.06119349487541115,decelerating,accelerating,0.0,0.16591573366842027,False,False
2024-09-30,2024Q3,3,2025Q2,growth_qoq,abstain,False,,1.1085161216577988,no call,accelerating,,,False,False
2024-09-30,2024Q3,3,2025Q2,inflation_yoy,call,True,-0.11776697671714853,-0.2638120049769004,decelerating,decelerating,1.0,0.11776697671714853,False,False
2024-09-30,2024Q3,3,2025Q2,inflation_qoq,call,True,-0.0031131805731332562,-0.5017605876683318,decelerating,decelerating,1.0,0.0031131805731332562,False,False
2024-09-30,2024Q3,4,2025Q3,growth_yoy,call,True,0.15318795623355808,0.25470126338165144,accelerating,accelerating,1.0,0.15318795623355808,False,False
2024-09-30,2024Q3,4,2025Q3,growth_qoq,abstain,False,,0.13034649595387027,no call,accelerating,,,False,False
2024-09-30,2024Q3,4,2025Q3,inflation_yoy,call,True,0.27890837441682703,0.4402247254586453,accelerating,accelerating,1.0,0.27890837441682703,False,False
2024-09-30,2024Q3,4,2025Q3,inflation_qoq,call,True,0.0003471821271361364,0.35328560169962664,accelerating,accelerating,1.0,0.0003471821271361364,False,False
2024-10-31,2024Q4,0,2024Q4,growth_yoy,call,True,-0.2881528893399654,-0.39160115272274254,decelerating,decelerating,1.0,0.2881528893399654,False,False
2024-10-31,2024Q4,0,2024Q4,growth_qoq,call,True,-0.19183917844780285,-0.3649033359526932,decelerating,decelerating,1.0,0.19183917844780285,False,False
2024-10-31,2024Q4,0,2024Q4,inflation_yoy,call,True,-0.10504678525518063,0.06463472229138256,decelerating,accelerating,0.0,0.10504678525518063,False,False
2024-10-31,2024Q4,0,2024Q4,inflation_qoq,call,True,0.28635703385211375,0.4529708035187374,accelerating,accelerating,1.0,0.28635703385211375,False,False
2024-10-31,2024Q4,1,2025Q1,growth_yoy,call,True,0.5773710355191142,-0.380515470679077,accelerating,decelerating,0.0,0.5773710355191142,False,False
2024-10-31,2024Q4,1,2025Q1,growth_qoq,lean,True,0.05046356260602902,-0.6223910902059093,accelerating,decelerating,0.0,0.05046356260602902,False,False
2024-10-31,2024Q4,1,2025Q1,inflation_yoy,call,True,-0.34691379681402656,0.0018452452668960007,decelerating,accelerating,0.0,0.34691379681402656,False,False
2024-10-31,2024Q4,1,2025Q1,inflation_qoq,call,True,-0.04949483502005858,0.12675696543200665,decelerating,accelerating,0.0,0.04949483502005858,False,False
2024-10-31,2024Q4,2,2025Q2,growth_yoy,call,True,-0.11359077192285572,0.06119349487541115,decelerating,accelerating,0.0,0.11359077192285572,False,False
2024-10-31,2024Q4,2,2025Q2,growth_qoq,abstain,False,,1.1085161216577988,no call,accelerating,,,False,False
2024-10-31,2024Q4,2,2025Q2,inflation_yoy,call,True,-0.11167525876786621,-0.2638120049769004,decelerating,decelerating,1.0,0.11167525876786621,False,False
2024-10-31,2024Q4,2,2025Q2,inflation_qoq,call,True,-0.010520101724220687,-0.5017605876683318,decelerating,decelerating,1.0,0.010520101724220687,False,False
2024-10-31,2024Q4,3,2025Q3,growth_yoy,call,True,-0.051535769393917796,0.25470126338165144,decelerating,accelerating,0.0,0.051535769393917796,False,False
2024-10-31,2024Q4,3,2025Q3,growth_qoq,abstain,False,,0.13034649595387027,no call,accelerating,,,False,False
2024-10-31,2024Q4,3,2025Q3,inflation_yoy,call,True,0.22834862820000357,0.4402247254586453,accelerating,accelerating,1.0,0.22834862820000357,False,False
2024-10-31,2024Q4,3,2025Q3,inflation_qoq,call,True,-0.001937274696461877,0.35328560169962664,decelerating,accelerating,0.0,0.001937274696461877,False,False
2024-10-31,2024Q4,4,2025Q4,growth_yoy,call,True,0.2179364265834316,-0.34586811134476037,accelerating,decelerating,0.0,0.2179364265834316,False,False
2024-10-31,2024Q4,4,2025Q4,growth_qoq,abstain,False,,-0.9560016017673645,no call,decelerating,,,False,False
2024-10-31,2024Q4,4,2025Q4,inflation_yoy,call,True,-0.06315274924643477,-0.1651323464324661,decelerating,decelerating,1.0,0.06315274924643477,False,False
2024-10-31,2024Q4,4,2025Q4,inflation_qoq,call,True,-0.00016098965300859192,-0.14038936550824221,decelerating,decelerating,1.0,0.00016098965300859192,False,False
2024-11-30,2024Q4,0,2024Q4,growth_yoy,call,True,-0.3117418176505238,-0.39160115272274254,decelerating,decelerating,1.0,0.3117418176505238,False,False
2024-11-30,2024Q4,0,2024Q4,growth_qoq,call,True,-0.19183917844780285,-0.3649033359526932,decelerating,decelerating,1.0,0.19183917844780285,False,False
2024-11-30,2024Q4,0,2024Q4,inflation_yoy,call,True,-0.08666809695474509,0.06463472229138256,decelerating,accelerating,0.0,0.08666809695474509,False,False
2024-11-30,2024Q4,0,2024Q4,inflation_qoq,call,True,0.30434778505918914,0.4529708035187374,accelerating,accelerating,1.0,0.30434778505918914,False,False
2024-11-30,2024Q4,1,2025Q1,growth_yoy,call,True,0.5772381659200798,-0.380515470679077,accelerating,decelerating,0.0,0.5772381659200798,False,False
2024-11-30,2024Q4,1,2025Q1,growth_qoq,lean,True,0.05046356260602902,-0.6223910902059093,accelerating,decelerating,0.0,0.05046356260602902,False,False
2024-11-30,2024Q4,1,2025Q1,inflation_yoy,call,True,-0.37641723083382894,0.0018452452668960007,decelerating,accelerating,0.0,0.37641723083382894,False,False
2024-11-30,2024Q4,1,2025Q1,inflation_qoq,call,True,-0.09640747070984723,0.12675696543200665,decelerating,accelerating,0.0,0.09640747070984723,False,False
2024-11-30,2024Q4,2,2025Q2,growth_yoy,call,True,-0.11356463143536999,0.06119349487541115,decelerating,accelerating,0.0,0.11356463143536999,False,False
2024-11-30,2024Q4,2,2025Q2,growth_qoq,abstain,False,,1.1085161216577988,no call,accelerating,,,False,False
2024-11-30,2024Q4,2,2025Q2,inflation_yoy,call,True,-0.11156264625321244,-0.2638120049769004,decelerating,decelerating,1.0,0.11156264625321244,False,False
2024-11-30,2024Q4,2,2025Q2,inflation_qoq,call,True,0.018499338182920155,-0.5017605876683318,accelerating,decelerating,0.0,0.018499338182920155,False,False
2024-11-30,2024Q4,3,2025Q3,growth_yoy,call,True,-0.051523909538486734,0.25470126338165144,decelerating,accelerating,0.0,0.051523909538486734,False,False
2024-11-30,2024Q4,3,2025Q3,growth_qoq,abstain,False,,0.13034649595387027,no call,accelerating,,,False,False
2024-11-30,2024Q4,3,2025Q3,inflation_yoy,call,True,0.22456030086943635,0.4402247254586453,accelerating,accelerating,1.0,0.22456030086943635,False,False
2024-11-30,2024Q4,3,2025Q3,inflation_qoq,call,True,-0.005736297942715574,0.35328560169962664,decelerating,accelerating,0.0,0.005736297942715574,False,False
2024-11-30,2024Q4,4,2025Q4,growth_yoy,call,True,0.24162022415010753,-0.34586811134476037,accelerating,decelerating,0.0,0.24162022415010753,False,False
2024-11-30,2024Q4,4,2025Q4,growth_qoq,abstain,False,,-0.9560016017673645,no call,decelerating,,,False,False
2024-11-30,2024Q4,4,2025Q4,inflation_yoy,call,True,-0.08785248683722546,-0.1651323464324661,decelerating,decelerating,1.0,0.08785248683722546,False,False
2024-11-30,2024Q4,4,2025Q4,inflation_qoq,call,True,-0.0027431519140419525,-0.14038936550824221,decelerating,decelerating,1.0,0.0027431519140419525,False,False
2024-12-31,2024Q4,0,2024Q4,growth_yoy,call,True,-0.22442532154114403,-0.39160115272274254,decelerating,decelerating,1.0,0.22442532154114403,False,False
2024-12-31,2024Q4,0,2024Q4,growth_qoq,call,True,-0.19183917844780285,-0.3649033359526932,decelerating,decelerating,1.0,0.19183917844780285,False,False
2024-12-31,2024Q4,0,2024Q4,inflation_yoy,call,True,0.016024578019961044,0.06463472229138256,accelerating,accelerating,1.0,0.016024578019961044,False,False
2024-12-31,2024Q4,0,2024Q4,inflation_qoq,call,True,0.4051932128689817,0.4529708035187374,accelerating,accelerating,1.0,0.4051932128689817,False,False
2024-12-31,2024Q4,1,2025Q1,growth_yoy,call,True,0.577729994445475,-0.380515470679077,accelerating,decelerating,0.0,0.577729994445475,False,False
2024-12-31,2024Q4,1,2025Q1,growth_qoq,lean,True,0.05046356260602902,-0.6223910902059093,accelerating,decelerating,0.0,0.05046356260602902,False,False
2024-12-31,2024Q4,1,2025Q1,inflation_yoy,call,True,-0.30132366138434863,0.0018452452668960007,decelerating,accelerating,0.0,0.30132366138434863,False,False
2024-12-31,2024Q4,1,2025Q1,inflation_qoq,call,True,-0.123156353406495,0.12675696543200665,decelerating,accelerating,0.0,0.123156353406495,False,False
2024-12-31,2024Q4,2,2025Q2,growth_yoy,call,True,-0.11366139275248432,0.06119349487541115,decelerating,accelerating,0.0,0.11366139275248432,False,False
2024-12-31,2024Q4,2,2025Q2,growth_qoq,abstain,False,,1.1085161216577988,no call,accelerating,,,False,False
2024-12-31,2024Q4,2,2025Q2,inflation_yoy,call,True,-0.09876485301812599,-0.2638120049769004,decelerating,decelerating,1.0,0.09876485301812599,False,False
2024-12-31,2024Q4,2,2025Q2,inflation_qoq,call,True,-0.042834117939727356,-0.5017605876683318,decelerating,decelerating,1.0,0.042834117939727356,False,False
2024-12-31,2024Q4,3,2025Q3,growth_yoy,call,True,-0.0515678098381267,0.25470126338165144,decelerating,accelerating,0.0,0.0515678098381267,False,False
2024-12-31,2024Q4,3,2025Q3,growth_qoq,abstain,False,,0.13034649595387027,no call,accelerating,,,False,False
2024-12-31,2024Q4,3,2025Q3,inflation_yoy,call,True,0.23618830032445803,0.4402247254586453,accelerating,accelerating,1.0,0.23618830032445803,False,False
2024-12-31,2024Q4,3,2025Q3,inflation_qoq,call,True,-0.007499384433473644,0.35328560169962664,decelerating,accelerating,0.0,0.007499384433473644,False,False
2024-12-31,2024Q4,4,2025Q4,growth_yoy,call,True,0.15395256113208688,-0.34586811134476037,accelerating,decelerating,0.0,0.15395256113208688,False,False
2024-12-31,2024Q4,4,2025Q4,growth_qoq,abstain,False,,-0.9560016017673645,no call,decelerating,,,False,False
2024-12-31,2024Q4,4,2025Q4,inflation_yoy,call,True,-0.17946790492147802,-0.1651323464324661,decelerating,decelerating,1.0,0.17946790492147802,False,False
2024-12-31,2024Q4,4,2025Q4,inflation_qoq,call,True,-0.0029646423920892673,-0.14038936550824221,decelerating,decelerating,1.0,0.0029646423920892673,False,False
2025-01-31,2025Q1,0,2025Q1,growth_yoy,call,True,0.6181269256851918,-0.380515470679077,accelerating,decelerating,0.0,0.6181269256851918,False,False
2025-01-31,2025Q1,0,2025Q1,growth_qoq,split,True,-0.024301385209401505,-0.6223910902059093,decelerating,decelerating,1.0,0.024301385209401505,False,False
2025-01-31,2025Q1,0,2025Q1,inflation_yoy,call,True,-0.04932445686380049,0.0018452452668960007,decelerating,accelerating,0.0,0.04932445686380049,False,False
2025-01-31,2025Q1,0,2025Q1,inflation_qoq,call,True,0.0767477381783177,0.12675696543200665,accelerating,accelerating,1.0,0.0767477381783177,False,False
2025-01-31,2025Q1,1,2025Q2,growth_yoy,call,True,-0.11352168739549029,0.06119349487541115,decelerating,accelerating,0.0,0.11352168739549029,False,False
2025-01-31,2025Q1,1,2025Q2,growth_qoq,lean,True,-0.3144397733466642,1.1085161216577988,decelerating,accelerating,0.0,0.3144397733466642,False,False
2025-01-31,2025Q1,1,2025Q2,inflation_yoy,call,True,-0.08020927557140478,-0.2638120049769004,decelerating,decelerating,1.0,0.08020927557140478,False,False
2025-01-31,2025Q1,1,2025Q2,inflation_qoq,call,True,-0.27211136707703254,-0.5017605876683318,decelerating,decelerating,1.0,0.27211136707703254,False,False
2025-01-31,2025Q1,2,2025Q3,growth_yoy,call,True,-0.05150442596513205,0.25470126338165144,decelerating,accelerating,0.0,0.05150442596513205,False,False
2025-01-31,2025Q1,2,2025Q3,growth_qoq,abstain,False,,0.13034649595387027,no call,accelerating,,,False,False
2025-01-31,2025Q1,2,2025Q3,inflation_yoy,call,True,0.23683184533630897,0.4402247254586453,accelerating,accelerating,1.0,0.23683184533630897,False,False
2025-01-31,2025Q1,2,2025Q3,inflation_qoq,call,True,-0.02599557919515938,0.35328560169962664,decelerating,accelerating,0.0,0.02599557919515938,False,False
2025-01-31,2025Q1,3,2025Q4,growth_yoy,call,True,0.3219299177879664,-0.34586811134476037,accelerating,decelerating,0.0,0.3219299177879664,False,False
2025-01-31,2025Q1,3,2025Q4,growth_qoq,abstain,False,,-0.9560016017673645,no call,decelerating,,,False,False
2025-01-31,2025Q1,3,2025Q4,inflation_yoy,call,True,-0.23016626232252158,-0.1651323464324661,decelerating,decelerating,1.0,0.23016626232252158,False,False
2025-01-31,2025Q1,3,2025Q4,inflation_qoq,call,True,-0.004492760825658415,-0.14038936550824221,decelerating,decelerating,1.0,0.004492760825658415,False,False
2025-01-31,2025Q1,4,2026Q1,growth_yoy,call,True,-0.04140154594396428,0.695443680627883,decelerating,accelerating,0.0,0.04140154594396428,False,False
2025-01-31,2025Q1,4,2026Q1,growth_qoq,abstain,False,,0.3979098815656279,no call,accelerating,,,False,False
2025-01-31,2025Q1,4,2026Q1,inflation_yoy,call,True,-0.30579282583479017,-0.03240701507541566,decelerating,decelerating,1.0,0.30579282583479017,False,False
2025-01-31,2025Q1,4,2026Q1,inflation_qoq,call,True,0.0022048343509828427,0.25753170019378047,accelerating,accelerating,1.0,0.0022048343509828427,False,False
2025-02-28,2025Q1,0,2025Q1,growth_yoy,call,True,0.519103125229381,-0.380515470679077,accelerating,decelerating,0.0,0.519103125229381,False,False
2025-02-28,2025Q1,0,2025Q1,growth_qoq,split,True,-0.024301385209401505,-0.6223910902059093,decelerating,decelerating,1.0,0.024301385209401505,False,False
2025-02-28,2025Q1,0,2025Q1,inflation_yoy,call,True,-0.039234997848065944,0.0018452452668960007,decelerating,accelerating,0.0,0.039234997848065944,False,False
2025-02-28,2025Q1,0,2025Q1,inflation_qoq,call,True,0.08640631010148336,0.12675696543200665,accelerating,accelerating,1.0,0.08640631010148336,False,False
2025-02-28,2025Q1,1,2025Q2,growth_yoy,call,True,-0.1134125670655628,0.06119349487541115,decelerating,accelerating,0.0,0.1134125670655628,False,False
2025-02-28,2025Q1,1,2025Q2,growth_qoq,lean,True,-0.3144397733466642,1.1085161216577988,decelerating,accelerating,0.0,0.3144397733466642,False,False
2025-02-28,2025Q1,1,2025Q2,inflation_yoy,call,True,-0.15561827674288597,-0.2638120049769004,decelerating,decelerating,1.0,0.15561827674288597,False,False
2025-02-28,2025Q1,1,2025Q2,inflation_qoq,call,True,-0.3554393100952291,-0.5017605876683318,decelerating,decelerating,1.0,0.3554393100952291,False,False
2025-02-28,2025Q1,2,2025Q3,growth_yoy,call,True,-0.051454918420934526,0.25470126338165144,decelerating,accelerating,0.0,0.051454918420934526,False,False
2025-02-28,2025Q1,2,2025Q3,growth_qoq,abstain,False,,0.13034649595387027,no call,accelerating,,,False,False
2025-02-28,2025Q1,2,2025Q3,inflation_yoy,call,True,0.23574237273834164,0.4402247254586453,accelerating,accelerating,1.0,0.23574237273834164,False,False
2025-02-28,2025Q1,2,2025Q3,inflation_qoq,call,True,0.04675525028525751,0.35328560169962664,accelerating,accelerating,1.0,0.04675525028525751,False,False
2025-02-28,2025Q1,3,2025Q4,growth_yoy,call,True,0.3216204694379998,-0.34586811134476037,accelerating,decelerating,0.0,0.3216204694379998,False,False
2025-02-28,2025Q1,3,2025Q4,growth_qoq,abstain,False,,-0.9560016017673645,no call,decelerating,,,False,False
2025-02-28,2025Q1,3,2025Q4,inflation_yoy,call,True,-0.2295851325615863,-0.1651323464324661,decelerating,decelerating,1.0,0.2295851325615863,False,False
2025-02-28,2025Q1,3,2025Q4,inflation_qoq,call,True,-0.0031493017301098547,-0.14038936550824221,decelerating,decelerating,1.0,0.0031493017301098547,False,False
2025-02-28,2025Q1,4,2026Q1,growth_yoy,call,True,0.05777307498766593,0.695443680627883,accelerating,accelerating,1.0,0.05777307498766593,False,False
2025-02-28,2025Q1,4,2026Q1,growth_qoq,abstain,False,,0.3979098815656279,no call,accelerating,,,False,False
2025-02-28,2025Q1,4,2026Q1,inflation_yoy,call,True,-0.31276774892783354,-0.03240701507541566,decelerating,decelerating,1.0,0.31276774892783354,False,False
2025-02-28,2025Q1,4,2026Q1,inflation_qoq,call,True,0.0044507517195091495,0.25753170019378047,accelerating,accelerating,1.0,0.0044507517195091495,False,False
2025-03-31,2025Q1,0,2025Q1,growth_yoy,call,True,0.5003708618279479,-0.380515470679077,accelerating,decelerating,0.0,0.5003708618279479,False,False
2025-03-31,2025Q1,0,2025Q1,growth_qoq,split,True,-0.024301385209401505,-0.6223910902059093,decelerating,decelerating,1.0,0.024301385209401505,False,False
2025-03-31,2025Q1,0,2025Q1,inflation_yoy,call,True,0.03331182023550072,0.0018452452668960007,accelerating,accelerating,1.0,0.03331182023550072,False,False
2025-03-31,2025Q1,0,2025Q1,inflation_qoq,call,True,0.1578018493406219,0.12675696543200665,accelerating,accelerating,1.0,0.1578018493406219,False,False
2025-03-31,2025Q1,1,2025Q2,growth_yoy,call,True,-0.11339192484869365,0.06119349487541115,decelerating,accelerating,0.0,0.11339192484869365,False,False
2025-03-31,2025Q1,1,2025Q2,growth_qoq,lean,True,-0.3144397733466642,1.1085161216577988,decelerating,accelerating,0.0,0.3144397733466642,False,False
2025-03-31,2025Q1,1,2025Q2,inflation_yoy,call,True,-0.15763065757638328,-0.2638120049769004,decelerating,decelerating,1.0,0.15763065757638328,False,False
2025-03-31,2025Q1,1,2025Q2,inflation_qoq,call,True,-0.4288270186347809,-0.5017605876683318,decelerating,decelerating,1.0,0.4288270186347809,False,False
2025-03-31,2025Q1,2,2025Q3,growth_yoy,call,True,-0.05144555311324961,0.25470126338165144,decelerating,accelerating,0.0,0.05144555311324961,False,False
2025-03-31,2025Q1,2,2025Q3,growth_qoq,abstain,False,,0.13034649595387027,no call,accelerating,,,False,False
2025-03-31,2025Q1,2,2025Q3,inflation_yoy,call,True,0.24693292380408094,0.4402247254586453,accelerating,accelerating,1.0,0.24693292380408094,False,False
2025-03-31,2025Q1,2,2025Q3,inflation_qoq,call,True,0.05953704607086774,0.35328560169962664,accelerating,accelerating,1.0,0.05953704607086774,False,False
2025-03-31,2025Q1,3,2025Q4,growth_yoy,call,True,0.32156193130903343,-0.34586811134476037,accelerating,decelerating,0.0,0.32156193130903343,False,False
2025-03-31,2025Q1,3,2025Q4,growth_qoq,abstain,False,,-0.9560016017673645,no call,decelerating,,,False,False
2025-03-31,2025Q1,3,2025Q4,inflation_yoy,call,True,-0.21644037562387197,-0.1651323464324661,decelerating,decelerating,1.0,0.21644037562387197,False,False
2025-03-31,2025Q1,3,2025Q4,inflation_qoq,call,True,-0.0008737919691359508,-0.14038936550824221,decelerating,decelerating,1.0,0.0008737919691359508,False,False
2025-03-31,2025Q1,4,2026Q1,growth_yoy,call,True,0.07653386899353354,0.695443680627883,accelerating,accelerating,1.0,0.07653386899353354,False,False
2025-03-31,2025Q1,4,2026Q1,growth_qoq,abstain,False,,0.3979098815656279,no call,accelerating,,,False,False
2025-03-31,2025Q1,4,2026Q1,inflation_yoy,call,True,-0.37016556245013854,-0.03240701507541566,decelerating,decelerating,1.0,0.37016556245013854,False,False
2025-03-31,2025Q1,4,2026Q1,inflation_qoq,call,True,0.006349750666623244,0.25753170019378047,accelerating,accelerating,1.0,0.006349750666623244,False,False
2025-04-30,2025Q2,0,2025Q2,growth_yoy,call,True,0.049378349163098356,0.06119349487541115,accelerating,accelerating,1.0,0.049378349163098356,False,False
2025-04-30,2025Q2,0,2025Q2,growth_qoq,call,True,0.6226843259367649,1.1085161216577988,accelerating,accelerating,1.0,0.6226843259367649,False,False
2025-04-30,2025Q2,0,2025Q2,inflation_yoy,call,True,-0.3090816814090105,-0.2638120049769004,decelerating,decelerating,1.0,0.3090816814090105,False,False
2025-04-30,2025Q2,0,2025Q2,inflation_qoq,call,True,-0.5461185817027703,-0.5017605876683318,decelerating,decelerating,1.0,0.5461185817027703,False,False
2025-04-30,2025Q2,1,2025Q3,growth_yoy,call,True,-0.05108613060438305,0.25470126338165144,decelerating,accelerating,0.0,0.05108613060438305,False,False
2025-04-30,2025Q2,1,2025Q3,growth_qoq,lean,True,-0.9368308635525735,0.13034649595387027,decelerating,accelerating,0.0,0.9368308635525735,False,False
2025-04-30,2025Q2,1,2025Q3,inflation_yoy,call,True,0.24993723367794374,0.4402247254586453,accelerating,accelerating,1.0,0.24993723367794374,False,False
2025-04-30,2025Q2,1,2025Q3,inflation_qoq,call,True,0.2112578824281286,0.35328560169962664,accelerating,accelerating,1.0,0.2112578824281286,False,False
2025-04-30,2025Q2,2,2025Q4,growth_yoy,call,True,0.3193153504264634,-0.34586811134476037,accelerating,decelerating,0.0,0.3193153504264634,False,False
2025-04-30,2025Q2,2,2025Q4,growth_qoq,abstain,False,,-0.9560016017673645,no call,decelerating,,,False,False
2025-04-30,2025Q2,2,2025Q4,inflation_yoy,call,True,-0.19551035869872146,-0.1651323464324661,decelerating,decelerating,1.0,0.19551035869872146,False,False
2025-04-30,2025Q2,2,2025Q4,inflation_qoq,call,True,0.015924003559208977,-0.14038936550824221,accelerating,decelerating,0.0,0.015924003559208977,False,False
2025-04-30,2025Q2,3,2026Q1,growth_yoy,call,True,0.9602841012914975,0.695443680627883,accelerating,accelerating,1.0,0.9602841012914975,False,False
2025-04-30,2025Q2,3,2026Q1,growth_qoq,abstain,False,,0.3979098815656279,no call,accelerating,,,False,False
2025-04-30,2025Q2,3,2026Q1,inflation_yoy,call,True,-0.3149233633208848,-0.03240701507541566,decelerating,decelerating,1.0,0.3149233633208848,False,False
2025-04-30,2025Q2,3,2026Q1,inflation_qoq,call,True,0.009083362892936542,0.25753170019378047,accelerating,accelerating,1.0,0.009083362892936542,False,False
2025-04-30,2025Q2,4,2026Q2,growth_yoy,call,True,-0.1637470154290277,-0.5870717944099546,decelerating,decelerating,1.0,0.1637470154290277,False,False
2025-04-30,2025Q2,4,2026Q2,growth_qoq,abstain,False,,-0.14938578143057768,no call,decelerating,,,False,False
2025-04-30,2025Q2,4,2026Q2,inflation_yoy,call,True,0.25231752885210135,1.099409318262727,accelerating,accelerating,1.0,0.25231752885210135,False,False
2025-04-30,2025Q2,4,2026Q2,inflation_qoq,call,True,0.011624146771427313,0.6038621672189493,accelerating,accelerating,1.0,0.011624146771427313,False,False
2025-05-31,2025Q2,0,2025Q2,growth_yoy,call,True,0.07765365184495554,0.06119349487541115,accelerating,accelerating,1.0,0.07765365184495554,False,False
2025-05-31,2025Q2,0,2025Q2,growth_qoq,call,True,0.6226843259367649,1.1085161216577988,accelerating,accelerating,1.0,0.6226843259367649,False,False
2025-05-31,2025Q2,0,2025Q2,inflation_yoy,call,True,-0.24538139673340176,-0.2638120049769004,decelerating,decelerating,1.0,0.24538139673340176,False,False
2025-05-31,2025Q2,0,2025Q2,inflation_qoq,call,True,-0.48369205682226024,-0.5017605876683318,decelerating,decelerating,1.0,0.48369205682226024,False,False
2025-05-31,2025Q2,1,2025Q3,growth_yoy,call,True,-0.05110028260684185,0.25470126338165144,decelerating,accelerating,0.0,0.05110028260684185,False,False
2025-05-31,2025Q2,1,2025Q3,growth_qoq,lean,True,-0.9368308635525735,0.13034649595387027,decelerating,accelerating,0.0,0.9368308635525735,False,False
2025-05-31,2025Q2,1,2025Q3,inflation_yoy,call,True,0.2321381054916678,0.4402247254586453,accelerating,accelerating,1.0,0.2321381054916678,False,False
2025-05-31,2025Q2,1,2025Q3,inflation_qoq,call,True,0.1312464144459069,0.35328560169962664,accelerating,accelerating,1.0,0.1312464144459069,False,False
2025-05-31,2025Q2,2,2025Q4,growth_yoy,call,True,0.31940380793094025,-0.34586811134476037,accelerating,decelerating,0.0,0.31940380793094025,False,False
2025-05-31,2025Q2,2,2025Q4,growth_qoq,abstain,False,,-0.9560016017673645,no call,decelerating,,,False,False
2025-05-31,2025Q2,2,2025Q4,inflation_yoy,call,True,-0.20789073770785382,-0.1651323464324661,decelerating,decelerating,1.0,0.20789073770785382,False,False
2025-05-31,2025Q2,2,2025Q4,inflation_qoq,call,True,0.021444796073732952,-0.14038936550824221,accelerating,decelerating,0.0,0.021444796073732952,False,False
2025-05-31,2025Q2,3,2026Q1,growth_yoy,call,True,0.960550121497139,0.695443680627883,accelerating,accelerating,1.0,0.960550121497139,False,False
2025-05-31,2025Q2,3,2026Q1,growth_qoq,abstain,False,,0.3979098815656279,no call,accelerating,,,False,False
2025-05-31,2025Q2,3,2026Q1,inflation_yoy,call,True,-0.32478743552366574,-0.03240701507541566,decelerating,decelerating,1.0,0.32478743552366574,False,False
2025-05-31,2025Q2,3,2026Q1,inflation_qoq,call,True,0.011542739201186869,0.25753170019378047,accelerating,accelerating,1.0,0.011542739201186869,False,False
2025-05-31,2025Q2,4,2026Q2,growth_yoy,call,True,-0.1923626438185666,-0.5870717944099546,decelerating,decelerating,1.0,0.1923626438185666,False,False
2025-05-31,2025Q2,4,2026Q2,growth_qoq,abstain,False,,-0.14938578143057768,no call,decelerating,,,False,False
2025-05-31,2025Q2,4,2026Q2,inflation_yoy,call,True,0.1785334985810869,1.099409318262727,accelerating,accelerating,1.0,0.1785334985810869,False,False
2025-05-31,2025Q2,4,2026Q2,inflation_qoq,call,True,0.011235581771673608,0.6038621672189493,accelerating,accelerating,1.0,0.011235581771673608,False,False
2025-06-30,2025Q2,0,2025Q2,growth_yoy,call,True,-0.2646474214164751,0.06119349487541115,decelerating,accelerating,0.0,0.2646474214164751,False,False
2025-06-30,2025Q2,0,2025Q2,growth_qoq,call,True,0.6226843259367649,1.1085161216577988,accelerating,accelerating,1.0,0.6226843259367649,False,False
2025-06-30,2025Q2,0,2025Q2,inflation_yoy,call,True,-0.24085107196933153,-0.2638120049769004,decelerating,decelerating,1.0,0.24085107196933153,False,False
2025-06-30,2025Q2,0,2025Q2,inflation_qoq,call,True,-0.47926185596032234,-0.5017605876683318,decelerating,decelerating,1.0,0.47926185596032234,False,False
2025-06-30,2025Q2,1,2025Q3,growth_yoy,call,True,-0.05092895833536115,0.25470126338165144,decelerating,accelerating,0.0,0.05092895833536115,False,False
2025-06-30,2025Q2,1,2025Q3,growth_qoq,lean,True,-0.9368308635525735,0.13034649595387027,decelerating,accelerating,0.0,0.9368308635525735,False,False
2025-06-30,2025Q2,1,2025Q3,inflation_yoy,call,True,0.3675175435748761,0.4402247254586453,accelerating,accelerating,1.0,0.3675175435748761,False,False
2025-06-30,2025Q2,1,2025Q3,inflation_qoq,call,True,0.2593562715357489,0.35328560169962664,accelerating,accelerating,1.0,0.2593562715357489,False,False
2025-06-30,2025Q2,2,2025Q4,growth_yoy,call,True,0.3183329405715529,-0.34586811134476037,accelerating,decelerating,0.0,0.3183329405715529,False,False
2025-06-30,2025Q2,2,2025Q4,growth_qoq,abstain,False,,-0.9560016017673645,no call,decelerating,,,False,False
2025-06-30,2025Q2,2,2025Q4,inflation_yoy,call,True,-0.1985962431319428,-0.1651323464324661,decelerating,decelerating,1.0,0.1985962431319428,False,False
2025-06-30,2025Q2,2,2025Q4,inflation_qoq,call,True,-0.10170623104299725,-0.14038936550824221,decelerating,decelerating,1.0,0.10170623104299725,False,False
2025-06-30,2025Q2,3,2026Q1,growth_yoy,call,True,0.9573296784510354,0.695443680627883,accelerating,accelerating,1.0,0.9573296784510354,False,False
2025-06-30,2025Q2,3,2026Q1,growth_qoq,abstain,False,,0.3979098815656279,no call,accelerating,,,False,False
2025-06-30,2025Q2,3,2026Q1,inflation_yoy,call,True,-0.31326913794999367,-0.03240701507541566,decelerating,decelerating,1.0,0.31326913794999367,False,False
2025-06-30,2025Q2,3,2026Q1,inflation_qoq,call,True,0.01393771154361012,0.25753170019378047,accelerating,accelerating,1.0,0.01393771154361012,False,False
2025-06-30,2025Q2,4,2026Q2,growth_yoy,call,True,0.15405841557689648,-0.5870717944099546,accelerating,decelerating,0.0,0.15405841557689648,False,False
2025-06-30,2025Q2,4,2026Q2,growth_qoq,abstain,False,,-0.14938578143057768,no call,decelerating,,,False,False
2025-06-30,2025Q2,4,2026Q2,inflation_yoy,call,True,0.18606861532633667,1.099409318262727,accelerating,accelerating,1.0,0.18606861532633667,False,False
2025-06-30,2025Q2,4,2026Q2,inflation_qoq,call,True,0.010935081046681283,0.6038621672189493,accelerating,accelerating,1.0,0.010935081046681283,False,False
2025-07-31,2025Q3,0,2025Q3,growth_yoy,call,True,-0.40021710500275365,0.25470126338165144,decelerating,accelerating,0.0,0.40021710500275365,False,False
2025-07-31,2025Q3,0,2025Q3,growth_qoq,split,True,-0.06653994717315492,0.13034649595387027,decelerating,accelerating,0.0,0.06653994717315492,False,False
2025-07-31,2025Q3,0,2025Q3,inflation_yoy,call,True,0.2721473480980028,0.4402247254586453,accelerating,accelerating,1.0,0.2721473480980028,False,False
2025-07-31,2025Q3,0,2025Q3,inflation_qoq,call,True,0.18854529445797574,0.35328560169962664,accelerating,accelerating,1.0,0.18854529445797574,False,False
2025-07-31,2025Q3,1,2025Q4,growth_yoy,call,True,0.3182595506551644,-0.34586811134476037,accelerating,decelerating,0.0,0.3182595506551644,False,False
2025-07-31,2025Q3,1,2025Q4,growth_qoq,lean,True,0.17168525810522528,-0.9560016017673645,accelerating,decelerating,0.0,0.17168525810522528,False,False
2025-07-31,2025Q3,1,2025Q4,inflation_yoy,call,True,-0.19765568696914526,-0.1651323464324661,decelerating,decelerating,1.0,0.19765568696914526,False,False
2025-07-31,2025Q3,1,2025Q4,inflation_qoq,call,True,-0.007698941544864724,-0.14038936550824221,decelerating,decelerating,1.0,0.007698941544864724,False,False
2025-07-31,2025Q3,2,2026Q1,growth_yoy,call,True,0.9571089713355629,0.695443680627883,accelerating,accelerating,1.0,0.9571089713355629,False,False
2025-07-31,2025Q3,2,2026Q1,growth_qoq,abstain,False,,0.3979098815656279,no call,accelerating,,,False,False
2025-07-31,2025Q3,2,2026Q1,inflation_yoy,call,True,-0.3122785474460654,-0.03240701507541566,decelerating,decelerating,1.0,0.3122785474460654,False,False
2025-07-31,2025Q3,2,2026Q1,inflation_qoq,call,True,0.013862610081005755,0.25753170019378047,accelerating,accelerating,1.0,0.013862610081005755,False,False
2025-07-31,2025Q3,3,2026Q2,growth_yoy,call,True,-0.1751031431308725,-0.5870717944099546,decelerating,decelerating,1.0,0.1751031431308725,False,False
2025-07-31,2025Q3,3,2026Q2,growth_qoq,abstain,False,,-0.14938578143057768,no call,decelerating,,,False,False
2025-07-31,2025Q3,3,2026Q2,inflation_yoy,call,True,0.20908287654081548,1.099409318262727,accelerating,accelerating,1.0,0.20908287654081548,False,False
2025-07-31,2025Q3,3,2026Q2,inflation_qoq,call,True,0.010640484727786337,0.6038621672189493,accelerating,accelerating,1.0,0.010640484727786337,False,False
2025-07-31,2025Q3,4,2026Q3,inflation_yoy,call,True,0.013513068783373328,-0.4992743660192276,accelerating,decelerating,0.0,0.013513068783373328,False,False
2025-07-31,2025Q3,4,2026Q3,inflation_qoq,call,True,-0.0035414564984348473,-1.536100439266519,decelerating,decelerating,1.0,0.0035414564984348473,False,False
2025-08-31,2025Q3,0,2025Q3,growth_yoy,call,True,0.07656908059452405,0.25470126338165144,accelerating,accelerating,1.0,0.07656908059452405,False,False
2025-08-31,2025Q3,0,2025Q3,growth_qoq,split,True,-0.06653994717315492,0.13034649595387027,decelerating,accelerating,0.0,0.06653994717315492,False,False
2025-08-31,2025Q3,0,2025Q3,inflation_yoy,call,True,0.23922695006042982,0.4402247254586453,accelerating,accelerating,1.0,0.23922695006042982,False,False
2025-08-31,2025Q3,0,2025Q3,inflation_qoq,call,True,0.15624377505869536,0.35328560169962664,accelerating,accelerating,1.0,0.15624377505869536,False,False
2025-08-31,2025Q3,1,2025Q4,growth_yoy,call,True,0.3197518931511212,-0.34586811134476037,accelerating,decelerating,0.0,0.3197518931511212,False,False
2025-08-31,2025Q3,1,2025Q4,growth_qoq,lean,True,0.17168525810522528,-0.9560016017673645,accelerating,decelerating,0.0,0.17168525810522528,False,False
2025-08-31,2025Q3,1,2025Q4,inflation_yoy,call,True,-0.24452763978411607,-0.1651323464324661,decelerating,decelerating,1.0,0.24452763978411607,False,False
2025-08-31,2025Q3,1,2025Q4,inflation_qoq,call,True,-0.02139207914892971,-0.14038936550824221,decelerating,decelerating,1.0,0.02139207914892971,False,False
2025-08-31,2025Q3,2,2026Q1,growth_yoy,call,True,0.9615969258628176,0.695443680627883,accelerating,accelerating,1.0,0.9615969258628176,False,False
2025-08-31,2025Q3,2,2026Q1,growth_qoq,abstain,False,,0.3979098815656279,no call,accelerating,,,False,False
2025-08-31,2025Q3,2,2026Q1,inflation_yoy,call,True,-0.31186217339585687,-0.03240701507541566,decelerating,decelerating,1.0,0.31186217339585687,False,False
2025-08-31,2025Q3,2,2026Q1,inflation_qoq,call,True,0.060027653568406336,0.25753170019378047,accelerating,accelerating,1.0,0.060027653568406336,False,False
2025-08-31,2025Q3,3,2026Q2,growth_yoy,call,True,-0.1759242146780693,-0.5870717944099546,decelerating,decelerating,1.0,0.1759242146780693,False,False
2025-08-31,2025Q3,3,2026Q2,growth_qoq,abstain,False,,-0.14938578143057768,no call,decelerating,,,False,False
2025-08-31,2025Q3,3,2026Q2,inflation_yoy,call,True,0.20846638163736975,1.099409318262727,accelerating,accelerating,1.0,0.20846638163736975,False,False
2025-08-31,2025Q3,3,2026Q2,inflation_qoq,call,True,0.010023447014417819,0.6038621672189493,accelerating,accelerating,1.0,0.010023447014417819,False,False
2025-08-31,2025Q3,4,2026Q3,inflation_yoy,call,True,0.04028550018775334,-0.4992743660192276,accelerating,decelerating,0.0,0.04028550018775334,False,False
2025-08-31,2025Q3,4,2026Q3,inflation_qoq,call,True,-0.009040300357865405,-1.536100439266519,decelerating,decelerating,1.0,0.009040300357865405,False,False
2025-09-30,2025Q3,0,2025Q3,growth_yoy,call,True,-0.0541328509147343,0.25470126338165144,decelerating,accelerating,0.0,0.0541328509147343,False,False
2025-09-30,2025Q3,0,2025Q3,growth_qoq,split,True,-0.06653994717315492,0.13034649595387027,decelerating,accelerating,0.0,0.06653994717315492,False,False
2025-09-30,2025Q3,0,2025Q3,inflation_yoy,call,True,0.4007325743096737,0.4402247254586453,accelerating,accelerating,1.0,0.4007325743096737,False,False
2025-09-30,2025Q3,0,2025Q3,inflation_qoq,call,True,0.31453872175148945,0.35328560169962664,accelerating,accelerating,1.0,0.31453872175148945,False,False
2025-09-30,2025Q3,1,2025Q4,growth_yoy,call,True,0.31934279562986223,-0.34586811134476037,accelerating,decelerating,0.0,0.31934279562986223,False,False
2025-09-30,2025Q3,1,2025Q4,growth_qoq,lean,True,0.17168525810522528,-0.9560016017673645,accelerating,decelerating,0.0,0.17168525810522528,False,False
2025-09-30,2025Q3,1,2025Q4,inflation_yoy,call,True,-0.156719443835581,-0.1651323464324661,decelerating,decelerating,1.0,0.156719443835581,False,False
2025-09-30,2025Q3,1,2025Q4,inflation_qoq,call,True,-0.09341178523816218,-0.14038936550824221,decelerating,decelerating,1.0,0.09341178523816218,False,False
2025-09-30,2025Q3,2,2026Q1,growth_yoy,call,True,0.9603666378575015,0.695443680627883,accelerating,accelerating,1.0,0.9603666378575015,False,False
2025-09-30,2025Q3,2,2026Q1,growth_qoq,abstain,False,,0.3979098815656279,no call,accelerating,,,False,False
2025-09-30,2025Q3,2,2026Q1,inflation_yoy,call,True,-0.30096088994942694,-0.03240701507541566,decelerating,decelerating,1.0,0.30096088994942694,False,False
2025-09-30,2025Q3,2,2026Q1,inflation_qoq,call,True,-0.014795365001152305,0.25753170019378047,decelerating,accelerating,0.0,0.014795365001152305,False,False
2025-09-30,2025Q3,3,2026Q2,growth_yoy,call,True,-0.1756991334144642,-0.5870717944099546,decelerating,decelerating,1.0,0.1756991334144642,False,False
2025-09-30,2025Q3,3,2026Q2,growth_qoq,abstain,False,,-0.14938578143057768,no call,decelerating,,,False,False
2025-09-30,2025Q3,3,2026Q2,inflation_yoy,call,True,0.2214356510395068,1.099409318262727,accelerating,accelerating,1.0,0.2214356510395068,False,False
2025-09-30,2025Q3,3,2026Q2,inflation_qoq,call,True,0.010768821400786166,0.6038621672189493,accelerating,accelerating,1.0,0.010768821400786166,False,False
2025-09-30,2025Q3,4,2026Q3,inflation_yoy,call,True,-0.10881508590043021,-0.4992743660192276,decelerating,decelerating,1.0,0.10881508590043021,False,False
2025-09-30,2025Q3,4,2026Q3,inflation_qoq,call,True,-0.009506879124154821,-1.536100439266519,decelerating,decelerating,1.0,0.009506879124154821,False,False
2025-10-31,2025Q4,0,2025Q4,growth_yoy,call,True,0.1257454194514951,-0.34586811134476037,accelerating,decelerating,0.0,0.1257454194514951,False,False
2025-10-31,2025Q4,0,2025Q4,growth_qoq,call,True,-0.2341774072444026,-0.9560016017673645,decelerating,decelerating,1.0,0.2341774072444026,False,False
2025-10-31,2025Q4,0,2025Q4,inflation_yoy,call,True,-0.15890451058189958,-0.1651323464324661,decelerating,decelerating,1.0,0.15890451058189958,False,False
2025-10-31,2025Q4,0,2025Q4,inflation_qoq,call,True,-0.13434734509545354,-0.14038936550824221,decelerating,decelerating,1.0,0.13434734509545354,False,False
2025-10-31,2025Q4,1,2026Q1,growth_yoy,call,True,0.9614479685260857,0.695443680627883,accelerating,accelerating,1.0,0.9614479685260857,False,False
2025-10-31,2025Q4,1,2026Q1,growth_qoq,lean,True,0.30203175405909555,0.3979098815656279,accelerating,accelerating,1.0,0.30203175405909555,False,False
2025-10-31,2025Q4,1,2026Q1,inflation_yoy,call,True,-0.31745159988277516,-0.03240701507541566,decelerating,decelerating,1.0,0.31745159988277516,False,False
2025-10-31,2025Q4,1,2026Q1,inflation_qoq,call,True,-0.028665907142255698,0.25753170019378047,decelerating,accelerating,0.0,0.028665907142255698,False,False
2025-10-31,2025Q4,2,2026Q2,growth_yoy,call,True,-0.1758969629244822,-0.5870717944099546,decelerating,decelerating,1.0,0.1758969629244822,False,False
2025-10-31,2025Q4,2,2026Q2,growth_qoq,abstain,False,,-0.14938578143057768,no call,decelerating,,,False,False
2025-10-31,2025Q4,2,2026Q2,inflation_yoy,call,True,0.21359222204719863,1.099409318262727,accelerating,accelerating,1.0,0.21359222204719863,False,False
2025-10-31,2025Q4,2,2026Q2,inflation_qoq,call,True,0.019093612357368173,0.6038621672189493,accelerating,accelerating,1.0,0.019093612357368173,False,False
2025-10-31,2025Q4,3,2026Q3,inflation_yoy,call,True,-0.15685634403267068,-0.4992743660192276,decelerating,decelerating,1.0,0.15685634403267068,False,False
2025-10-31,2025Q4,3,2026Q3,inflation_qoq,call,True,-0.010352946745295633,-1.536100439266519,decelerating,decelerating,1.0,0.010352946745295633,False,False
2025-11-30,2025Q4,0,2025Q4,growth_yoy,call,True,0.00370168674925786,-0.34586811134476037,accelerating,decelerating,0.0,0.00370168674925786,False,False
2025-11-30,2025Q4,0,2025Q4,growth_qoq,call,True,-0.2341774072444026,-0.9560016017673645,decelerating,decelerating,1.0,0.2341774072444026,False,False
2025-11-30,2025Q4,0,2025Q4,inflation_yoy,call,True,-0.16383171688075437,-0.1651323464324661,decelerating,decelerating,1.0,0.16383171688075437,False,False
2025-11-30,2025Q4,0,2025Q4,inflation_qoq,call,True,-0.13917350944512297,-0.14038936550824221,decelerating,decelerating,1.0,0.13917350944512297,False,False
2025-11-30,2025Q4,1,2026Q1,growth_yoy,call,True,0.9603027640259221,0.695443680627883,accelerating,accelerating,1.0,0.9603027640259221,False,False
2025-11-30,2025Q4,1,2026Q1,growth_qoq,lean,True,0.30203175405909555,0.3979098815656279,accelerating,accelerating,1.0,0.30203175405909555,False,False
2025-11-30,2025Q4,1,2026Q1,inflation_yoy,call,True,-0.32290291933706117,-0.03240701507541566,decelerating,decelerating,1.0,0.32290291933706117,False,False
2025-11-30,2025Q4,1,2026Q1,inflation_qoq,call,True,-0.02921003846072523,0.25753170019378047,decelerating,accelerating,0.0,0.02921003846072523,False,False
2025-11-30,2025Q4,2,2026Q2,growth_yoy,call,True,-0.17568744769320688,-0.5870717944099546,decelerating,decelerating,1.0,0.17568744769320688,False,False
2025-11-30,2025Q4,2,2026Q2,growth_qoq,abstain,False,,-0.14938578143057768,no call,decelerating,,,False,False
2025-11-30,2025Q4,2,2026Q2,inflation_yoy,call,True,0.209110599541118,1.099409318262727,accelerating,accelerating,1.0,0.209110599541118,False,False
2025-11-30,2025Q4,2,2026Q2,inflation_qoq,call,True,0.020090407737538563,0.6038621672189493,accelerating,accelerating,1.0,0.020090407737538563,False,False
2025-11-30,2025Q4,3,2026Q3,inflation_yoy,call,True,-0.16218636532943842,-0.4992743660192276,decelerating,decelerating,1.0,0.16218636532943842,False,False
2025-11-30,2025Q4,3,2026Q3,inflation_qoq,call,True,-0.011237281234732777,-1.536100439266519,decelerating,decelerating,1.0,0.011237281234732777,False,False
2025-12-31,2025Q4,0,2025Q4,growth_yoy,call,True,0.0669297984959627,-0.34586811134476037,accelerating,decelerating,0.0,0.0669297984959627,False,False
2025-12-31,2025Q4,0,2025Q4,growth_qoq,call,True,-0.2341774072444026,-0.9560016017673645,decelerating,decelerating,1.0,0.2341774072444026,False,False
2025-12-31,2025Q4,0,2025Q4,inflation_yoy,call,True,-0.21473745333643768,-0.1651323464324661,decelerating,decelerating,1.0,0.21473745333643768,False,False
2025-12-31,2025Q4,0,2025Q4,inflation_qoq,call,True,-0.189130313651642,-0.14038936550824221,decelerating,decelerating,1.0,0.189130313651642,False,False
2025-12-31,2025Q4,1,2026Q1,growth_yoy,call,True,0.9608960687086388,0.695443680627883,accelerating,accelerating,1.0,0.9608960687086388,False,False
2025-12-31,2025Q4,1,2026Q1,growth_qoq,lean,True,0.30203175405909555,0.3979098815656279,accelerating,accelerating,1.0,0.30203175405909555,False,False
2025-12-31,2025Q4,1,2026Q1,inflation_yoy,call,True,-0.3948234492215925,-0.03240701507541566,decelerating,decelerating,1.0,0.3948234492215925,False,False
2025-12-31,2025Q4,1,2026Q1,inflation_qoq,call,True,-0.049993267275483255,0.25753170019378047,decelerating,accelerating,0.0,0.049993267275483255,False,False
2025-12-31,2025Q4,2,2026Q2,growth_yoy,call,True,-0.17579599282013803,-0.5870717944099546,decelerating,decelerating,1.0,0.17579599282013803,False,False
2025-12-31,2025Q4,2,2026Q2,growth_qoq,abstain,False,,-0.14938578143057768,no call,decelerating,,,False,False
2025-12-31,2025Q4,2,2026Q2,inflation_yoy,call,True,0.19911129852927534,1.099409318262727,accelerating,accelerating,1.0,0.19911129852927534,False,False
2025-12-31,2025Q4,2,2026Q2,inflation_qoq,call,True,0.0812607700810597,0.6038621672189493,accelerating,accelerating,1.0,0.0812607700810597,False,False
2025-12-31,2025Q4,3,2026Q3,inflation_yoy,call,True,-0.17003604823432683,-0.4992743660192276,decelerating,decelerating,1.0,0.17003604823432683,False,False
2025-12-31,2025Q4,3,2026Q3,inflation_qoq,call,True,-0.009593105637573096,-1.536100439266519,decelerating,decelerating,1.0,0.009593105637573096,False,False
2026-01-31,2026Q1,0,2026Q1,growth_yoy,call,True,0.8903603475217681,0.695443680627883,accelerating,accelerating,1.0,0.8903603475217681,False,False
2026-01-31,2026Q1,0,2026Q1,growth_qoq,call,True,0.3239217993087215,0.3979098815656279,accelerating,accelerating,1.0,0.3239217993087215,False,False
2026-01-31,2026Q1,0,2026Q1,inflation_yoy,call,True,-0.21501404681633396,-0.03240701507541566,decelerating,decelerating,1.0,0.21501404681633396,False,False
2026-01-31,2026Q1,0,2026Q1,inflation_qoq,call,True,0.07792637999810559,0.25753170019378047,accelerating,accelerating,1.0,0.07792637999810559,False,False
2026-01-31,2026Q1,1,2026Q2,growth_yoy,call,True,-0.17497395668768512,-0.5870717944099546,decelerating,decelerating,1.0,0.17497395668768512,False,False
2026-01-31,2026Q1,1,2026Q2,growth_qoq,lean,True,-0.6539698477082689,-0.14938578143057768,decelerating,decelerating,1.0,0.6539698477082689,False,False
2026-01-31,2026Q1,1,2026Q2,inflation_yoy,call,True,0.21337986845421453,1.099409318262727,accelerating,accelerating,1.0,0.21337986845421453,False,False
2026-01-31,2026Q1,1,2026Q2,inflation_qoq,call,True,-0.08187141030326917,0.6038621672189493,decelerating,accelerating,0.0,0.08187141030326917,False,False
2026-01-31,2026Q1,2,2026Q3,inflation_yoy,call,True,-0.16178466041372186,-0.4992743660192276,decelerating,decelerating,1.0,0.16178466041372186,False,False
2026-01-31,2026Q1,2,2026Q3,inflation_qoq,call,True,-0.014628490655188564,-1.536100439266519,decelerating,decelerating,1.0,0.014628490655188564,False,False
2026-02-28,2026Q1,0,2026Q1,growth_yoy,call,True,0.7702126506389018,0.695443680627883,accelerating,accelerating,1.0,0.7702126506389018,False,False
2026-02-28,2026Q1,0,2026Q1,growth_qoq,call,True,0.3239217993087215,0.3979098815656279,accelerating,accelerating,1.0,0.3239217993087215,False,False
2026-02-28,2026Q1,0,2026Q1,inflation_yoy,call,True,-0.22696521589992447,-0.03240701507541566,decelerating,decelerating,1.0,0.22696521589992447,False,False
2026-02-28,2026Q1,0,2026Q1,inflation_qoq,call,True,0.06623917718953098,0.25753170019378047,accelerating,accelerating,1.0,0.06623917718953098,False,False
2026-02-28,2026Q1,1,2026Q2,growth_yoy,call,True,-0.17476961388649404,-0.5870717944099546,decelerating,decelerating,1.0,0.17476961388649404,False,False
2026-02-28,2026Q1,1,2026Q2,growth_qoq,lean,True,-0.6539698477082689,-0.14938578143057768,decelerating,decelerating,1.0,0.6539698477082689,False,False
2026-02-28,2026Q1,1,2026Q2,inflation_yoy,call,True,0.26033002003880146,1.099409318262727,accelerating,accelerating,1.0,0.26033002003880146,False,False
2026-02-28,2026Q1,1,2026Q2,inflation_qoq,call,True,-0.024224954054141712,0.6038621672189493,decelerating,accelerating,0.0,0.024224954054141712,False,False
2026-02-28,2026Q1,2,2026Q3,inflation_yoy,call,True,-0.16673212260146153,-0.4992743660192276,decelerating,decelerating,1.0,0.16673212260146153,False,False
2026-02-28,2026Q1,2,2026Q3,inflation_qoq,call,True,-0.06538493572989523,-1.536100439266519,decelerating,decelerating,1.0,0.06538493572989523,False,False
2026-03-31,2026Q1,0,2026Q1,growth_yoy,call,True,1.0652836903383367,0.695443680627883,accelerating,accelerating,1.0,1.0652836903383367,False,False
2026-03-31,2026Q1,0,2026Q1,growth_qoq,call,True,0.3239217993087215,0.3979098815656279,accelerating,accelerating,1.0,0.3239217993087215,False,False
2026-03-31,2026Q1,0,2026Q1,inflation_yoy,call,True,-0.06518415802526256,-0.03240701507541566,decelerating,decelerating,1.0,0.06518415802526256,False,False
2026-03-31,2026Q1,0,2026Q1,inflation_qoq,call,True,0.22530521930204106,0.25753170019378047,accelerating,accelerating,1.0,0.22530521930204106,False,False
2026-03-31,2026Q1,1,2026Q2,growth_yoy,call,True,-0.17527145990072768,-0.5870717944099546,decelerating,decelerating,1.0,0.17527145990072768,False,False
2026-03-31,2026Q1,1,2026Q2,growth_qoq,lean,True,-0.6539698477082689,-0.14938578143057768,decelerating,decelerating,1.0,0.6539698477082689,False,False
2026-03-31,2026Q1,1,2026Q2,inflation_yoy,call,True,0.8660329637713087,1.099409318262727,accelerating,accelerating,1.0,0.8660329637713087,False,False
2026-03-31,2026Q1,1,2026Q2,inflation_qoq,call,True,0.4085180124532739,0.6038621672189493,accelerating,accelerating,1.0,0.4085180124532739,False,False
2026-03-31,2026Q1,2,2026Q3,inflation_yoy,call,True,-0.1614666372673632,-0.4992743660192276,decelerating,decelerating,1.0,0.1614666372673632,False,False
2026-03-31,2026Q1,2,2026Q3,inflation_qoq,call,True,-0.6508569488428373,-1.536100439266519,decelerating,decelerating,1.0,0.6508569488428373,False,False
2026-04-30,2026Q2,0,2026Q2,growth_yoy,call,True,0.0454704981348808,-0.5870717944099546,accelerating,decelerating,0.0,0.0454704981348808,False,False
2026-04-30,2026Q2,0,2026Q2,growth_qoq,call,True,0.3410590284645684,-0.14938578143057768,accelerating,decelerating,0.0,0.3410590284645684,False,False
2026-04-30,2026Q2,0,2026Q2,inflation_yoy,call,True,0.9161125751387722,1.099409318262727,accelerating,accelerating,1.0,0.9161125751387722,False,False
2026-04-30,2026Q2,0,2026Q2,inflation_qoq,call,True,0.42498316056358565,0.6038621672189493,accelerating,accelerating,1.0,0.42498316056358565,False,False
2026-04-30,2026Q2,1,2026Q3,inflation_yoy,call,True,-0.15632380732003215,-0.4992743660192276,decelerating,decelerating,1.0,0.15632380732003215,False,False
2026-04-30,2026Q2,1,2026Q3,inflation_qoq,call,True,-0.6944690693491351,-1.536100439266519,decelerating,decelerating,1.0,0.6944690693491351,False,False
2026-05-31,2026Q2,0,2026Q2,growth_yoy,call,True,0.2007223975447392,-0.5870717944099546,accelerating,decelerating,0.0,0.2007223975447392,False,False
2026-05-31,2026Q2,0,2026Q2,growth_qoq,call,True,0.3410590284645684,-0.14938578143057768,accelerating,decelerating,0.0,0.3410590284645684,False,False
2026-05-31,2026Q2,0,2026Q2,inflation_yoy,call,True,1.1618512406683954,1.099409318262727,accelerating,accelerating,1.0,1.1618512406683954,False,False
2026-05-31,2026Q2,0,2026Q2,inflation_qoq,call,True,0.6652313607149463,0.6038621672189493,accelerating,accelerating,1.0,0.6652313607149463,False,False
2026-05-31,2026Q2,1,2026Q3,inflation_yoy,call,True,-0.13912900630207092,-0.4992743660192276,decelerating,decelerating,1.0,0.13912900630207092,False,False
2026-05-31,2026Q2,1,2026Q3,inflation_qoq,call,True,-0.9176595741707816,-1.536100439266519,decelerating,decelerating,1.0,0.9176595741707816,False,False
2026-06-30,2026Q2,0,2026Q2,growth_yoy,call,True,0.07628383693378815,-0.5870717944099546,accelerating,decelerating,0.0,0.07628383693378815,False,False
2026-06-30,2026Q2,0,2026Q2,growth_qoq,call,True,0.3410590284645684,-0.14938578143057768,accelerating,decelerating,0.0,0.3410590284645684,False,False
2026-06-30,2026Q2,0,2026Q2,inflation_yoy,call,True,1.1883807837381228,1.099409318262727,accelerating,accelerating,1.0,1.1883807837381228,False,False
2026-06-30,2026Q2,0,2026Q2,inflation_qoq,call,True,0.691022642110517,0.6038621672189493,accelerating,accelerating,1.0,0.691022642110517,False,False
2026-06-30,2026Q2,1,2026Q3,inflation_yoy,call,True,-0.49486230548285715,-0.4992743660192276,decelerating,decelerating,1.0,0.49486230548285715,False,False
2026-06-30,2026Q2,1,2026Q3,inflation_qoq,call,True,-1.2883012615298117,-1.536100439266519,decelerating,decelerating,1.0,1.2883012615298117,False,False
2026-07-31,2026Q3,0,2026Q3,inflation_yoy,call,True,-0.6331157576698963,-0.4992743660192276,decelerating,decelerating,1.0,0.6331157576698963,False,False
2026-07-31,2026Q3,0,2026Q3,inflation_qoq,call,True,-1.3356271370482897,-1.536100439266519,decelerating,decelerating,1.0,1.3356271370482897,False,False
